ISO-10303-21;
HEADER;
FILE_DESCRIPTION (( 'STEP AP203' ),
    '1' );
FILE_NAME ('Part23^Assem6new.STEP',
    '2026-06-20T12:37:28',
    ( '' ),
    ( '' ),
    'SwSTEP 2.0',
    'SolidWorks 2024',
    '' );
FILE_SCHEMA (( 'CONFIG_CONTROL_DESIGN' ));
ENDSEC;

DATA;
#1 = VERTEX_POINT ( 'NONE', #1471 ) ;
#2 = DIRECTION ( 'NONE',  ( -0.000000000000000000, -0.000000000000000000, -1.000000000000000000 ) ) ;
#3 = ADVANCED_FACE ( 'NONE', ( #918 ), #1338, .F. ) ;
#4 = LINE ( 'NONE', #1588, #1710 ) ;
#5 = EDGE_CURVE ( 'NONE', #770, #22, #1137, .T. ) ;
#6 = SHAPE_DEFINITION_REPRESENTATION ( #670, #1078 ) ;
#7 = CARTESIAN_POINT ( 'NONE',  ( 22.04233843770124324, 141.9714728336169003, 0.000000000000000000 ) ) ;
#8 = ORIENTED_EDGE ( 'NONE', *, *, #1031, .F. ) ;
#9 = DIRECTION ( 'NONE',  ( 0.000000000000000000, 0.000000000000000000, 1.000000000000000000 ) ) ;
#10 = EDGE_CURVE ( 'NONE', #1523, #1325, #392, .T. ) ;
#11 = ORIENTED_EDGE ( 'NONE', *, *, #1047, .F. ) ;
#12 = AXIS2_PLACEMENT_3D ( 'NONE', #1496, #1046, #31 ) ;
#13 = DIRECTION ( 'NONE',  ( -0.000000000000000000, -0.000000000000000000, -1.000000000000000000 ) ) ;
#14 = AXIS2_PLACEMENT_3D ( 'NONE', #1778, #338, #622 ) ;
#15 = PERSON_AND_ORGANIZATION_ROLE ( 'creator' ) ;
#16 = CARTESIAN_POINT ( 'NONE',  ( 22.04233843770123968, 47.63946686589362400, 3.000000000000000000 ) ) ;
#17 = ORIENTED_EDGE ( 'NONE', *, *, #793, .T. ) ;
#18 = ORIENTED_EDGE ( 'NONE', *, *, #1096, .F. ) ;
#19 = CARTESIAN_POINT ( 'NONE',  ( 27.96159094805947376, 159.4714728336168719, 3.000000000000000000 ) ) ;
#20 = AXIS2_PLACEMENT_3D ( 'NONE', #680, #1250, #1231 ) ;
#21 = FACE_OUTER_BOUND ( 'NONE', #836, .T. ) ;
#22 = VERTEX_POINT ( 'NONE', #1348 ) ;
#23 = EDGE_CURVE ( 'NONE', #1532, #618, #447, .T. ) ;
#24 = CARTESIAN_POINT ( 'NONE',  ( -2.707661250040972245, 1.139466865893621117, 3.000000000000000000 ) ) ;
#25 = ORIENTED_EDGE ( 'NONE', *, *, #432, .T. ) ;
#26 = CYLINDRICAL_SURFACE ( 'NONE', #156, 1.500000000000001332 ) ;
#27 = ORIENTED_EDGE ( 'NONE', *, *, #220, .F. ) ;
#28 = CARTESIAN_POINT ( 'NONE',  ( 20.54233843770123968, 52.63946686589362400, 0.000000000000000000 ) ) ;
#29 = DIRECTION ( 'NONE',  ( 1.000000000000000000, 0.000000000000000000, 0.000000000000000000 ) ) ;
#30 = ORIENTED_EDGE ( 'NONE', *, *, #1527, .F. ) ;
#31 = DIRECTION ( 'NONE',  ( 1.000000000000000000, 0.000000000000000000, 0.000000000000000000 ) ) ;
#32 = FACE_OUTER_BOUND ( 'NONE', #490, .T. ) ;
#33 = ORIENTED_EDGE ( 'NONE', *, *, #739, .F. ) ;
#34 = DIRECTION ( 'NONE',  ( 0.000000000000000000, 0.000000000000000000, 1.000000000000000000 ) ) ;
#35 = ORIENTED_EDGE ( 'NONE', *, *, #1527, .T. ) ;
#36 = CARTESIAN_POINT ( 'NONE',  ( 21.46159094805939205, 1.139466865893621117, 0.000000000000000000 ) ) ;
#37 = AXIS2_PLACEMENT_3D ( 'NONE', #524, #800, #371 ) ;
#38 = DIRECTION ( 'NONE',  ( 0.000000000000000000, 0.000000000000000000, 1.000000000000000000 ) ) ;
#39 = AXIS2_PLACEMENT_3D ( 'NONE', #1575, #1275, #1283 ) ;
#40 = ORIENTED_EDGE ( 'NONE', *, *, #690, .T. ) ;
#41 = CARTESIAN_POINT ( 'NONE',  ( -4.207661250040972689, 1.139466865893621117, 3.000000000000000000 ) ) ;
#42 = PERSON_AND_ORGANIZATION ( #1142, #1700 ) ;
#43 = VECTOR ( 'NONE', #758, 1000.000000000000000 ) ;
#44 = DIRECTION ( 'NONE',  ( 1.000000000000000000, 0.000000000000000000, 0.000000000000000000 ) ) ;
#45 = AXIS2_PLACEMENT_3D ( 'NONE', #499, #968, #1214 ) ;
#46 = EDGE_LOOP ( 'NONE', ( #820, #974, #11, #1218 ) ) ;
#47 = ORIENTED_EDGE ( 'NONE', *, *, #342, .F. ) ;
#48 = EDGE_CURVE ( 'NONE', #1093, #61, #1020, .T. ) ;
#49 = DIRECTION ( 'NONE',  ( -1.000000000000000000, 0.000000000000000000, 0.000000000000000000 ) ) ;
#50 = EDGE_LOOP ( 'NONE', ( #652, #946, #138, #419 ) ) ;
#51 = DIRECTION ( 'NONE',  ( -1.000000000000000000, 0.000000000000000000, 0.000000000000000000 ) ) ;
#52 = FACE_OUTER_BOUND ( 'NONE', #339, .T. ) ;
#53 = AXIS2_PLACEMENT_3D ( 'NONE', #1577, #859, #799 ) ;
#54 = EDGE_LOOP ( 'NONE', ( #742, #1725, #1669, #936 ) ) ;
#55 = DIRECTION ( 'NONE',  ( 0.000000000000000000, 0.000000000000000000, 1.000000000000000000 ) ) ;
#56 = EDGE_CURVE ( 'NONE', #218, #451, #1167, .T. ) ;
#57 = CARTESIAN_POINT ( 'NONE',  ( 22.96159094805947021, -5.528527166383107705, 0.000000000000000000 ) ) ;
#58 = EDGE_LOOP ( 'NONE', ( #1050, #1432 ) ) ;
#59 = VERTEX_POINT ( 'NONE', #1785 ) ;
#60 = DIRECTION ( 'NONE',  ( 1.000000000000000000, 0.000000000000000000, 0.000000000000000000 ) ) ;
#61 = VERTEX_POINT ( 'NONE', #314 ) ;
#62 = CARTESIAN_POINT ( 'NONE',  ( 0.6397104059245213303, 47.63946686589362400, 0.000000000000000000 ) ) ;
#63 = DIRECTION ( 'NONE',  ( -1.000000000000000000, 0.000000000000000000, 0.000000000000000000 ) ) ;
#64 = VERTEX_POINT ( 'NONE', #36 ) ;
#65 = EDGE_CURVE ( 'NONE', #618, #1532, #1049, .T. ) ;
#66 = DIRECTION ( 'NONE',  ( -0.000000000000000000, -0.000000000000000000, -1.000000000000000000 ) ) ;
#67 = EDGE_CURVE ( 'NONE', #1304, #1019, #787, .T. ) ;
#68 = DIRECTION ( 'NONE',  ( -0.000000000000000000, -0.000000000000000000, 1.000000000000000000 ) ) ;
#69 = LINE ( 'NONE', #1326, #679 ) ;
#70 = VERTEX_POINT ( 'NONE', #1202 ) ;
#71 = DIRECTION ( 'NONE',  ( -0.000000000000000000, -0.000000000000000000, 1.000000000000000000 ) ) ;
#72 = DIRECTION ( 'NONE',  ( -1.000000000000000000, 0.000000000000000000, 0.000000000000000000 ) ) ;
#73 = AXIS2_PLACEMENT_3D ( 'NONE', #1222, #1651, #63 ) ;
#74 = ORIENTED_EDGE ( 'NONE', *, *, #1323, .F. ) ;
#75 = DIRECTION ( 'NONE',  ( 1.000000000000000000, 0.000000000000000000, 0.000000000000000000 ) ) ;
#76 = CIRCLE ( 'NONE', #288, 1.499999999999997780 ) ;
#77 = EDGE_CURVE ( 'NONE', #1045, #64, #1213, .T. ) ;
#78 = DIRECTION ( 'NONE',  ( 0.000000000000000000, 0.000000000000000000, 1.000000000000000000 ) ) ;
#79 = LINE ( 'NONE', #806, #1433 ) ;
#80 = ORIENTED_EDGE ( 'NONE', *, *, #850, .T. ) ;
#81 = ORIENTED_EDGE ( 'NONE', *, *, #1689, .F. ) ;
#82 = CIRCLE ( 'NONE', #317, 1.499999999999999112 ) ;
#83 = DATE_AND_TIME ( #1285, #185 ) ;
#84 = ORIENTED_EDGE ( 'NONE', *, *, #1232, .T. ) ;
#85 = CARTESIAN_POINT ( 'NONE',  ( -0.8602895940754800019, 47.63946686589362400, 3.000000000000000000 ) ) ;
#86 = CYLINDRICAL_SURFACE ( 'NONE', #37, 1.500000000000001332 ) ;
#87 = VERTEX_POINT ( 'NONE', #1054 ) ;
#88 = DIRECTION ( 'NONE',  ( 1.000000000000000000, 0.000000000000000000, 0.000000000000000000 ) ) ;
#89 = CARTESIAN_POINT ( 'NONE',  ( 14.48268558197597855, -5.528527166383110369, -9.000000000000001776 ) ) ;
#90 = EDGE_LOOP ( 'NONE', ( #226, #254, #542, #997 ) ) ;
#91 = AXIS2_PLACEMENT_3D ( 'NONE', #163, #155, #309 ) ;
#92 = VECTOR ( 'NONE', #1237, 1000.000000000000000 ) ;
#93 = CARTESIAN_POINT ( 'NONE',  ( 0.000000000000000000, 0.000000000000000000, 0.000000000000000000 ) ) ;
#94 = ORIENTED_EDGE ( 'NONE', *, *, #1745, .F. ) ;
#95 = DIRECTION ( 'NONE',  ( -0.000000000000000000, -0.000000000000000000, -1.000000000000000000 ) ) ;
#96 = EDGE_CURVE ( 'NONE', #282, #1045, #607, .T. ) ;
#97 = CARTESIAN_POINT ( 'NONE',  ( -7.889376453025086278, -5.528527166383110369, 3.000000000000000000 ) ) ;
#98 = EDGE_LOOP ( 'NONE', ( #1652, #416, #1619, #863 ) ) ;
#99 = AXIS2_PLACEMENT_3D ( 'NONE', #1818, #1294, #586 ) ;
#100 = DIRECTION ( 'NONE',  ( 0.000000000000000000, 0.000000000000000000, 1.000000000000000000 ) ) ;
#101 = DIRECTION ( 'NONE',  ( -0.000000000000000000, -0.000000000000000000, -1.000000000000000000 ) ) ;
#102 = DIRECTION ( 'NONE',  ( 1.000000000000000000, 0.000000000000000000, 0.000000000000000000 ) ) ;
#103 = EDGE_CURVE ( 'NONE', #1380, #861, #777, .T. ) ;
#104 = EDGE_LOOP ( 'NONE', ( #772, #1065 ) ) ;
#105 = DIRECTION ( 'NONE',  ( -1.000000000000000000, 0.000000000000000000, 0.000000000000000000 ) ) ;
#106 = DIRECTION ( 'NONE',  ( 0.000000000000000000, 0.000000000000000000, 1.000000000000000000 ) ) ;
#107 = ORIENTED_EDGE ( 'NONE', *, *, #343, .F. ) ;
#108 = DIRECTION ( 'NONE',  ( 0.000000000000000000, 0.000000000000000000, 1.000000000000000000 ) ) ;
#109 = AXIS2_PLACEMENT_3D ( 'NONE', #1561, #975, #1855 ) ;
#110 = DIRECTION ( 'NONE',  ( -0.000000000000000000, -0.000000000000000000, -1.000000000000000000 ) ) ;
#111 = ORIENTED_EDGE ( 'NONE', *, *, #103, .T. ) ;
#112 = CC_DESIGN_PERSON_AND_ORGANIZATION_ASSIGNMENT ( #42, #1759, ( #1878 ) ) ;
#113 = EDGE_LOOP ( 'NONE', ( #485, #27 ) ) ;
#114 = CIRCLE ( 'NONE', #961, 1.499999999999999556 ) ;
#115 = CARTESIAN_POINT ( 'NONE',  ( 0.6397104059245213303, 121.9714728336169003, 0.000000000000000000 ) ) ;
#116 = AXIS2_PLACEMENT_3D ( 'NONE', #1299, #1484, #189 ) ;
#117 = CARTESIAN_POINT ( 'NONE',  ( -2.889376453025081837, 164.4714728336169003, 3.000000000000000000 ) ) ;
#118 = LINE ( 'NONE', #692, #826 ) ;
#119 = EDGE_CURVE ( 'NONE', #813, #848, #1043, .T. ) ;
#120 = FACE_OUTER_BOUND ( 'NONE', #1220, .T. ) ;
#121 = AXIS2_PLACEMENT_3D ( 'NONE', #1295, #1877, #587 ) ;
#122 = VERTEX_POINT ( 'NONE', #928 ) ;
#123 = CARTESIAN_POINT ( 'NONE',  ( 22.96159094805939205, 1.139466865893621117, 3.000000000000000000 ) ) ;
#124 = CARTESIAN_POINT ( 'NONE',  ( 27.96159094805947376, 164.4714728336168719, 3.000000000000000000 ) ) ;
#125 = VERTEX_POINT ( 'NONE', #19 ) ;
#126 = CARTESIAN_POINT ( 'NONE',  ( 20.54233843770124679, 136.9714728336169003, 3.000000000000000000 ) ) ;
#127 = ADVANCED_FACE ( 'NONE', ( #629 ), #337, .F. ) ;
#128 = ADVANCED_FACE ( 'NONE', ( #1073 ), #325, .F. ) ;
#129 = ORIENTED_EDGE ( 'NONE', *, *, #1016, .T. ) ;
#130 = LINE ( 'NONE', #124, #385 ) ;
#131 = APPLICATION_CONTEXT ( 'configuration controlled 3d designs of mechanical parts and assemblies' ) ;
#132 = VERTEX_POINT ( 'NONE', #28 ) ;
#133 = CARTESIAN_POINT ( 'NONE',  ( 0.6923387499589819249, 52.63946686589362400, 0.000000000000000000 ) ) ;
#134 = DIRECTION ( 'NONE',  ( -0.000000000000000000, -0.000000000000000000, -1.000000000000000000 ) ) ;
#135 = VECTOR ( 'NONE', #110, 1000.000000000000000 ) ;
#136 = DIRECTION ( 'NONE',  ( -0.000000000000000000, -0.000000000000000000, -1.000000000000000000 ) ) ;
#137 = VECTOR ( 'NONE', #1133, 1000.000000000000000 ) ;
#138 = ORIENTED_EDGE ( 'NONE', *, *, #458, .F. ) ;
#139 = VECTOR ( 'NONE', #729, 1000.000000000000000 ) ;
#140 = DIRECTION ( 'NONE',  ( -1.000000000000000000, 0.000000000000000000, 0.000000000000000000 ) ) ;
#141 = EDGE_LOOP ( 'NONE', ( #1684, #934, #623, #1452 ) ) ;
#142 = ORIENTED_EDGE ( 'NONE', *, *, #1491, .F. ) ;
#143 = DIRECTION ( 'NONE',  ( -1.000000000000000000, 0.000000000000000000, 0.000000000000000000 ) ) ;
#144 = PLANE ( 'NONE',  #1206 ) ;
#145 = CARTESIAN_POINT ( 'NONE',  ( 0.6923387499589792604, 141.9714728336169003, 0.000000000000000000 ) ) ;
#146 = ORIENTED_EDGE ( 'NONE', *, *, #879, .F. ) ;
#147 = VECTOR ( 'NONE', #468, 1000.000000000000000 ) ;
#148 = CIRCLE ( 'NONE', #608, 1.500000000000001332 ) ;
#149 = EDGE_CURVE ( 'NONE', #828, #414, #177, .T. ) ;
#150 = ADVANCED_FACE ( 'NONE', ( #1483 ), #1369, .F. ) ;
#151 = FACE_OUTER_BOUND ( 'NONE', #1480, .T. ) ;
#152 = ORIENTED_EDGE ( 'NONE', *, *, #605, .T. ) ;
#153 = CARTESIAN_POINT ( 'NONE',  ( 23.54233843770124324, 52.63946686589362400, 3.000000000000000000 ) ) ;
#154 = PERSON_AND_ORGANIZATION_ROLE ( 'classification_officer' ) ;
#155 = DIRECTION ( 'NONE',  ( 0.000000000000000000, 0.000000000000000000, 1.000000000000000000 ) ) ;
#156 = AXIS2_PLACEMENT_3D ( 'NONE', #1200, #1082, #619 ) ;
#157 = ORIENTED_EDGE ( 'NONE', *, *, #1745, .T. ) ;
#158 = EDGE_CURVE ( 'NONE', #451, #218, #1229, .T. ) ;
#159 = DIRECTION ( 'NONE',  ( 0.000000000000000000, 0.000000000000000000, 1.000000000000000000 ) ) ;
#160 = ORIENTED_EDGE ( 'NONE', *, *, #762, .F. ) ;
#161 = DIRECTION ( 'NONE',  ( 0.000000000000000000, 0.000000000000000000, -1.000000000000000000 ) ) ;
#162 = DATE_AND_TIME ( #1029, #1876 ) ;
#163 = CARTESIAN_POINT ( 'NONE',  ( 22.04233843770124324, 156.9714728336169003, 0.000000000000000000 ) ) ;
#164 = ORIENTED_EDGE ( 'NONE', *, *, #367, .T. ) ;
#165 = ORIENTED_EDGE ( 'NONE', *, *, #10, .F. ) ;
#166 = DIRECTION ( 'NONE',  ( 0.000000000000000000, 0.000000000000000000, 1.000000000000000000 ) ) ;
#167 = EDGE_CURVE ( 'NONE', #681, #751, #241, .T. ) ;
#168 = CARTESIAN_POINT ( 'NONE',  ( 27.96159094805947376, -5.528527166383106817, 3.000000000000000000 ) ) ;
#169 = ORIENTED_EDGE ( 'NONE', *, *, #484, .F. ) ;
#170 = CIRCLE ( 'NONE', #1041, 1.500000000000001332 ) ;
#171 = DIRECTION ( 'NONE',  ( 1.000000000000000000, 0.000000000000000000, 0.000000000000000000 ) ) ;
#172 = APPROVAL_ROLE ( '' ) ;
#173 = EDGE_CURVE ( 'NONE', #1456, #64, #1690, .T. ) ;
#174 = CARTESIAN_POINT ( 'NONE',  ( -0.8602895940754756721, 151.9714728336169003, 0.000000000000000000 ) ) ;
#175 = VERTEX_POINT ( 'NONE', #543 ) ;
#176 = ORIENTED_EDGE ( 'NONE', *, *, #1829, .T. ) ;
#177 = LINE ( 'NONE', #755, #640 ) ;
#178 = DIRECTION ( 'NONE',  ( 0.000000000000000000, 0.000000000000000000, 1.000000000000000000 ) ) ;
#179 = AXIS2_PLACEMENT_3D ( 'NONE', #1590, #1753, #735 ) ;
#180 = ORIENTED_EDGE ( 'NONE', *, *, #1864, .F. ) ;
#181 = PERSON_AND_ORGANIZATION ( #1142, #1700 ) ;
#182 = CYLINDRICAL_SURFACE ( 'NONE', #1512, 1.500000000000000444 ) ;
#183 = EDGE_CURVE ( 'NONE', #761, #813, #576, .T. ) ;
#184 = ORIENTED_EDGE ( 'NONE', *, *, #1650, .F. ) ;
#185 = LOCAL_TIME ( 18, 7, 28.00000000000000000, #1691 ) ;
#186 = FACE_BOUND ( 'NONE', #1463, .T. ) ;
#187 = ORIENTED_EDGE ( 'NONE', *, *, #1863, .T. ) ;
#188 = CARTESIAN_POINT ( 'NONE',  ( 0.6923387499589792604, 141.9714728336169003, 3.000000000000000000 ) ) ;
#189 = DIRECTION ( 'NONE',  ( -1.000000000000000000, 0.000000000000000000, 0.000000000000000000 ) ) ;
#190 = VERTEX_POINT ( 'NONE', #1392 ) ;
#191 = DIRECTION ( 'NONE',  ( -1.000000000000000000, 0.000000000000000000, 0.000000000000000000 ) ) ;
#192 = DATE_TIME_ROLE ( 'creation_date' ) ;
#193 = CYLINDRICAL_SURFACE ( 'NONE', #549, 1.499999999999997780 ) ;
#194 = ADVANCED_FACE ( 'NONE', ( #1430 ), #810, .F. ) ;
#195 = VERTEX_POINT ( 'NONE', #1820 ) ;
#196 = DIRECTION ( 'NONE',  ( -0.000000000000000000, -0.000000000000000000, -1.000000000000000000 ) ) ;
#197 = VERTEX_POINT ( 'NONE', #1401 ) ;
#198 = DIRECTION ( 'NONE',  ( 0.000000000000000000, 0.000000000000000000, 1.000000000000000000 ) ) ;
#199 = AXIS2_PLACEMENT_3D ( 'NONE', #971, #1551, #253 ) ;
#200 = CARTESIAN_POINT ( 'NONE',  ( 22.96159094805939205, 1.139466865893621117, 0.000000000000000000 ) ) ;
#201 = AXIS2_PLACEMENT_3D ( 'NONE', #1514, #34, #1191 ) ;
#202 = ORIENTED_EDGE ( 'NONE', *, *, #705, .T. ) ;
#203 = DIRECTION ( 'NONE',  ( 1.000000000000000000, 0.000000000000000000, 0.000000000000000000 ) ) ;
#204 = AXIS2_PLACEMENT_3D ( 'NONE', #431, #838, #1130 ) ;
#205 = DIRECTION ( 'NONE',  ( -0.000000000000000000, -0.000000000000000000, -1.000000000000000000 ) ) ;
#206 = VERTEX_POINT ( 'NONE', #85 ) ;
#207 = CARTESIAN_POINT ( 'NONE',  ( -0.8076612500410043083, 126.9714728336169003, 0.000000000000000000 ) ) ;
#208 = ORIENTED_EDGE ( 'NONE', *, *, #406, .T. ) ;
#209 = PLANE ( 'NONE',  #1860 ) ;
#210 = EDGE_CURVE ( 'NONE', #1403, #306, #1319, .T. ) ;
#211 = EDGE_CURVE ( 'NONE', #1337, #728, #248, .T. ) ;
#212 = VERTEX_POINT ( 'NONE', #1682 ) ;
#213 = CARTESIAN_POINT ( 'NONE',  ( 0.6923387499589949146, 126.9714728336169003, 0.000000000000000000 ) ) ;
#214 = CYLINDRICAL_SURFACE ( 'NONE', #579, 1.499999999999997780 ) ;
#215 = CARTESIAN_POINT ( 'NONE',  ( 2.139710405924525105, 136.9714728336169003, 0.000000000000000000 ) ) ;
#216 = ORIENTED_EDGE ( 'NONE', *, *, #210, .F. ) ;
#217 = CARTESIAN_POINT ( 'NONE',  ( 2.139710405924521108, 121.9714728336169003, 3.000000000000000000 ) ) ;
#218 = VERTEX_POINT ( 'NONE', #718 ) ;
#219 = CARTESIAN_POINT ( 'NONE',  ( 23.54233843770124324, 141.9714728336169003, 0.000000000000000000 ) ) ;
#220 = EDGE_CURVE ( 'NONE', #1605, #59, #1569, .T. ) ;
#221 = FACE_OUTER_BOUND ( 'NONE', #1230, .T. ) ;
#222 = DIRECTION ( 'NONE',  ( 0.000000000000000000, 0.000000000000000000, 1.000000000000000000 ) ) ;
#223 = CARTESIAN_POINT ( 'NONE',  ( 22.04233843770125034, 126.9714728336169003, 3.000000000000000000 ) ) ;
#224 = DIRECTION ( 'NONE',  ( 0.000000000000000000, -1.000000000000000000, 0.000000000000000000 ) ) ;
#225 = CARTESIAN_POINT ( 'NONE',  ( 2.192338749958983257, 52.63946686589362400, 3.000000000000000000 ) ) ;
#226 = ORIENTED_EDGE ( 'NONE', *, *, #1553, .T. ) ;
#227 = CARTESIAN_POINT ( 'NONE',  ( -0.8076612500410207396, 141.9714728336169003, 3.000000000000000000 ) ) ;
#228 = LINE ( 'NONE', #1095, #1564 ) ;
#229 = CIRCLE ( 'NONE', #1278, 1.500000000000000000 ) ;
#230 = ORIENTED_EDGE ( 'NONE', *, *, #982, .T. ) ;
#231 = CIRCLE ( 'NONE', #1434, 1.499999999999997780 ) ;
#232 = DIRECTION ( 'NONE',  ( 1.000000000000000000, 0.000000000000000000, 0.000000000000000000 ) ) ;
#233 = CARTESIAN_POINT ( 'NONE',  ( 1.706511640677173647, -0.000000000000000000, 0.000000000000000000 ) ) ;
#234 = EDGE_CURVE ( 'NONE', #366, #125, #523, .T. ) ;
#235 = ORIENTED_EDGE ( 'NONE', *, *, #1777, .F. ) ;
#236 = AXIS2_PLACEMENT_3D ( 'NONE', #491, #222, #75 ) ;
#237 = CARTESIAN_POINT ( 'NONE',  ( 23.54233843770125034, 126.9714728336169003, 3.000000000000000000 ) ) ;
#238 = ORIENTED_EDGE ( 'NONE', *, *, #1246, .T. ) ;
#239 = LINE ( 'NONE', #821, #476 ) ;
#240 = CARTESIAN_POINT ( 'NONE',  ( 14.48268558197597855, -5.528527166383110369, 3.000000000000000000 ) ) ;
#241 = CIRCLE ( 'NONE', #20, 1.499999999999997780 ) ;
#242 = CARTESIAN_POINT ( 'NONE',  ( 22.96159094805947021, -5.528527166383107705, 3.000000000000000000 ) ) ;
#243 = DIRECTION ( 'NONE',  ( 1.000000000000000000, -0.000000000000000000, 0.000000000000000000 ) ) ;
#244 = EDGE_CURVE ( 'NONE', #59, #1605, #752, .T. ) ;
#245 = AXIS2_PLACEMENT_3D ( 'NONE', #595, #429, #1159 ) ;
#246 = DIRECTION ( 'NONE',  ( 0.000000000000000000, -0.000000000000000000, 1.000000000000000000 ) ) ;
#247 = ORIENTED_EDGE ( 'NONE', *, *, #992, .F. ) ;
#248 = LINE ( 'NONE', #1808, #513 ) ;
#249 = CARTESIAN_POINT ( 'NONE',  ( 19.48268558197597855, -5.528527166383107705, 3.000000000000000000 ) ) ;
#250 = VECTOR ( 'NONE', #508, 1000.000000000000000 ) ;
#251 = DIRECTION ( 'NONE',  ( -1.000000000000000000, 0.000000000000000000, 0.000000000000000000 ) ) ;
#252 = LINE ( 'NONE', #1858, #92 ) ;
#253 = DIRECTION ( 'NONE',  ( 1.000000000000000000, 0.000000000000000000, 0.000000000000000000 ) ) ;
#254 = ORIENTED_EDGE ( 'NONE', *, *, #730, .T. ) ;
#255 = EDGE_CURVE ( 'NONE', #1591, #87, #1146, .T. ) ;
#256 = VERTEX_POINT ( 'NONE', #219 ) ;
#257 = DIRECTION ( 'NONE',  ( 0.000000000000000000, 0.000000000000000000, 1.000000000000000000 ) ) ;
#258 = ADVANCED_FACE ( 'NONE', ( #387 ), #956, .F. ) ;
#259 = DIRECTION ( 'NONE',  ( 1.000000000000000000, 0.000000000000000000, 0.000000000000000000 ) ) ;
#260 = DIRECTION ( 'NONE',  ( -0.000000000000000000, -0.000000000000000000, -1.000000000000000000 ) ) ;
#261 = LINE ( 'NONE', #418, #137 ) ;
#262 = EDGE_LOOP ( 'NONE', ( #1282, #129, #1192, #628 ) ) ;
#263 = ORIENTED_EDGE ( 'NONE', *, *, #1190, .F. ) ;
#264 = CIRCLE ( 'NONE', #1106, 1.499999999999999112 ) ;
#265 = CARTESIAN_POINT ( 'NONE',  ( 23.54233843770124324, 47.63946686589362400, 0.000000000000000000 ) ) ;
#266 = LINE ( 'NONE', #712, #1865 ) ;
#267 = ADVANCED_FACE ( 'NONE', ( #1221 ), #1718, .T. ) ;
#268 = EDGE_CURVE ( 'NONE', #212, #341, #1085, .T. ) ;
#269 = ORIENTED_EDGE ( 'NONE', *, *, #992, .T. ) ;
#270 = DIRECTION ( 'NONE',  ( 0.000000000000000000, -0.000000000000000000, 1.000000000000000000 ) ) ;
#271 = CARTESIAN_POINT ( 'NONE',  ( 0.6923387499589792604, 141.9714728336169003, 3.000000000000000000 ) ) ;
#272 = ORIENTED_EDGE ( 'NONE', *, *, #391, .F. ) ;
#273 = AXIS2_PLACEMENT_3D ( 'NONE', #133, #1705, #1396 ) ;
#274 = CARTESIAN_POINT ( 'NONE',  ( -0.8076612500410207396, 156.9714728336169003, 3.000000000000000000 ) ) ;
#275 = ORIENTED_EDGE ( 'NONE', *, *, #56, .T. ) ;
#276 = CARTESIAN_POINT ( 'NONE',  ( 27.96159094805947376, -0.5285271663831078159, 3.000000000000000000 ) ) ;
#277 = VECTOR ( 'NONE', #486, 1000.000000000000000 ) ;
#278 = CARTESIAN_POINT ( 'NONE',  ( 27.96159094805947376, -5.528527166383106817, 3.000000000000000000 ) ) ;
#279 = DIRECTION ( 'NONE',  ( 1.000000000000000000, 0.000000000000000000, 0.000000000000000000 ) ) ;
#280 = EDGE_LOOP ( 'NONE', ( #1665, #966, #1763, #1473 ) ) ;
#281 = LINE ( 'NONE', #562, #662 ) ;
#282 = VERTEX_POINT ( 'NONE', #947 ) ;
#283 = VERTEX_POINT ( 'NONE', #227 ) ;
#284 = CARTESIAN_POINT ( 'NONE',  ( 22.04233843770124324, 141.9714728336169003, 0.000000000000000000 ) ) ;
#285 = CIRCLE ( 'NONE', #1341, 1.500000000000000444 ) ;
#286 = FACE_OUTER_BOUND ( 'NONE', #324, .T. ) ;
#287 = EDGE_CURVE ( 'NONE', #751, #972, #239, .T. ) ;
#288 = AXIS2_PLACEMENT_3D ( 'NONE', #475, #916, #60 ) ;
#289 = ORIENTED_EDGE ( 'NONE', *, *, #999, .T. ) ;
#290 = VECTOR ( 'NONE', #1000, 1000.000000000000000 ) ;
#291 = CIRCLE ( 'NONE', #1314, 1.500000000000001332 ) ;
#292 = FACE_OUTER_BOUND ( 'NONE', #835, .T. ) ;
#293 = VERTEX_POINT ( 'NONE', #302 ) ;
#294 = CARTESIAN_POINT ( 'NONE',  ( 2.192338749958979260, 141.9714728336169003, 0.000000000000000000 ) ) ;
#295 = DIRECTION ( 'NONE',  ( -0.000000000000000000, -0.000000000000000000, -1.000000000000000000 ) ) ;
#296 = ORIENTED_EDGE ( 'NONE', *, *, #211, .F. ) ;
#297 = CIRCLE ( 'NONE', #725, 1.500000000000000666 ) ;
#298 = DIRECTION ( 'NONE',  ( 0.000000000000000000, -0.000000000000000000, 1.000000000000000000 ) ) ;
#299 = ORIENTED_EDGE ( 'NONE', *, *, #1539, .F. ) ;
#300 = CARTESIAN_POINT ( 'NONE',  ( 1.706511640677173647, -0.5285271663831099254, 0.000000000000000000 ) ) ;
#301 = APPROVAL ( #1834, 'UNSPECIFIED' ) ;
#302 = CARTESIAN_POINT ( 'NONE',  ( 20.54233843770124679, 151.9714728336169003, 3.000000000000000000 ) ) ;
#303 = ORIENTED_EDGE ( 'NONE', *, *, #1600, .F. ) ;
#304 = CARTESIAN_POINT ( 'NONE',  ( 0.6397104059245248830, 136.9714728336169003, 3.000000000000000000 ) ) ;
#305 = EDGE_CURVE ( 'NONE', #1198, #122, #297, .T. ) ;
#306 = VERTEX_POINT ( 'NONE', #1735 ) ;
#307 = DIRECTION ( 'NONE',  ( -0.000000000000000000, -0.000000000000000000, -1.000000000000000000 ) ) ;
#308 = SECURITY_CLASSIFICATION_LEVEL ( 'unclassified' ) ;
#309 = DIRECTION ( 'NONE',  ( 1.000000000000000000, 0.000000000000000000, 0.000000000000000000 ) ) ;
#310 = AXIS2_PLACEMENT_3D ( 'NONE', #1555, #1702, #696 ) ;
#311 = EDGE_LOOP ( 'NONE', ( #888, #438 ) ) ;
#312 = VECTOR ( 'NONE', #428, 1000.000000000000000 ) ;
#313 = ORIENTED_EDGE ( 'NONE', *, *, #655, .F. ) ;
#314 = CARTESIAN_POINT ( 'NONE',  ( 2.139710405924522885, 47.63946686589362400, 0.000000000000000000 ) ) ;
#315 = CARTESIAN_POINT ( 'NONE',  ( 27.96159094805947376, 164.4714728336168719, 0.000000000000000000 ) ) ;
#316 = ORIENTED_EDGE ( 'NONE', *, *, #1642, .T. ) ;
#317 = AXIS2_PLACEMENT_3D ( 'NONE', #213, #1373, #653 ) ;
#318 = EDGE_CURVE ( 'NONE', #61, #1093, #1779, .T. ) ;
#319 = CARTESIAN_POINT ( 'NONE',  ( 19.48268558197597855, -5.528527166383107705, 0.000000000000000000 ) ) ;
#320 = EDGE_CURVE ( 'NONE', #1035, #256, #643, .T. ) ;
#321 = LINE ( 'NONE', #1005, #1322 ) ;
#322 = ORIENTED_EDGE ( 'NONE', *, *, #1838, .T. ) ;
#323 = FACE_OUTER_BOUND ( 'NONE', #360, .T. ) ;
#324 = EDGE_LOOP ( 'NONE', ( #1122, #1204, #1638, #1732 ) ) ;
#325 = PLANE ( 'NONE',  #847 ) ;
#326 = AXIS2_PLACEMENT_3D ( 'NONE', #1089, #205, #951 ) ;
#327 = CARTESIAN_POINT ( 'NONE',  ( 20.54233843770124679, 141.9714728336169003, 0.000000000000000000 ) ) ;
#328 = EDGE_CURVE ( 'NONE', #1325, #1523, #1721, .T. ) ;
#329 = AXIS2_PLACEMENT_3D ( 'NONE', #1197, #794, #351 ) ;
#330 = ORIENTED_EDGE ( 'NONE', *, *, #655, .T. ) ;
#331 = CARTESIAN_POINT ( 'NONE',  ( -0.8076612500410043083, 126.9714728336169003, 3.000000000000000000 ) ) ;
#332 = FACE_OUTER_BOUND ( 'NONE', #1656, .T. ) ;
#333 = EDGE_LOOP ( 'NONE', ( #990, #891 ) ) ;
#334 = SECURITY_CLASSIFICATION ( '', '', #308 ) ;
#335 = FACE_OUTER_BOUND ( 'NONE', #1189, .T. ) ;
#336 = VERTEX_POINT ( 'NONE', #1612 ) ;
#337 = CYLINDRICAL_SURFACE ( 'NONE', #1655, 1.500000000000000000 ) ;
#338 = DIRECTION ( 'NONE',  ( -0.000000000000000000, 0.000000000000000000, -1.000000000000000000 ) ) ;
#339 = EDGE_LOOP ( 'NONE', ( #1794, #1668, #238, #1407 ) ) ;
#340 = DIRECTION ( 'NONE',  ( 0.000000000000000000, -0.000000000000000000, 1.000000000000000000 ) ) ;
#341 = VERTEX_POINT ( 'NONE', #437 ) ;
#342 = EDGE_CURVE ( 'NONE', #1368, #1780, #1419, .T. ) ;
#343 = EDGE_CURVE ( 'NONE', #1534, #1027, #904, .T. ) ;
#344 = LINE ( 'NONE', #217, #1485 ) ;
#345 = ORIENTED_EDGE ( 'NONE', *, *, #1766, .F. ) ;
#346 = CARTESIAN_POINT ( 'NONE',  ( 2.192338749958993915, 126.9714728336169003, 3.000000000000000000 ) ) ;
#347 = FACE_OUTER_BOUND ( 'NONE', #98, .T. ) ;
#348 = VERTEX_POINT ( 'NONE', #1021 ) ;
#349 = CYLINDRICAL_SURFACE ( 'NONE', #743, 1.500000000000000444 ) ;
#350 = CIRCLE ( 'NONE', #989, 1.500000000000001332 ) ;
#351 = DIRECTION ( 'NONE',  ( -1.000000000000000000, 0.000000000000000000, 0.000000000000000000 ) ) ;
#352 = VECTOR ( 'NONE', #1627, 1000.000000000000000 ) ;
#353 = ORIENTED_EDGE ( 'NONE', *, *, #268, .F. ) ;
#354 = ADVANCED_FACE ( 'NONE', ( #286 ), #1440, .T. ) ;
#355 = FACE_BOUND ( 'NONE', #376, .T. ) ;
#356 = ORIENTED_EDGE ( 'NONE', *, *, #581, .F. ) ;
#357 = DIRECTION ( 'NONE',  ( 0.000000000000000000, 0.000000000000000000, 1.000000000000000000 ) ) ;
#358 = CYLINDRICAL_SURFACE ( 'NONE', #1497, 1.499999999999997780 ) ;
#359 = AXIS2_PLACEMENT_3D ( 'NONE', #1776, #198, #1172 ) ;
#360 = EDGE_LOOP ( 'NONE', ( #369, #423, #1060, #1179 ) ) ;
#361 = CC_DESIGN_PERSON_AND_ORGANIZATION_ASSIGNMENT ( #685, #868, ( #1098 ) ) ;
#362 = DIRECTION ( 'NONE',  ( 0.000000000000000000, 0.000000000000000000, 1.000000000000000000 ) ) ;
#363 = AXIS2_PLACEMENT_3D ( 'NONE', #933, #663, #517 ) ;
#364 = FACE_OUTER_BOUND ( 'NONE', #426, .T. ) ;
#365 = LINE ( 'NONE', #1530, #135 ) ;
#366 = VERTEX_POINT ( 'NONE', #1176 ) ;
#367 = EDGE_CURVE ( 'NONE', #190, #945, #148, .T. ) ;
#368 = FACE_BOUND ( 'NONE', #1810, .T. ) ;
#369 = ORIENTED_EDGE ( 'NONE', *, *, #880, .F. ) ;
#370 = DIRECTION ( 'NONE',  ( 0.000000000000000000, 1.000000000000000000, 0.000000000000000000 ) ) ;
#371 = DIRECTION ( 'NONE',  ( -1.000000000000000000, 0.000000000000000000, 0.000000000000000000 ) ) ;
#372 = ORIENTED_EDGE ( 'NONE', *, *, #465, .F. ) ;
#373 = CARTESIAN_POINT ( 'NONE',  ( -0.8602895940754756721, 136.9714728336169003, 0.000000000000000000 ) ) ;
#374 = CARTESIAN_POINT ( 'NONE',  ( 1.706511640677173647, -5.528527166383110369, -9.000000000000001776 ) ) ;
#375 = CARTESIAN_POINT ( 'NONE',  ( 22.04233843770124324, 136.9714728336169003, 0.000000000000000000 ) ) ;
#376 = EDGE_LOOP ( 'NONE', ( #176, #433 ) ) ;
#377 = ORIENTED_EDGE ( 'NONE', *, *, #1411, .F. ) ;
#378 = DIRECTION ( 'NONE',  ( 0.000000000000000000, 0.000000000000000000, 1.000000000000000000 ) ) ;
#379 = LINE ( 'NONE', #1203, #1347 ) ;
#380 = EDGE_LOOP ( 'NONE', ( #1492, #1001 ) ) ;
#381 = CIRCLE ( 'NONE', #716, 5.000000000000000888 ) ;
#382 = FACE_BOUND ( 'NONE', #878, .T. ) ;
#383 = EDGE_CURVE ( 'NONE', #59, #920, #1303, .T. ) ;
#384 = CARTESIAN_POINT ( 'NONE',  ( -0.8602895940754756721, 151.9714728336169003, 3.000000000000000000 ) ) ;
#385 = VECTOR ( 'NONE', #1722, 1000.000000000000000 ) ;
#386 = ORIENTED_EDGE ( 'NONE', *, *, #1465, .F. ) ;
#387 = FACE_OUTER_BOUND ( 'NONE', #907, .T. ) ;
#388 = DIRECTION ( 'NONE',  ( -0.000000000000000000, -0.000000000000000000, -1.000000000000000000 ) ) ;
#389 = VERTEX_POINT ( 'NONE', #462 ) ;
#390 = FACE_OUTER_BOUND ( 'NONE', #50, .T. ) ;
#391 = EDGE_CURVE ( 'NONE', #1538, #87, #1199, .T. ) ;
#392 = CIRCLE ( 'NONE', #1418, 1.499999999999997780 ) ;
#393 = CARTESIAN_POINT ( 'NONE',  ( -2.889376453025081837, 164.4714728336169003, 0.000000000000000000 ) ) ;
#394 = DIRECTION ( 'NONE',  ( -0.000000000000000000, -1.000000000000000000, -0.000000000000000000 ) ) ;
#395 = AXIS2_PLACEMENT_3D ( 'NONE', #1653, #78, #44 ) ;
#396 = EDGE_LOOP ( 'NONE', ( #1583, #1372 ) ) ;
#397 = EDGE_CURVE ( 'NONE', #1111, #1538, #321, .T. ) ;
#398 = VERTEX_POINT ( 'NONE', #174 ) ;
#399 = DIRECTION ( 'NONE',  ( 1.000000000000000000, 0.000000000000000000, 0.000000000000000000 ) ) ;
#400 = CIRCLE ( 'NONE', #1329, 5.000000000000000000 ) ;
#401 = CYLINDRICAL_SURFACE ( 'NONE', #539, 1.499999999999997780 ) ;
#402 = FACE_OUTER_BOUND ( 'NONE', #1495, .T. ) ;
#403 = CARTESIAN_POINT ( 'NONE',  ( 20.54233843770124324, 121.9714728336169003, 0.000000000000000000 ) ) ;
#404 = VERTEX_POINT ( 'NONE', #1311 ) ;
#405 = ADVANCED_FACE ( 'NONE', ( #1582 ), #603, .F. ) ;
#406 = EDGE_CURVE ( 'NONE', #1625, #1422, #938, .T. ) ;
#407 = CARTESIAN_POINT ( 'NONE',  ( 22.04233843770124324, 136.9714728336169003, 3.000000000000000000 ) ) ;
#408 = CARTESIAN_POINT ( 'NONE',  ( 22.04233843770123968, 121.9714728336169003, 3.000000000000000000 ) ) ;
#409 = EDGE_LOOP ( 'NONE', ( #1792, #460 ) ) ;
#410 = PLANE ( 'NONE',  #701 ) ;
#411 = AXIS2_PLACEMENT_3D ( 'NONE', #544, #981, #1271 ) ;
#412 = DIRECTION ( 'NONE',  ( -1.000000000000000000, -9.677415153513142950E-17, 0.000000000000000000 ) ) ;
#413 = ADVANCED_FACE ( 'NONE', ( #726 ), #182, .F. ) ;
#414 = VERTEX_POINT ( 'NONE', #1038 ) ;
#415 = CARTESIAN_POINT ( 'NONE',  ( -0.8602895940754782256, 121.9714728336169003, 0.000000000000000000 ) ) ;
#416 = ORIENTED_EDGE ( 'NONE', *, *, #1804, .T. ) ;
#417 = DIRECTION ( 'NONE',  ( -0.000000000000000000, -0.000000000000000000, -1.000000000000000000 ) ) ;
#418 = CARTESIAN_POINT ( 'NONE',  ( 14.48268558197597855, -0.5285271663831078159, -9.000000000000001776 ) ) ;
#419 = ORIENTED_EDGE ( 'NONE', *, *, #1361, .F. ) ;
#420 = CARTESIAN_POINT ( 'NONE',  ( 22.96159094805947021, -0.5285271663831078159, 3.000000000000000000 ) ) ;
#421 = VECTOR ( 'NONE', #1516, 1000.000000000000000 ) ;
#422 = AXIS2_PLACEMENT_3D ( 'NONE', #1597, #453, #1467 ) ;
#423 = ORIENTED_EDGE ( 'NONE', *, *, #96, .T. ) ;
#424 = LINE ( 'NONE', #1420, #290 ) ;
#425 = ORIENTED_EDGE ( 'NONE', *, *, #1115, .F. ) ;
#426 = EDGE_LOOP ( 'NONE', ( #1154, #1730, #455, #81 ) ) ;
#427 = ADVANCED_FACE ( 'NONE', ( #32 ), #624, .F. ) ;
#428 = DIRECTION ( 'NONE',  ( -0.000000000000000000, -0.000000000000000000, -1.000000000000000000 ) ) ;
#429 = DIRECTION ( 'NONE',  ( 0.000000000000000000, 0.000000000000000000, 1.000000000000000000 ) ) ;
#430 = EDGE_LOOP ( 'NONE', ( #526, #1254 ) ) ;
#431 = CARTESIAN_POINT ( 'NONE',  ( 0.6923387499589792604, 141.9714728336169003, 3.000000000000000000 ) ) ;
#432 = EDGE_CURVE ( 'NONE', #175, #1598, #479, .T. ) ;
#433 = ORIENTED_EDGE ( 'NONE', *, *, #589, .T. ) ;
#434 = LINE ( 'NONE', #278, #774 ) ;
#435 = APPLICATION_PROTOCOL_DEFINITION ( 'international standard', 'config_control_design', 1994, #1610 ) ;
#436 = AXIS2_PLACEMENT_3D ( 'NONE', #978, #1365, #795 ) ;
#437 = CARTESIAN_POINT ( 'NONE',  ( 14.48268558197597855, 15.55581542071531942, 0.000000000000000000 ) ) ;
#438 = ORIENTED_EDGE ( 'NONE', *, *, #173, .T. ) ;
#439 = AXIS2_PLACEMENT_3D ( 'NONE', #1519, #362, #1674 ) ;
#440 = CC_DESIGN_PERSON_AND_ORGANIZATION_ASSIGNMENT ( #1228, #1466, ( #1110 ) ) ;
#441 = VECTOR ( 'NONE', #450, 1000.000000000000000 ) ;
#442 = CARTESIAN_POINT ( 'NONE',  ( 22.96159094805947021, -5.528527166383107705, 3.000000000000000000 ) ) ;
#443 = DIRECTION ( 'NONE',  ( -1.000000000000000000, 0.000000000000000000, 0.000000000000000000 ) ) ;
#444 = ADVANCED_FACE ( 'NONE', ( #1508 ), #193, .F. ) ;
#445 = CARTESIAN_POINT ( 'NONE',  ( -7.889376453025086278, -5.528527166383110369, 0.000000000000000000 ) ) ;
#446 = ORIENTED_EDGE ( 'NONE', *, *, #1554, .F. ) ;
#447 = CIRCLE ( 'NONE', #1083, 1.500000000000000666 ) ;
#448 = ADVANCED_FACE ( 'NONE', ( #1771 ), #654, .T. ) ;
#449 = CIRCLE ( 'NONE', #852, 5.000000000000000888 ) ;
#450 = DIRECTION ( 'NONE',  ( -0.000000000000000000, -0.000000000000000000, 1.000000000000000000 ) ) ;
#451 = VERTEX_POINT ( 'NONE', #782 ) ;
#452 = CARTESIAN_POINT ( 'NONE',  ( 0.6923387499589792604, 156.9714728336169003, 3.000000000000000000 ) ) ;
#453 = DIRECTION ( 'NONE',  ( -0.000000000000000000, -0.000000000000000000, -1.000000000000000000 ) ) ;
#454 = EDGE_LOOP ( 'NONE', ( #988, #1595 ) ) ;
#455 = ORIENTED_EDGE ( 'NONE', *, *, #1520, .T. ) ;
#456 = ADVANCED_FACE ( 'NONE', ( #473 ), #1374, .F. ) ;
#457 = CARTESIAN_POINT ( 'NONE',  ( 27.96159094805947376, -5.528527166383106817, 3.000000000000000000 ) ) ;
#458 = EDGE_CURVE ( 'NONE', #306, #1403, #1144, .T. ) ;
#459 = DIRECTION ( 'NONE',  ( -0.000000000000000000, -0.000000000000000000, -1.000000000000000000 ) ) ;
#460 = ORIENTED_EDGE ( 'NONE', *, *, #318, .T. ) ;
#461 = CYLINDRICAL_SURFACE ( 'NONE', #1409, 1.500000000000000444 ) ;
#462 = CARTESIAN_POINT ( 'NONE',  ( 23.54233843770125034, 126.9714728336169003, 3.000000000000000000 ) ) ;
#463 = ORIENTED_EDGE ( 'NONE', *, *, #1791, .T. ) ;
#464 = AXIS2_PLACEMENT_3D ( 'NONE', #1003, #840, #1429 ) ;
#465 = EDGE_CURVE ( 'NONE', #861, #1518, #877, .T. ) ;
#466 = FACE_BOUND ( 'NONE', #1565, .T. ) ;
#467 = ORIENTED_EDGE ( 'NONE', *, *, #1246, .F. ) ;
#468 = DIRECTION ( 'NONE',  ( -0.000000000000000000, -0.000000000000000000, -1.000000000000000000 ) ) ;
#469 = CARTESIAN_POINT ( 'NONE',  ( 21.46159094805939205, 1.139466865893621117, 3.000000000000000000 ) ) ;
#470 = ORIENTED_EDGE ( 'NONE', *, *, #748, .T. ) ;
#471 = CIRCLE ( 'NONE', #1562, 1.500000000000000000 ) ;
#472 = CARTESIAN_POINT ( 'NONE',  ( -2.889376453025086278, 159.4714728336169003, 3.000000000000000000 ) ) ;
#473 = FACE_OUTER_BOUND ( 'NONE', #1572, .T. ) ;
#474 = VERTEX_POINT ( 'NONE', #647 ) ;
#475 = CARTESIAN_POINT ( 'NONE',  ( 22.04233843770124324, 156.9714728336169003, 3.000000000000000000 ) ) ;
#476 = VECTOR ( 'NONE', #295, 1000.000000000000000 ) ;
#477 = EDGE_LOOP ( 'NONE', ( #47, #169 ) ) ;
#478 = CARTESIAN_POINT ( 'NONE',  ( 22.04233843770124324, 156.9714728336169003, 0.000000000000000000 ) ) ;
#479 = CIRCLE ( 'NONE', #1692, 1.500000000000001332 ) ;
#480 = DIRECTION ( 'NONE',  ( 0.000000000000000000, -0.000000000000000000, 1.000000000000000000 ) ) ;
#481 = VERTEX_POINT ( 'NONE', #1226 ) ;
#482 = FACE_OUTER_BOUND ( 'NONE', #1125, .T. ) ;
#483 = CYLINDRICAL_SURFACE ( 'NONE', #329, 1.499999999999997780 ) ;
#484 = EDGE_CURVE ( 'NONE', #1780, #1368, #1113, .T. ) ;
#485 = ORIENTED_EDGE ( 'NONE', *, *, #244, .F. ) ;
#486 = DIRECTION ( 'NONE',  ( -0.000000000000000000, -0.000000000000000000, -1.000000000000000000 ) ) ;
#487 = ORIENTED_EDGE ( 'NONE', *, *, #525, .F. ) ;
#488 = DIRECTION ( 'NONE',  ( 1.000000000000000000, 0.000000000000000000, 0.000000000000000000 ) ) ;
#489 = DIRECTION ( 'NONE',  ( -0.000000000000000000, -0.000000000000000000, -1.000000000000000000 ) ) ;
#490 = EDGE_LOOP ( 'NONE', ( #1874, #1383, #247, #1087 ) ) ;
#491 = CARTESIAN_POINT ( 'NONE',  ( 0.6923387499589792604, 141.9714728336169003, 3.000000000000000000 ) ) ;
#492 = ADVANCED_FACE ( 'NONE', ( #636 ), #214, .F. ) ;
#493 = LINE ( 'NONE', #1067, #1817 ) ;
#494 = EDGE_LOOP ( 'NONE', ( #633, #1366, #1169, #152 ) ) ;
#495 = DIRECTION ( 'NONE',  ( 0.000000000000000000, 0.000000000000000000, -1.000000000000000000 ) ) ;
#496 = ORIENTED_EDGE ( 'NONE', *, *, #1500, .T. ) ;
#497 = DIRECTION ( 'NONE',  ( -0.000000000000000000, -0.000000000000000000, -1.000000000000000000 ) ) ;
#498 = VECTOR ( 'NONE', #1385, 1000.000000000000000 ) ;
#499 = CARTESIAN_POINT ( 'NONE',  ( 0.6397104059245248830, 136.9714728336169003, 3.000000000000000000 ) ) ;
#500 = EDGE_LOOP ( 'NONE', ( #1161, #1736, #1394, #955 ) ) ;
#501 = CARTESIAN_POINT ( 'NONE',  ( 1.706511640677173647, 15.55581542071531942, 0.000000000000000000 ) ) ;
#502 = AXIS2_PLACEMENT_3D ( 'NONE', #1066, #1243, #1088 ) ;
#503 = CARTESIAN_POINT ( 'NONE',  ( 0.6923387499589792604, 156.9714728336169003, 3.000000000000000000 ) ) ;
#504 = ADVANCED_FACE ( 'NONE', ( #364 ), #483, .F. ) ;
#505 = LINE ( 'NONE', #233, #1558 ) ;
#506 = CIRCLE ( 'NONE', #598, 1.500000000000000000 ) ;
#507 = VERTEX_POINT ( 'NONE', #1364 ) ;
#508 = DIRECTION ( 'NONE',  ( -1.000000000000000000, 0.000000000000000000, 0.000000000000000000 ) ) ;
#509 = ORIENTED_EDGE ( 'NONE', *, *, #1376, .T. ) ;
#510 = DIRECTION ( 'NONE',  ( 0.000000000000000000, 0.000000000000000000, -1.000000000000000000 ) ) ;
#511 = ADVANCED_FACE ( 'NONE', ( #332 ), #1521, .F. ) ;
#512 = LINE ( 'NONE', #533, #1461 ) ;
#513 = VECTOR ( 'NONE', #1661, 1000.000000000000000 ) ;
#514 = VERTEX_POINT ( 'NONE', #57 ) ;
#515 = LINE ( 'NONE', #1507, #570 ) ;
#516 = AXIS2_PLACEMENT_3D ( 'NONE', #869, #1188, #1458 ) ;
#517 = DIRECTION ( 'NONE',  ( 1.000000000000000000, 0.000000000000000000, 0.000000000000000000 ) ) ;
#518 = DIRECTION ( 'NONE',  ( 1.000000000000000000, 0.000000000000000000, 0.000000000000000000 ) ) ;
#519 = ORIENTED_EDGE ( 'NONE', *, *, #1128, .T. ) ;
#520 = CARTESIAN_POINT ( 'NONE',  ( 23.54233843770124324, 47.63946686589362400, 3.000000000000000000 ) ) ;
#521 = ORIENTED_EDGE ( 'NONE', *, *, #1791, .F. ) ;
#522 = CIRCLE ( 'NONE', #99, 1.500000000000000444 ) ;
#523 = LINE ( 'NONE', #1286, #823 ) ;
#524 = CARTESIAN_POINT ( 'NONE',  ( 22.04233843770123968, 52.63946686589362400, 3.000000000000000000 ) ) ;
#525 = EDGE_CURVE ( 'NONE', #389, #1436, #1844, .T. ) ;
#526 = ORIENTED_EDGE ( 'NONE', *, *, #458, .T. ) ;
#527 = LINE ( 'NONE', #1556, #1293 ) ;
#528 = CARTESIAN_POINT ( 'NONE',  ( 0.6923387499589792604, 156.9714728336169003, 0.000000000000000000 ) ) ;
#529 = DIRECTION ( 'NONE',  ( -0.000000000000000000, -0.000000000000000000, -1.000000000000000000 ) ) ;
#530 = ORIENTED_EDGE ( 'NONE', *, *, #929, .T. ) ;
#531 = CARTESIAN_POINT ( 'NONE',  ( 22.04233843770123968, 47.63946686589362400, 3.000000000000000000 ) ) ;
#532 = EDGE_CURVE ( 'NONE', #899, #366, #1657, .T. ) ;
#533 = CARTESIAN_POINT ( 'NONE',  ( -0.8076612500410196294, 52.63946686589362400, 3.000000000000000000 ) ) ;
#534 = CIRCLE ( 'NONE', #109, 1.499999999999997780 ) ;
#535 = ORIENTED_EDGE ( 'NONE', *, *, #1350, .T. ) ;
#536 = CARTESIAN_POINT ( 'NONE',  ( 0.6923387499589792604, 156.9714728336169003, 3.000000000000000000 ) ) ;
#537 = FACE_BOUND ( 'NONE', #1560, .T. ) ;
#538 = DIRECTION ( 'NONE',  ( 0.000000000000000000, 0.000000000000000000, 1.000000000000000000 ) ) ;
#539 = AXIS2_PLACEMENT_3D ( 'NONE', #704, #1435, #140 ) ;
#540 = AXIS2_PLACEMENT_3D ( 'NONE', #611, #590, #630 ) ;
#541 = APPROVAL_ROLE ( '' ) ;
#542 = ORIENTED_EDGE ( 'NONE', *, *, #1500, .F. ) ;
#543 = CARTESIAN_POINT ( 'NONE',  ( 2.192338749958983701, 52.63946686589362400, 3.000000000000000000 ) ) ;
#544 = CARTESIAN_POINT ( 'NONE',  ( -2.707661250040972245, 1.139466865893621117, 3.000000000000000000 ) ) ;
#545 = DIRECTION ( 'NONE',  ( -0.000000000000000000, -0.000000000000000000, -1.000000000000000000 ) ) ;
#546 = AXIS2_PLACEMENT_3D ( 'NONE', #651, #1460, #51 ) ;
#547 = CARTESIAN_POINT ( 'NONE',  ( -1.207661250040971801, 1.139466865893621339, 0.000000000000000000 ) ) ;
#548 = DIRECTION ( 'NONE',  ( 0.000000000000000000, 0.000000000000000000, -1.000000000000000000 ) ) ;
#549 = AXIS2_PLACEMENT_3D ( 'NONE', #1048, #1782, #769 ) ;
#550 = EDGE_CURVE ( 'NONE', #125, #1850, #449, .T. ) ;
#551 = AXIS2_PLACEMENT_3D ( 'NONE', #1716, #108, #1675 ) ;
#552 = ADVANCED_FACE ( 'NONE', ( #1079 ), #922, .F. ) ;
#553 = ORIENTED_EDGE ( 'NONE', *, *, #1853, .F. ) ;
#554 = DIRECTION ( 'NONE',  ( 1.000000000000000000, 0.000000000000000000, 0.000000000000000000 ) ) ;
#555 = CYLINDRICAL_SURFACE ( 'NONE', #1802, 1.500000000000001554 ) ;
#556 = EDGE_LOOP ( 'NONE', ( #1715, #187, #1313, #142 ) ) ;
#557 = FACE_BOUND ( 'NONE', #1486, .T. ) ;
#558 = FACE_OUTER_BOUND ( 'NONE', #54, .T. ) ;
#559 = EDGE_CURVE ( 'NONE', #206, #1093, #493, .T. ) ;
#560 = ORIENTED_EDGE ( 'NONE', *, *, #167, .F. ) ;
#561 = LINE ( 'NONE', #845, #1307 ) ;
#562 = CARTESIAN_POINT ( 'NONE',  ( 27.96159094805947376, -0.5285271663831078159, 3.000000000000000000 ) ) ;
#563 = VECTOR ( 'NONE', #1262, 1000.000000000000000 ) ;
#564 = ORIENTED_EDGE ( 'NONE', *, *, #1688, .F. ) ;
#565 = FACE_BOUND ( 'NONE', #612, .T. ) ;
#566 = AXIS2_PLACEMENT_3D ( 'NONE', #1615, #196, #49 ) ;
#567 = DIRECTION ( 'NONE',  ( 1.000000000000000000, 0.000000000000000000, 0.000000000000000000 ) ) ;
#568 = VERTEX_POINT ( 'NONE', #242 ) ;
#569 = VERTEX_POINT ( 'NONE', #393 ) ;
#570 = VECTOR ( 'NONE', #1848, 1000.000000000000000 ) ;
#571 = ADVANCED_FACE ( 'NONE', ( #402 ), #1405, .F. ) ;
#572 = CYLINDRICAL_SURFACE ( 'NONE', #1437, 1.500000000000001332 ) ;
#573 = VERTEX_POINT ( 'NONE', #1414 ) ;
#574 = VERTEX_POINT ( 'NONE', #276 ) ;
#575 = CARTESIAN_POINT ( 'NONE',  ( 27.96159094805947376, -5.528527166383106817, 3.000000000000000000 ) ) ;
#576 = CIRCLE ( 'NONE', #53, 1.499999999999999112 ) ;
#577 = DIRECTION ( 'NONE',  ( 1.000000000000000000, 0.000000000000000000, -0.000000000000000000 ) ) ;
#578 = DIRECTION ( 'NONE',  ( 1.000000000000000000, 0.000000000000000000, 0.000000000000000000 ) ) ;
#579 = AXIS2_PLACEMENT_3D ( 'NONE', #1641, #674, #1667 ) ;
#580 = VERTEX_POINT ( 'NONE', #1132 ) ;
#581 = EDGE_CURVE ( 'NONE', #195, #293, #824, .T. ) ;
#582 = CARTESIAN_POINT ( 'NONE',  ( 20.54233843770123968, 47.63946686589362400, 3.000000000000000000 ) ) ;
#583 = VERTEX_POINT ( 'NONE', #1540 ) ;
#584 = CIRCLE ( 'NONE', #1298, 1.500000000000001332 ) ;
#585 = PLANE ( 'NONE',  #1342 ) ;
#586 = DIRECTION ( 'NONE',  ( 1.000000000000000000, 0.000000000000000000, 0.000000000000000000 ) ) ;
#587 = DIRECTION ( 'NONE',  ( 1.000000000000000000, -7.741932122810514360E-16, 0.000000000000000000 ) ) ;
#588 = ORIENTED_EDGE ( 'NONE', *, *, #559, .T. ) ;
#589 = EDGE_CURVE ( 'NONE', #1, #580, #1723, .T. ) ;
#590 = DIRECTION ( 'NONE',  ( 0.000000000000000000, 0.000000000000000000, 1.000000000000000000 ) ) ;
#591 = EDGE_LOOP ( 'NONE', ( #560, #1623 ) ) ;
#592 = DIRECTION ( 'NONE',  ( 1.000000000000000000, 0.000000000000000000, 0.000000000000000000 ) ) ;
#593 = EDGE_CURVE ( 'NONE', #507, #256, #962, .T. ) ;
#594 = AXIS2_PLACEMENT_3D ( 'NONE', #778, #1086, #1526 ) ;
#595 = CARTESIAN_POINT ( 'NONE',  ( 22.04233843770123968, 121.9714728336169003, 0.000000000000000000 ) ) ;
#596 = EDGE_LOOP ( 'NONE', ( #738, #1647 ) ) ;
#597 = CIRCLE ( 'NONE', #12, 1.500000000000001332 ) ;
#598 = AXIS2_PLACEMENT_3D ( 'NONE', #1738, #159, #599 ) ;
#599 = DIRECTION ( 'NONE',  ( 1.000000000000000000, 0.000000000000000000, 0.000000000000000000 ) ) ;
#600 = ORIENTED_EDGE ( 'NONE', *, *, #1664, .T. ) ;
#601 = DIRECTION ( 'NONE',  ( 0.000000000000000000, 0.000000000000000000, 1.000000000000000000 ) ) ;
#602 = APPROVAL_DATE_TIME ( #1175, #841 ) ;
#603 = CYLINDRICAL_SURFACE ( 'NONE', #422, 1.500000000000001332 ) ;
#604 = EDGE_CURVE ( 'NONE', #1111, #1591, #1479, .T. ) ;
#605 = EDGE_CURVE ( 'NONE', #637, #1215, #252, .T. ) ;
#606 = ORIENTED_EDGE ( 'NONE', *, *, #785, .T. ) ;
#607 = CIRCLE ( 'NONE', #359, 1.500000000000001332 ) ;
#608 = AXIS2_PLACEMENT_3D ( 'NONE', #16, #1604, #1153 ) ;
#609 = CARTESIAN_POINT ( 'NONE',  ( 22.04233843770125034, 126.9714728336169003, 0.000000000000000000 ) ) ;
#610 = VECTOR ( 'NONE', #13, 1000.000000000000000 ) ;
#611 = CARTESIAN_POINT ( 'NONE',  ( 22.04233843770123968, 52.63946686589362400, 3.000000000000000000 ) ) ;
#612 = EDGE_LOOP ( 'NONE', ( #1141, #487 ) ) ;
#613 = CYLINDRICAL_SURFACE ( 'NONE', #1468, 5.000000000000000888 ) ;
#614 = PERSON_AND_ORGANIZATION ( #1142, #1700 ) ;
#615 = CC_DESIGN_SECURITY_CLASSIFICATION ( #334, ( #1878 ) ) ;
#616 = DIRECTION ( 'NONE',  ( -1.000000000000000000, 0.000000000000000000, 0.000000000000000000 ) ) ;
#617 = EDGE_CURVE ( 'NONE', #1761, #1518, #118, .T. ) ;
#618 = VERTEX_POINT ( 'NONE', #547 ) ;
#619 = DIRECTION ( 'NONE',  ( -1.000000000000000000, 0.000000000000000000, 0.000000000000000000 ) ) ;
#620 = ORIENTED_EDGE ( 'NONE', *, *, #432, .F. ) ;
#621 = CARTESIAN_POINT ( 'NONE',  ( 21.46159094805939205, 1.139466865893621117, 3.000000000000000000 ) ) ;
#622 = DIRECTION ( 'NONE',  ( 1.000000000000000000, 0.000000000000000000, 0.000000000000000000 ) ) ;
#623 = ORIENTED_EDGE ( 'NONE', *, *, #23, .F. ) ;
#624 = PLANE ( 'NONE',  #121 ) ;
#625 = ORIENTED_EDGE ( 'NONE', *, *, #1232, .F. ) ;
#626 = CIRCLE ( 'NONE', #1585, 1.500000000000000444 ) ;
#627 = FACE_BOUND ( 'NONE', #658, .T. ) ;
#628 = ORIENTED_EDGE ( 'NONE', *, *, #1126, .F. ) ;
#629 = FACE_OUTER_BOUND ( 'NONE', #798, .T. ) ;
#630 = DIRECTION ( 'NONE',  ( 1.000000000000000000, 0.000000000000000000, 0.000000000000000000 ) ) ;
#631 = AXIS2_PLACEMENT_3D ( 'NONE', #472, #635, #203 ) ;
#632 = ADVANCED_FACE ( 'NONE', ( #1841 ), #1573, .F. ) ;
#633 = ORIENTED_EDGE ( 'NONE', *, *, #1135, .F. ) ;
#634 = CIRCLE ( 'NONE', #1806, 1.499999999999997780 ) ;
#635 = DIRECTION ( 'NONE',  ( 0.000000000000000000, -0.000000000000000000, 1.000000000000000000 ) ) ;
#636 = FACE_OUTER_BOUND ( 'NONE', #280, .T. ) ;
#637 = VERTEX_POINT ( 'NONE', #856 ) ;
#638 = ORIENTED_EDGE ( 'NONE', *, *, #1361, .T. ) ;
#639 = CARTESIAN_POINT ( 'NONE',  ( 2.139710405924525105, 136.9714728336169003, 3.000000000000000000 ) ) ;
#640 = VECTOR ( 'NONE', #908, 1000.000000000000000 ) ;
#641 = ORIENTED_EDGE ( 'NONE', *, *, #1699, .T. ) ;
#642 = DIRECTION ( 'NONE',  ( 0.000000000000000000, 0.000000000000000000, 1.000000000000000000 ) ) ;
#643 = CIRCLE ( 'NONE', #1051, 1.499999999999997780 ) ;
#644 = CARTESIAN_POINT ( 'NONE',  ( -3.091432406173955538, -5.524442837388486183, 3.000000000000000000 ) ) ;
#645 = ORIENTED_EDGE ( 'NONE', *, *, #1022, .F. ) ;
#646 = CARTESIAN_POINT ( 'NONE',  ( 0.6923387499589949146, 126.9714728336169003, 3.000000000000000000 ) ) ;
#647 = CARTESIAN_POINT ( 'NONE',  ( 23.54233843770124324, 151.9714728336169003, 0.000000000000000000 ) ) ;
#648 = ORIENTED_EDGE ( 'NONE', *, *, #532, .F. ) ;
#649 = LINE ( 'NONE', #225, #277 ) ;
#650 = ORIENTED_EDGE ( 'NONE', *, *, #1574, .T. ) ;
#651 = CARTESIAN_POINT ( 'NONE',  ( 0.6397104059245213303, 121.9714728336169003, 3.000000000000000000 ) ) ;
#652 = ORIENTED_EDGE ( 'NONE', *, *, #1182, .T. ) ;
#653 = DIRECTION ( 'NONE',  ( 1.000000000000000000, 0.000000000000000000, 0.000000000000000000 ) ) ;
#654 = CYLINDRICAL_SURFACE ( 'NONE', #1544, 5.000000000000000888 ) ;
#655 = EDGE_CURVE ( 'NONE', #761, #1807, #527, .T. ) ;
#656 = ORIENTED_EDGE ( 'NONE', *, *, #287, .F. ) ;
#657 = LINE ( 'NONE', #1633, #250 ) ;
#658 = EDGE_LOOP ( 'NONE', ( #1386, #1273 ) ) ;
#659 = DIRECTION ( 'NONE',  ( -0.000000000000000000, -0.000000000000000000, -1.000000000000000000 ) ) ;
#660 = LINE ( 'NONE', #958, #1036 ) ;
#661 = FACE_OUTER_BOUND ( 'NONE', #1632, .T. ) ;
#662 = VECTOR ( 'NONE', #1571, 1000.000000000000000 ) ;
#663 = DIRECTION ( 'NONE',  ( 0.000000000000000000, 0.000000000000000000, 1.000000000000000000 ) ) ;
#664 = ORIENTED_EDGE ( 'NONE', *, *, #1118, .F. ) ;
#665 = ADVANCED_FACE ( 'NONE', ( #1696, #1097, #683, #382, #1244, #565, #1266, #1851, #1830, #537, #557, #1109, #1550, #1566, #833, #849, #1258, #1116, #1123 ), #410, .T. ) ;
#666 = APPROVAL_DATE_TIME ( #83, #301 ) ;
#667 = ORIENTED_EDGE ( 'NONE', *, *, #903, .T. ) ;
#668 = CARTESIAN_POINT ( 'NONE',  ( 0.6397104059245213303, 121.9714728336169003, 3.000000000000000000 ) ) ;
#669 = CARTESIAN_POINT ( 'NONE',  ( 22.04233843770124324, 151.9714728336169003, 3.000000000000000000 ) ) ;
#670 = PRODUCT_DEFINITION_SHAPE ( 'NONE', 'NONE',  #1110 ) ;
#671 = AXIS2_PLACEMENT_3D ( 'NONE', #745, #1360, #1755 ) ;
#672 = EDGE_LOOP ( 'NONE', ( #1344, #667, #184, #736 ) ) ;
#673 = CYLINDRICAL_SURFACE ( 'NONE', #1345, 1.500000000000000444 ) ;
#674 = DIRECTION ( 'NONE',  ( -0.000000000000000000, -0.000000000000000000, -1.000000000000000000 ) ) ;
#675 = DIRECTION ( 'NONE',  ( 1.000000000000000000, 0.000000000000000000, 0.000000000000000000 ) ) ;
#676 = ORIENTED_EDGE ( 'NONE', *, *, #1412, .F. ) ;
#677 = DIRECTION ( 'NONE',  ( 0.000000000000000000, 0.000000000000000000, 1.000000000000000000 ) ) ;
#678 = EDGE_LOOP ( 'NONE', ( #606, #1614 ) ) ;
#679 = VECTOR ( 'NONE', #1040, 1000.000000000000000 ) ;
#680 = CARTESIAN_POINT ( 'NONE',  ( 22.04233843770124324, 136.9714728336169003, 3.000000000000000000 ) ) ;
#681 = VERTEX_POINT ( 'NONE', #126 ) ;
#682 = CARTESIAN_POINT ( 'NONE',  ( 2.192338749958993915, 126.9714728336169003, 0.000000000000000000 ) ) ;
#683 = FACE_BOUND ( 'NONE', #1800, .T. ) ;
#684 = DIRECTION ( 'NONE',  ( 1.000000000000000000, 0.000000000000000000, 0.000000000000000000 ) ) ;
#685 = PERSON_AND_ORGANIZATION ( #1142, #1700 ) ;
#686 = ORIENTED_EDGE ( 'NONE', *, *, #617, .F. ) ;
#687 = DIRECTION ( 'NONE',  ( 1.000000000000000000, 0.000000000000000000, 0.000000000000000000 ) ) ;
#688 = DIRECTION ( 'NONE',  ( 1.000000000000000000, 0.000000000000000000, 0.000000000000000000 ) ) ;
#689 = AXIS2_PLACEMENT_3D ( 'NONE', #115, #257, #554 ) ;
#690 = EDGE_CURVE ( 'NONE', #122, #1532, #707, .T. ) ;
#691 = EDGE_CURVE ( 'NONE', #22, #770, #727, .T. ) ;
#692 = CARTESIAN_POINT ( 'NONE',  ( 2.139710405924525105, 136.9714728336169003, 3.000000000000000000 ) ) ;
#693 = PLANE ( 'NONE',  #1186 ) ;
#694 = VECTOR ( 'NONE', #881, 1000.000000000000000 ) ;
#695 = ORIENTED_EDGE ( 'NONE', *, *, #1324, .T. ) ;
#696 = DIRECTION ( 'NONE',  ( 1.000000000000000000, 0.000000000000000000, 0.000000000000000000 ) ) ;
#697 = LINE ( 'NONE', #984, #1501 ) ;
#698 = DIRECTION ( 'NONE',  ( -0.000000000000000000, -0.000000000000000000, -1.000000000000000000 ) ) ;
#699 = CYLINDRICAL_SURFACE ( 'NONE', #566, 1.499999999999997780 ) ;
#700 = AXIS2_PLACEMENT_3D ( 'NONE', #994, #260, #977 ) ;
#701 = AXIS2_PLACEMENT_3D ( 'NONE', #986, #270, #1423 ) ;
#702 = ORIENTED_EDGE ( 'NONE', *, *, #858, .F. ) ;
#703 = LINE ( 'NONE', #831, #563 ) ;
#704 = CARTESIAN_POINT ( 'NONE',  ( 22.04233843770124324, 136.9714728336169003, 3.000000000000000000 ) ) ;
#705 = EDGE_CURVE ( 'NONE', #1470, #414, #1781, .T. ) ;
#706 = ORIENTED_EDGE ( 'NONE', *, *, #383, .T. ) ;
#707 = LINE ( 'NONE', #41, #610 ) ;
#708 = UNCERTAINTY_MEASURE_WITH_UNIT (LENGTH_MEASURE( 1.000000000000000082E-05 ), #1145, 'distance_accuracy_value', 'NONE');
#709 = CYLINDRICAL_SURFACE ( 'NONE', #1861, 1.500000000000000000 ) ;
#710 = ADVANCED_FACE ( 'NONE', ( #1758 ), #613, .T. ) ;
#711 = VERTEX_POINT ( 'NONE', #1620 ) ;
#712 = CARTESIAN_POINT ( 'NONE',  ( 27.96159094805947376, -5.528527166383106817, 0.000000000000000000 ) ) ;
#713 = CIRCLE ( 'NONE', #310, 1.500000000000001332 ) ;
#714 = EDGE_LOOP ( 'NONE', ( #107, #1602, #425, #1101, #1391, #316, #625, #650, #1084, #463, #496, #519, #322 ) ) ;
#715 = ORIENTED_EDGE ( 'NONE', *, *, #1259, .T. ) ;
#716 = AXIS2_PLACEMENT_3D ( 'NONE', #1717, #1733, #1424 ) ;
#717 = DIRECTION ( 'NONE',  ( 1.000000000000000000, 0.000000000000000000, 0.000000000000000000 ) ) ;
#718 = CARTESIAN_POINT ( 'NONE',  ( 2.139710405924525105, 151.9714728336169003, 3.000000000000000000 ) ) ;
#719 = VERTEX_POINT ( 'NONE', #300 ) ;
#720 = CIRCLE ( 'NONE', #1681, 1.500000000000000444 ) ;
#721 = ADVANCED_FACE ( 'NONE', ( #482 ), #461, .F. ) ;
#722 = DIRECTION ( 'NONE',  ( -1.000000000000000000, 0.000000000000000000, 0.000000000000000000 ) ) ;
#723 = ORIENTED_EDGE ( 'NONE', *, *, #1559, .F. ) ;
#724 = CARTESIAN_POINT ( 'NONE',  ( -2.889376453025081837, 164.4714728336169003, 3.000000000000000000 ) ) ;
#725 = AXIS2_PLACEMENT_3D ( 'NONE', #1168, #1744, #1450 ) ;
#726 = FACE_OUTER_BOUND ( 'NONE', #141, .T. ) ;
#727 = CIRCLE ( 'NONE', #1783, 1.499999999999997780 ) ;
#728 = VERTEX_POINT ( 'NONE', #319 ) ;
#729 = DIRECTION ( 'NONE',  ( -0.000000000000000000, -0.000000000000000000, -1.000000000000000000 ) ) ;
#730 = EDGE_CURVE ( 'NONE', #348, #719, #921, .T. ) ;
#731 = ORIENTED_EDGE ( 'NONE', *, *, #844, .T. ) ;
#732 = LOCAL_TIME ( 18, 7, 28.00000000000000000, #1449 ) ;
#733 = CARTESIAN_POINT ( 'NONE',  ( 22.04233843770124324, 151.9714728336169003, 0.000000000000000000 ) ) ;
#734 = APPROVAL_ROLE ( '' ) ;
#735 = DIRECTION ( 'NONE',  ( 1.000000000000000000, 0.000000000000000000, 0.000000000000000000 ) ) ;
#736 = ORIENTED_EDGE ( 'NONE', *, *, #999, .F. ) ;
#737 = LINE ( 'NONE', #168, #694 ) ;
#738 = ORIENTED_EDGE ( 'NONE', *, *, #1621, .T. ) ;
#739 = EDGE_CURVE ( 'NONE', #1598, #175, #597, .T. ) ;
#740 = DATE_AND_TIME ( #912, #732 ) ;
#741 = CARTESIAN_POINT ( 'NONE',  ( -0.8602895940754782256, 121.9714728336169003, 3.000000000000000000 ) ) ;
#742 = ORIENTED_EDGE ( 'NONE', *, *, #858, .T. ) ;
#743 = AXIS2_PLACEMENT_3D ( 'NONE', #1828, #1107, #932 ) ;
#744 = ORIENTED_EDGE ( 'NONE', *, *, #867, .T. ) ;
#745 = CARTESIAN_POINT ( 'NONE',  ( 22.04233843770123968, 52.63946686589362400, 3.000000000000000000 ) ) ;
#746 = CIRCLE ( 'NONE', #872, 5.000000000000000000 ) ;
#747 = DIRECTION ( 'NONE',  ( 1.000000000000000000, 0.000000000000000000, 0.000000000000000000 ) ) ;
#748 = EDGE_CURVE ( 'NONE', #813, #761, #264, .T. ) ;
#749 = DIRECTION ( 'NONE',  ( 1.000000000000000000, 0.000000000000000000, 0.000000000000000000 ) ) ;
#750 = DIRECTION ( 'NONE',  ( 0.000000000000000000, 0.000000000000000000, 1.000000000000000000 ) ) ;
#751 = VERTEX_POINT ( 'NONE', #1185 ) ;
#752 = CIRCLE ( 'NONE', #1443, 1.499999999999999556 ) ;
#753 = AXIS2_PLACEMENT_3D ( 'NONE', #374, #1208, #1790 ) ;
#754 = ORIENTED_EDGE ( 'NONE', *, *, #1766, .T. ) ;
#755 = CARTESIAN_POINT ( 'NONE',  ( 1.706511640677173647, 15.55581542071531942, -9.000000000000001776 ) ) ;
#756 = LINE ( 'NONE', #919, #1743 ) ;
#757 = EDGE_LOOP ( 'NONE', ( #33, #620 ) ) ;
#758 = DIRECTION ( 'NONE',  ( -0.000000000000000000, -0.000000000000000000, -1.000000000000000000 ) ) ;
#759 = CIRCLE ( 'NONE', #1628, 1.499999999999997780 ) ;
#760 = DIRECTION ( 'NONE',  ( -0.000000000000000000, -0.000000000000000000, -1.000000000000000000 ) ) ;
#761 = VERTEX_POINT ( 'NONE', #331 ) ;
#762 = EDGE_CURVE ( 'NONE', #1701, #336, #1284, .T. ) ;
#763 = FACE_BOUND ( 'NONE', #1726, .T. ) ;
#764 = DIRECTION ( 'NONE',  ( 1.000000000000000000, 0.000000000000000000, 0.000000000000000000 ) ) ;
#765 = CARTESIAN_POINT ( 'NONE',  ( 22.04233843770123968, 47.63946686589362400, 3.000000000000000000 ) ) ;
#766 = ORIENTED_EDGE ( 'NONE', *, *, #1599, .F. ) ;
#767 = DIRECTION ( 'NONE',  ( 0.000000000000000000, 0.000000000000000000, 1.000000000000000000 ) ) ;
#768 = COORDINATED_UNIVERSAL_TIME_OFFSET ( 5, 30, .AHEAD. ) ;
#769 = DIRECTION ( 'NONE',  ( -1.000000000000000000, 0.000000000000000000, 0.000000000000000000 ) ) ;
#770 = VERTEX_POINT ( 'NONE', #1457 ) ;
#771 = CIRCLE ( 'NONE', #1676, 1.500000000000001332 ) ;
#772 = ORIENTED_EDGE ( 'NONE', *, *, #604, .F. ) ;
#773 = EDGE_CURVE ( 'NONE', #848, #1807, #1014, .T. ) ;
#774 = VECTOR ( 'NONE', #1415, 1000.000000000000000 ) ;
#775 = CYLINDRICAL_SURFACE ( 'NONE', #1010, 5.000000000000000000 ) ;
#776 = ORIENTED_EDGE ( 'NONE', *, *, #1388, .F. ) ;
#777 = LINE ( 'NONE', #1316, #147 ) ;
#778 = CARTESIAN_POINT ( 'NONE',  ( 1.706511640677173647, 15.55581542071531942, -9.000000000000001776 ) ) ;
#779 = CIRCLE ( 'NONE', #204, 1.500000000000000000 ) ;
#780 = ORIENTED_EDGE ( 'NONE', *, *, #158, .T. ) ;
#781 = DIRECTION ( 'NONE',  ( 0.000000000000000000, 0.000000000000000000, 1.000000000000000000 ) ) ;
#782 = CARTESIAN_POINT ( 'NONE',  ( -0.8602895940754756721, 151.9714728336169003, 3.000000000000000000 ) ) ;
#783 = CC_DESIGN_PERSON_AND_ORGANIZATION_ASSIGNMENT ( #614, #154, ( #334 ) ) ;
#784 = ORIENTED_EDGE ( 'NONE', *, *, #244, .T. ) ;
#785 = EDGE_CURVE ( 'NONE', #70, #711, #471, .T. ) ;
#786 = CARTESIAN_POINT ( 'NONE',  ( -2.889376453025085389, -0.5285271663831099254, 0.000000000000000000 ) ) ;
#787 = CIRCLE ( 'NONE', #671, 1.500000000000001332 ) ;
#788 = CARTESIAN_POINT ( 'NONE',  ( -2.707661250040972245, 1.139466865893621117, 0.000000000000000000 ) ) ;
#789 = AXIS2_PLACEMENT_3D ( 'NONE', #943, #66, #1216 ) ;
#790 = DIRECTION ( 'NONE',  ( -0.000000000000000000, -0.000000000000000000, -1.000000000000000000 ) ) ;
#791 = ORIENTED_EDGE ( 'NONE', *, *, #550, .F. ) ;
#792 = LINE ( 'NONE', #942, #898 ) ;
#793 = EDGE_CURVE ( 'NONE', #985, #1719, #1613, .T. ) ;
#794 = DIRECTION ( 'NONE',  ( -0.000000000000000000, -0.000000000000000000, -1.000000000000000000 ) ) ;
#795 = DIRECTION ( 'NONE',  ( 1.000000000000000000, 0.000000000000000000, 0.000000000000000000 ) ) ;
#796 = ORIENTED_EDGE ( 'NONE', *, *, #1777, .T. ) ;
#797 = FACE_BOUND ( 'NONE', #1515, .T. ) ;
#798 = EDGE_LOOP ( 'NONE', ( #1754, #1261, #731, #1352 ) ) ;
#799 = DIRECTION ( 'NONE',  ( 1.000000000000000000, 0.000000000000000000, 0.000000000000000000 ) ) ;
#800 = DIRECTION ( 'NONE',  ( -0.000000000000000000, -0.000000000000000000, -1.000000000000000000 ) ) ;
#801 = ORIENTED_EDGE ( 'NONE', *, *, #1135, .T. ) ;
#802 = CYLINDRICAL_SURFACE ( 'NONE', #502, 1.500000000000001332 ) ;
#803 = ADVANCED_FACE ( 'NONE', ( #1165 ), #1752, .F. ) ;
#804 = DIRECTION ( 'NONE',  ( 1.000000000000000000, 0.000000000000000000, 0.000000000000000000 ) ) ;
#805 = ADVANCED_FACE ( 'NONE', ( #661 ), #832, .F. ) ;
#806 = CARTESIAN_POINT ( 'NONE',  ( 20.54233843770124679, 141.9714728336169003, 3.000000000000000000 ) ) ;
#807 = ORIENTED_EDGE ( 'NONE', *, *, #923, .T. ) ;
#808 = AXIS2_PLACEMENT_3D ( 'NONE', #375, #1397, #675 ) ;
#809 = EDGE_LOOP ( 'NONE', ( #1504, #1839, #925, #296 ) ) ;
#810 = CYLINDRICAL_SURFACE ( 'NONE', #1618, 1.500000000000001332 ) ;
#811 = VECTOR ( 'NONE', #1502, 1000.000000000000000 ) ;
#812 = CARTESIAN_POINT ( 'NONE',  ( 2.139710405924522885, 47.63946686589362400, 3.000000000000000000 ) ) ;
#813 = VERTEX_POINT ( 'NONE', #1639 ) ;
#814 = FACE_OUTER_BOUND ( 'NONE', #1872, .T. ) ;
#815 = VECTOR ( 'NONE', #1866, 1000.000000000000000 ) ;
#816 = DIRECTION ( 'NONE',  ( -0.000000000000000000, 0.000000000000000000, -1.000000000000000000 ) ) ;
#817 = DIRECTION ( 'NONE',  ( -1.000000000000000000, 0.000000000000000000, 0.000000000000000000 ) ) ;
#818 = ORIENTED_EDGE ( 'NONE', *, *, #1804, .F. ) ;
#819 = LINE ( 'NONE', #237, #884 ) ;
#820 = ORIENTED_EDGE ( 'NONE', *, *, #1412, .T. ) ;
#821 = CARTESIAN_POINT ( 'NONE',  ( 23.54233843770124324, 136.9714728336169003, 3.000000000000000000 ) ) ;
#822 = DIRECTION ( 'NONE',  ( 0.000000000000000000, 1.000000000000000000, 0.000000000000000000 ) ) ;
#823 = VECTOR ( 'NONE', #71, 1000.000000000000000 ) ;
#824 = CIRCLE ( 'NONE', #1750, 1.499999999999997780 ) ;
#825 = ORIENTED_EDGE ( 'NONE', *, *, #167, .T. ) ;
#826 = VECTOR ( 'NONE', #970, 1000.000000000000000 ) ;
#827 = DIRECTION ( 'NONE',  ( 1.000000000000000000, 0.000000000000000000, 0.000000000000000000 ) ) ;
#828 = VERTEX_POINT ( 'NONE', #501 ) ;
#829 = DIRECTION ( 'NONE',  ( 0.000000000000000000, 0.000000000000000000, 1.000000000000000000 ) ) ;
#830 = ADVANCED_FACE ( 'NONE', ( #1404 ), #673, .F. ) ;
#831 = CARTESIAN_POINT ( 'NONE',  ( 20.54233843770123968, 47.63946686589362400, 3.000000000000000000 ) ) ;
#832 = CYLINDRICAL_SURFACE ( 'NONE', #1255, 1.500000000000000000 ) ;
#833 = FACE_BOUND ( 'NONE', #113, .T. ) ;
#834 = LINE ( 'NONE', #963, #498 ) ;
#835 = EDGE_LOOP ( 'NONE', ( #905, #25, #883, #959 ) ) ;
#836 = EDGE_LOOP ( 'NONE', ( #953, #1857, #272, #871 ) ) ;
#837 = DIRECTION ( 'NONE',  ( 0.000000000000000000, 0.000000000000000000, 1.000000000000000000 ) ) ;
#838 = DIRECTION ( 'NONE',  ( 0.000000000000000000, 0.000000000000000000, 1.000000000000000000 ) ) ;
#839 = DIRECTION ( 'NONE',  ( -1.000000000000000000, 0.000000000000000000, 0.000000000000000000 ) ) ;
#840 = DIRECTION ( 'NONE',  ( 0.000000000000000000, 0.000000000000000000, 1.000000000000000000 ) ) ;
#841 = APPROVAL ( #1332, 'UNSPECIFIED' ) ;
#842 = CIRCLE ( 'NONE', #540, 1.500000000000001332 ) ;
#843 = ORIENTED_EDGE ( 'NONE', *, *, #1539, .T. ) ;
#844 = EDGE_CURVE ( 'NONE', #283, #1422, #792, .T. ) ;
#845 = CARTESIAN_POINT ( 'NONE',  ( 22.96159094805947376, 164.4714728336168719, 3.000000000000000000 ) ) ;
#846 = DIRECTION ( 'NONE',  ( 0.000000000000000000, 0.000000000000000000, 1.000000000000000000 ) ) ;
#847 = AXIS2_PLACEMENT_3D ( 'NONE', #457, #1607, #900 ) ;
#848 = VERTEX_POINT ( 'NONE', #682 ) ;
#849 = FACE_BOUND ( 'NONE', #1062, .T. ) ;
#850 = EDGE_CURVE ( 'NONE', #206, #1287, #1312, .T. ) ;
#851 = DIRECTION ( 'NONE',  ( 1.000000000000000000, 0.000000000000000000, 0.000000000000000000 ) ) ;
#852 = AXIS2_PLACEMENT_3D ( 'NONE', #1622, #340, #804 ) ;
#853 = ORIENTED_EDGE ( 'NONE', *, *, #940, .T. ) ;
#854 = CARTESIAN_POINT ( 'NONE',  ( 23.54233843770124324, 136.9714728336169003, 0.000000000000000000 ) ) ;
#855 = ORIENTED_EDGE ( 'NONE', *, *, #1376, .F. ) ;
#856 = CARTESIAN_POINT ( 'NONE',  ( -3.091432406173955538, -5.524442837388486183, 0.000000000000000000 ) ) ;
#857 = FACE_OUTER_BOUND ( 'NONE', #1552, .T. ) ;
#858 = EDGE_CURVE ( 'NONE', #283, #1171, #1772, .T. ) ;
#859 = DIRECTION ( 'NONE',  ( 0.000000000000000000, 0.000000000000000000, 1.000000000000000000 ) ) ;
#860 = ADVANCED_FACE ( 'NONE', ( #390 ), #802, .F. ) ;
#861 = VERTEX_POINT ( 'NONE', #373 ) ;
#862 = CARTESIAN_POINT ( 'NONE',  ( 0.6397104059245213303, 47.63946686589362400, 3.000000000000000000 ) ) ;
#863 = ORIENTED_EDGE ( 'NONE', *, *, #1464, .T. ) ;
#864 = ORIENTED_EDGE ( 'NONE', *, *, #234, .T. ) ;
#865 = VECTOR ( 'NONE', #1706, 1000.000000000000000 ) ;
#866 = FACE_OUTER_BOUND ( 'NONE', #1377, .T. ) ;
#867 = EDGE_CURVE ( 'NONE', #1807, #848, #82, .T. ) ;
#868 = PERSON_AND_ORGANIZATION_ROLE ( 'design_owner' ) ;
#869 = CARTESIAN_POINT ( 'NONE',  ( 0.6923387499589792604, 156.9714728336169003, 3.000000000000000000 ) ) ;
#870 = VECTOR ( 'NONE', #1225, 1000.000000000000000 ) ;
#871 = ORIENTED_EDGE ( 'NONE', *, *, #397, .F. ) ;
#872 = AXIS2_PLACEMENT_3D ( 'NONE', #1462, #298, #890 ) ;
#873 = DIRECTION ( 'NONE',  ( -0.000000000000000000, -0.000000000000000000, -1.000000000000000000 ) ) ;
#874 = CARTESIAN_POINT ( 'NONE',  ( 0.6397104059245248830, 151.9714728336169003, 0.000000000000000000 ) ) ;
#875 = CLOSED_SHELL ( 'NONE', ( #456, #1724, #803, #1297, #830, #492, #1589, #1034, #3, #1288, #1431, #1059, #1712, #1180, #1276, #860, #413, #405, #665, #1846, #128, #427, #1334, #1708, #1816, #889, #194, #964, #1269, #991, #150, #632, #258, #511, #1015, #127, #504, #1209, #444, #805, #571, #721, #1268, #552, #1513, #1746, #1305, #267, #710, #354, #448 ) ) ;
#876 = DIRECTION ( 'NONE',  ( 0.000000000000000000, 0.000000000000000000, 1.000000000000000000 ) ) ;
#877 = CIRCLE ( 'NONE', #363, 1.500000000000000444 ) ;
#878 = EDGE_LOOP ( 'NONE', ( #553, #386 ) ) ;
#879 = EDGE_CURVE ( 'NONE', #1380, #1761, #720, .T. ) ;
#880 = EDGE_CURVE ( 'NONE', #282, #1456, #1077, .T. ) ;
#881 = DIRECTION ( 'NONE',  ( 0.000000000000000000, 1.000000000000000000, 0.000000000000000000 ) ) ;
#882 = CC_DESIGN_APPROVAL ( #841, ( #334 ) ) ;
#883 = ORIENTED_EDGE ( 'NONE', *, *, #1252, .T. ) ;
#884 = VECTOR ( 'NONE', #529, 1000.000000000000000 ) ;
#885 = CARTESIAN_POINT ( 'NONE',  ( 1.706511640677173647, -0.5285271663831094813, -9.000000000000001776 ) ) ;
#886 = APPROVAL_DATE_TIME ( #894, #1509 ) ;
#887 = DIRECTION ( 'NONE',  ( 1.000000000000000000, 0.000000000000000000, 0.000000000000000000 ) ) ;
#888 = ORIENTED_EDGE ( 'NONE', *, *, #1047, .T. ) ;
#889 = ADVANCED_FACE ( 'NONE', ( #814 ), #349, .F. ) ;
#890 = DIRECTION ( 'NONE',  ( 1.000000000000000000, 0.000000000000000000, 0.000000000000000000 ) ) ;
#891 = ORIENTED_EDGE ( 'NONE', *, *, #56, .F. ) ;
#892 = CARTESIAN_POINT ( 'NONE',  ( 0.6397104059245248830, 151.9714728336169003, 3.000000000000000000 ) ) ;
#893 = AXIS2_PLACEMENT_3D ( 'NONE', #1694, #952, #817 ) ;
#894 = DATE_AND_TIME ( #1320, #913 ) ;
#895 = CIRCLE ( 'NONE', #1129, 5.000000000000000888 ) ;
#896 = DIRECTION ( 'NONE',  ( -0.000000000000000000, -1.000000000000000000, -0.000000000000000000 ) ) ;
#897 = ORIENTED_EDGE ( 'NONE', *, *, #1371, .T. ) ;
#898 = VECTOR ( 'NONE', #1236, 1000.000000000000000 ) ;
#899 = VERTEX_POINT ( 'NONE', #1811 ) ;
#900 = DIRECTION ( 'NONE',  ( 0.000000000000000000, 0.000000000000000000, 1.000000000000000000 ) ) ;
#901 = DIRECTION ( 'NONE',  ( 1.000000000000000000, 0.000000000000000000, 0.000000000000000000 ) ) ;
#902 = CARTESIAN_POINT ( 'NONE',  ( 1.706511640677173647, 15.55581542071531942, 3.000000000000000000 ) ) ;
#903 = EDGE_CURVE ( 'NONE', #195, #474, #515, .T. ) ;
#904 = LINE ( 'NONE', #445, #1290 ) ;
#905 = ORIENTED_EDGE ( 'NONE', *, *, #1787, .F. ) ;
#906 = DIRECTION ( 'NONE',  ( 1.000000000000000000, 0.000000000000000000, 0.000000000000000000 ) ) ;
#907 = EDGE_LOOP ( 'NONE', ( #1819, #1147, #1281, #1548 ) ) ;
#908 = DIRECTION ( 'NONE',  ( -0.000000000000000000, -0.000000000000000000, 1.000000000000000000 ) ) ;
#909 = CYLINDRICAL_SURFACE ( 'NONE', #1257, 1.499999999999997780 ) ;
#910 = ORIENTED_EDGE ( 'NONE', *, *, #1071, .F. ) ;
#911 = CARTESIAN_POINT ( 'NONE',  ( 0.6923387499589792604, 156.9714728336169003, 0.000000000000000000 ) ) ;
#912 = CALENDAR_DATE ( 2026, 20, 6 ) ;
#913 = LOCAL_TIME ( 18, 7, 28.00000000000000000, #1057 ) ;
#914 = DIRECTION ( 'NONE',  ( 1.000000000000000000, 0.000000000000000000, 0.000000000000000000 ) ) ;
#915 = ORIENTED_EDGE ( 'NONE', *, *, #183, .T. ) ;
#916 = DIRECTION ( 'NONE',  ( 0.000000000000000000, 0.000000000000000000, 1.000000000000000000 ) ) ;
#917 = ORIENTED_EDGE ( 'NONE', *, *, #1166, .T. ) ;
#918 = FACE_OUTER_BOUND ( 'NONE', #1053, .T. ) ;
#919 = CARTESIAN_POINT ( 'NONE',  ( 20.54233843770124679, 136.9714728336169003, 3.000000000000000000 ) ) ;
#920 = VERTEX_POINT ( 'NONE', #415 ) ;
#921 = LINE ( 'NONE', #885, #43 ) ;
#922 = PLANE ( 'NONE',  #753 ) ;
#923 = EDGE_CURVE ( 'NONE', #341, #1470, #1149, .T. ) ;
#924 = CIRCLE ( 'NONE', #1156, 1.499999999999997780 ) ;
#925 = ORIENTED_EDGE ( 'NONE', *, *, #1574, .F. ) ;
#926 = DIRECTION ( 'NONE',  ( -0.000000000000000000, -0.000000000000000000, -1.000000000000000000 ) ) ;
#927 = ORIENTED_EDGE ( 'NONE', *, *, #979, .T. ) ;
#928 = CARTESIAN_POINT ( 'NONE',  ( -4.207661250040973577, 1.139466865893621117, 3.000000000000000000 ) ) ;
#929 = EDGE_CURVE ( 'NONE', #574, #573, #281, .T. ) ;
#930 = FACE_OUTER_BOUND ( 'NONE', #1184, .T. ) ;
#931 = EDGE_LOOP ( 'NONE', ( #269, #1506, #1751, #801, #917, #1249, #1340, #1291, #1119, #1356, #1680, #1335, #1757 ) ) ;
#932 = DIRECTION ( 'NONE',  ( -1.000000000000000000, 0.000000000000000000, 0.000000000000000000 ) ) ;
#933 = CARTESIAN_POINT ( 'NONE',  ( 0.6397104059245248830, 136.9714728336169003, 0.000000000000000000 ) ) ;
#934 = ORIENTED_EDGE ( 'NONE', *, *, #1071, .T. ) ;
#935 = FACE_BOUND ( 'NONE', #1693, .T. ) ;
#936 = ORIENTED_EDGE ( 'NONE', *, *, #844, .F. ) ;
#937 = CARTESIAN_POINT ( 'NONE',  ( 23.54233843770123968, 121.9714728336169003, 3.000000000000000000 ) ) ;
#938 = CIRCLE ( 'NONE', #1478, 1.500000000000000000 ) ;
#939 = CYLINDRICAL_SURFACE ( 'NONE', #1737, 1.499999999999997780 ) ;
#940 = EDGE_CURVE ( 'NONE', #920, #1524, #114, .T. ) ;
#941 = EDGE_CURVE ( 'NONE', #573, #366, #266, .T. ) ;
#942 = CARTESIAN_POINT ( 'NONE',  ( -0.8076612500410207396, 141.9714728336169003, 3.000000000000000000 ) ) ;
#943 = CARTESIAN_POINT ( 'NONE',  ( 0.6397104059245213303, 121.9714728336169003, 3.000000000000000000 ) ) ;
#944 = DIRECTION ( 'NONE',  ( -0.000000000000000000, 0.000000000000000000, -1.000000000000000000 ) ) ;
#945 = VERTEX_POINT ( 'NONE', #582 ) ;
#946 = ORIENTED_EDGE ( 'NONE', *, *, #1864, .T. ) ;
#947 = CARTESIAN_POINT ( 'NONE',  ( 24.46159094805939205, 1.139466865893621339, 3.000000000000000000 ) ) ;
#948 = PLANE ( 'NONE',  #594 ) ;
#949 = EDGE_LOOP ( 'NONE', ( #303, #18, #1150, #1490 ) ) ;
#950 = CARTESIAN_POINT ( 'NONE',  ( 24.46159094805939205, 1.139466865893621339, 3.000000000000000000 ) ) ;
#951 = DIRECTION ( 'NONE',  ( -1.000000000000000000, 0.000000000000000000, 0.000000000000000000 ) ) ;
#952 = DIRECTION ( 'NONE',  ( -0.000000000000000000, -0.000000000000000000, -1.000000000000000000 ) ) ;
#953 = ORIENTED_EDGE ( 'NONE', *, *, #604, .T. ) ;
#954 = CIRCLE ( 'NONE', #1100, 1.499999999999997780 ) ;
#955 = ORIENTED_EDGE ( 'NONE', *, *, #979, .F. ) ;
#956 = CYLINDRICAL_SURFACE ( 'NONE', #1289, 1.499999999999997780 ) ;
#957 = CIRCLE ( 'NONE', #1678, 5.000000000000000888 ) ;
#958 = CARTESIAN_POINT ( 'NONE',  ( 2.192338749958979260, 156.9714728336169003, 3.000000000000000000 ) ) ;
#959 = ORIENTED_EDGE ( 'NONE', *, *, #589, .F. ) ;
#960 = CARTESIAN_POINT ( 'NONE',  ( 0.6397104059245248830, 136.9714728336169003, 3.000000000000000000 ) ) ;
#961 = AXIS2_PLACEMENT_3D ( 'NONE', #1714, #1272, #1138 ) ;
#962 = LINE ( 'NONE', #1686, #1447 ) ;
#963 = CARTESIAN_POINT ( 'NONE',  ( 23.54233843770124324, 156.9714728336169003, 3.000000000000000000 ) ) ;
#964 = ADVANCED_FACE ( 'NONE', ( #292 ), #555, .F. ) ;
#965 = CARTESIAN_POINT ( 'NONE',  ( 20.54233843770124679, 151.9714728336169003, 0.000000000000000000 ) ) ;
#966 = ORIENTED_EDGE ( 'NONE', *, *, #593, .T. ) ;
#967 = CARTESIAN_POINT ( 'NONE',  ( 0.6397104059245213303, 121.9714728336169003, 3.000000000000000000 ) ) ;
#968 = DIRECTION ( 'NONE',  ( -0.000000000000000000, -0.000000000000000000, -1.000000000000000000 ) ) ;
#969 = ORIENTED_EDGE ( 'NONE', *, *, #1118, .T. ) ;
#970 = DIRECTION ( 'NONE',  ( -0.000000000000000000, -0.000000000000000000, -1.000000000000000000 ) ) ;
#971 = CARTESIAN_POINT ( 'NONE',  ( -2.889376453025086278, 159.4714728336169003, 0.000000000000000000 ) ) ;
#972 = VERTEX_POINT ( 'NONE', #854 ) ;
#973 = FACE_BOUND ( 'NONE', #1017, .T. ) ;
#974 = ORIENTED_EDGE ( 'NONE', *, *, #880, .T. ) ;
#975 = DIRECTION ( 'NONE',  ( 0.000000000000000000, 0.000000000000000000, 1.000000000000000000 ) ) ;
#976 = DIRECTION ( 'NONE',  ( 0.000000000000000000, 0.000000000000000000, 1.000000000000000000 ) ) ;
#977 = DIRECTION ( 'NONE',  ( -1.000000000000000000, 0.000000000000000000, 0.000000000000000000 ) ) ;
#978 = CARTESIAN_POINT ( 'NONE',  ( 22.04233843770124324, 136.9714728336169003, 0.000000000000000000 ) ) ;
#979 = EDGE_CURVE ( 'NONE', #1368, #70, #1840, .T. ) ;
#980 = EDGE_LOOP ( 'NONE', ( #686, #969, #111, #30 ) ) ;
#981 = DIRECTION ( 'NONE',  ( 0.000000000000000000, 0.000000000000000000, 1.000000000000000000 ) ) ;
#982 = EDGE_CURVE ( 'NONE', #1287, #206, #170, .T. ) ;
#983 = CIRCLE ( 'NONE', #689, 1.499999999999999556 ) ;
#984 = CARTESIAN_POINT ( 'NONE',  ( -7.889376453025086278, -5.528527166383110369, 3.000000000000000000 ) ) ;
#985 = VERTEX_POINT ( 'NONE', #1280 ) ;
#986 = CARTESIAN_POINT ( 'NONE',  ( 0.000000000000000000, 0.000000000000000000, 3.000000000000000000 ) ) ;
#987 = DIRECTION ( 'NONE',  ( 0.000000000000000000, 0.000000000000000000, 1.000000000000000000 ) ) ;
#988 = ORIENTED_EDGE ( 'NONE', *, *, #67, .F. ) ;
#989 = AXIS2_PLACEMENT_3D ( 'NONE', #200, #38, #1594 ) ;
#990 = ORIENTED_EDGE ( 'NONE', *, *, #158, .F. ) ;
#991 = ADVANCED_FACE ( 'NONE', ( #151 ), #572, .F. ) ;
#992 = EDGE_CURVE ( 'NONE', #1850, #1701, #130, .T. ) ;
#993 = ORIENTED_EDGE ( 'NONE', *, *, #559, .F. ) ;
#994 = CARTESIAN_POINT ( 'NONE',  ( 22.04233843770124324, 156.9714728336169003, 3.000000000000000000 ) ) ;
#995 = DIRECTION ( 'NONE',  ( 0.000000000000000000, 0.000000000000000000, 1.000000000000000000 ) ) ;
#996 = CARTESIAN_POINT ( 'NONE',  ( 14.48268558197597855, 0.000000000000000000, 0.000000000000000000 ) ) ;
#997 = ORIENTED_EDGE ( 'NONE', *, *, #149, .T. ) ;
#998 = CC_DESIGN_APPROVAL ( #301, ( #1110 ) ) ;
#999 = EDGE_CURVE ( 'NONE', #293, #1862, #424, .T. ) ;
#1000 = DIRECTION ( 'NONE',  ( -0.000000000000000000, -0.000000000000000000, -1.000000000000000000 ) ) ;
#1001 = ORIENTED_EDGE ( 'NONE', *, *, #367, .F. ) ;
#1002 = ORIENTED_EDGE ( 'NONE', *, *, #103, .F. ) ;
#1003 = CARTESIAN_POINT ( 'NONE',  ( 22.04233843770125034, 126.9714728336169003, 3.000000000000000000 ) ) ;
#1004 =( NAMED_UNIT ( * ) PLANE_ANGLE_UNIT ( ) SI_UNIT ( $, .RADIAN. ) );
#1005 = CARTESIAN_POINT ( 'NONE',  ( 20.54233843770124324, 121.9714728336169003, 3.000000000000000000 ) ) ;
#1006 = ORIENTED_EDGE ( 'NONE', *, *, #982, .F. ) ;
#1007 = DIRECTION ( 'NONE',  ( -0.000000000000000000, -1.000000000000000000, -0.000000000000000000 ) ) ;
#1008 = VECTOR ( 'NONE', #1541, 1000.000000000000000 ) ;
#1009 = ORIENTED_EDGE ( 'NONE', *, *, #793, .F. ) ;
#1010 = AXIS2_PLACEMENT_3D ( 'NONE', #1645, #495, #1346 ) ;
#1011 = CYLINDRICAL_SURFACE ( 'NONE', #1767, 1.500000000000001332 ) ;
#1012 = DIRECTION ( 'NONE',  ( 0.000000000000000000, 0.000000000000000000, 1.000000000000000000 ) ) ;
#1013 = CARTESIAN_POINT ( 'NONE',  ( 0.6397104059245213303, 47.63946686589362400, 0.000000000000000000 ) ) ;
#1014 = CIRCLE ( 'NONE', #1644, 1.499999999999999112 ) ;
#1015 = ADVANCED_FACE ( 'NONE', ( #1695 ), #401, .F. ) ;
#1016 = EDGE_CURVE ( 'NONE', #1591, #1111, #1160, .T. ) ;
#1017 = EDGE_LOOP ( 'NONE', ( #1580, #1300 ) ) ;
#1018 = DIRECTION ( 'NONE',  ( -1.000000000000000000, 7.741932122810514360E-16, 0.000000000000000000 ) ) ;
#1019 = VERTEX_POINT ( 'NONE', #1731 ) ;
#1020 = CIRCLE ( 'NONE', #1387, 1.500000000000001332 ) ;
#1021 = CARTESIAN_POINT ( 'NONE',  ( 1.706511640677173647, -0.5285271663831094813, 3.000000000000000000 ) ) ;
#1022 = EDGE_CURVE ( 'NONE', #1171, #283, #779, .T. ) ;
#1023 = AXIS2_PLACEMENT_3D ( 'NONE', #1058, #816, #914 ) ;
#1024 = EDGE_LOOP ( 'NONE', ( #353, #600, #695, #1105 ) ) ;
#1025 = CYLINDRICAL_SURFACE ( 'NONE', #45, 1.500000000000000444 ) ;
#1026 = EDGE_CURVE ( 'NONE', #336, #481, #697, .T. ) ;
#1027 = VERTEX_POINT ( 'NONE', #1586 ) ;
#1028 = CARTESIAN_POINT ( 'NONE',  ( 22.04233843770125034, 126.9714728336169003, 0.000000000000000000 ) ) ;
#1029 = CALENDAR_DATE ( 2026, 20, 6 ) ;
#1030 = DIRECTION ( 'NONE',  ( 0.000000000000000000, 0.000000000000000000, 1.000000000000000000 ) ) ;
#1031 = EDGE_CURVE ( 'NONE', #569, #1701, #1410, .T. ) ;
#1032 = ORIENTED_EDGE ( 'NONE', *, *, #318, .F. ) ;
#1033 = DIRECTION ( 'NONE',  ( -0.000000000000000000, -0.000000000000000000, -1.000000000000000000 ) ) ;
#1034 = ADVANCED_FACE ( 'NONE', ( #1121 ), #1563, .F. ) ;
#1035 = VERTEX_POINT ( 'NONE', #327 ) ;
#1036 = VECTOR ( 'NONE', #388, 1000.000000000000000 ) ;
#1037 = AXIS2_PLACEMENT_3D ( 'NONE', #284, #987, #592 ) ;
#1038 = CARTESIAN_POINT ( 'NONE',  ( 1.706511640677173647, 15.55581542071531942, 3.000000000000000000 ) ) ;
#1039 = EDGE_LOOP ( 'NONE', ( #146, #664 ) ) ;
#1040 = DIRECTION ( 'NONE',  ( 0.000000000000000000, 0.000000000000000000, -1.000000000000000000 ) ) ;
#1041 = AXIS2_PLACEMENT_3D ( 'NONE', #862, #846, #1444 ) ;
#1042 = ORIENTED_EDGE ( 'NONE', *, *, #484, .T. ) ;
#1043 = LINE ( 'NONE', #346, #1354 ) ;
#1044 = CARTESIAN_POINT ( 'NONE',  ( -0.8602895940754800019, 47.63946686589362400, 0.000000000000000000 ) ) ;
#1045 = VERTEX_POINT ( 'NONE', #469 ) ;
#1046 = DIRECTION ( 'NONE',  ( 0.000000000000000000, 0.000000000000000000, 1.000000000000000000 ) ) ;
#1047 = EDGE_CURVE ( 'NONE', #64, #1456, #350, .T. ) ;
#1048 = CARTESIAN_POINT ( 'NONE',  ( 22.04233843770124324, 151.9714728336169003, 3.000000000000000000 ) ) ;
#1049 = CIRCLE ( 'NONE', #1748, 1.500000000000000666 ) ;
#1050 = ORIENTED_EDGE ( 'NONE', *, *, #23, .T. ) ;
#1051 = AXIS2_PLACEMENT_3D ( 'NONE', #7, #1030, #887 ) ;
#1052 = CARTESIAN_POINT ( 'NONE',  ( 2.192338749958979260, 156.9714728336169003, 3.000000000000000000 ) ) ;
#1053 = EDGE_LOOP ( 'NONE', ( #784, #1643, #1773, #1499 ) ) ;
#1054 = CARTESIAN_POINT ( 'NONE',  ( 23.54233843770123968, 121.9714728336169003, 0.000000000000000000 ) ) ;
#1055 = CARTESIAN_POINT ( 'NONE',  ( 22.04233843770123968, 121.9714728336169003, 3.000000000000000000 ) ) ;
#1056 = ORIENTED_EDGE ( 'NONE', *, *, #1455, .T. ) ;
#1057 = COORDINATED_UNIVERSAL_TIME_OFFSET ( 5, 30, .AHEAD. ) ;
#1058 = CARTESIAN_POINT ( 'NONE',  ( 22.96159094805947021, 159.4714728336168719, 0.000000000000000000 ) ) ;
#1059 = ADVANCED_FACE ( 'NONE', ( #21 ), #909, .F. ) ;
#1060 = ORIENTED_EDGE ( 'NONE', *, *, #77, .T. ) ;
#1061 = FACE_BOUND ( 'NONE', #409, .T. ) ;
#1062 = EDGE_LOOP ( 'NONE', ( #702, #645 ) ) ;
#1063 = DIRECTION ( 'NONE',  ( 1.000000000000000000, 0.000000000000000000, 0.000000000000000000 ) ) ;
#1064 = DIRECTION ( 'NONE',  ( -0.000000000000000000, -0.000000000000000000, -1.000000000000000000 ) ) ;
#1065 = ORIENTED_EDGE ( 'NONE', *, *, #1016, .F. ) ;
#1066 = CARTESIAN_POINT ( 'NONE',  ( 22.04233843770123968, 47.63946686589362400, 3.000000000000000000 ) ) ;
#1067 = CARTESIAN_POINT ( 'NONE',  ( -0.8602895940754800019, 47.63946686589362400, 3.000000000000000000 ) ) ;
#1068 = CIRCLE ( 'NONE', #411, 1.500000000000000666 ) ;
#1069 = ORIENTED_EDGE ( 'NONE', *, *, #1606, .F. ) ;
#1070 = EDGE_CURVE ( 'NONE', #1019, #1304, #842, .T. ) ;
#1071 = EDGE_CURVE ( 'NONE', #1198, #618, #1339, .T. ) ;
#1072 = DIRECTION ( 'NONE',  ( 0.000000000000000000, 0.000000000000000000, 1.000000000000000000 ) ) ;
#1073 = FACE_OUTER_BOUND ( 'NONE', #1542, .T. ) ;
#1074 = CARTESIAN_POINT ( 'NONE',  ( 2.139710405924525105, 151.9714728336169003, 3.000000000000000000 ) ) ;
#1075 = AXIS2_PLACEMENT_3D ( 'NONE', #1617, #459, #1472 ) ;
#1076 = ORIENTED_EDGE ( 'NONE', *, *, #739, .T. ) ;
#1077 = LINE ( 'NONE', #950, #870 ) ;
#1078 = ADVANCED_BREP_SHAPE_REPRESENTATION ( 'Part23^Assem6new', ( #1648, #1239 ), #1453 ) ;
#1079 = FACE_OUTER_BOUND ( 'NONE', #90, .T. ) ;
#1080 = DIRECTION ( 'NONE',  ( 0.000000000000000000, 0.000000000000000000, 1.000000000000000000 ) ) ;
#1081 = ORIENTED_EDGE ( 'NONE', *, *, #1252, .F. ) ;
#1082 = DIRECTION ( 'NONE',  ( -0.000000000000000000, -0.000000000000000000, -1.000000000000000000 ) ) ;
#1083 = AXIS2_PLACEMENT_3D ( 'NONE', #788, #1493, #1063 ) ;
#1084 = ORIENTED_EDGE ( 'NONE', *, *, #268, .T. ) ;
#1085 = LINE ( 'NONE', #996, #1263 ) ;
#1086 = DIRECTION ( 'NONE',  ( -0.000000000000000000, 1.000000000000000000, 0.000000000000000000 ) ) ;
#1087 = ORIENTED_EDGE ( 'NONE', *, *, #1411, .T. ) ;
#1088 = DIRECTION ( 'NONE',  ( -1.000000000000000000, 0.000000000000000000, 0.000000000000000000 ) ) ;
#1089 = CARTESIAN_POINT ( 'NONE',  ( 0.6397104059245248830, 151.9714728336169003, 3.000000000000000000 ) ) ;
#1090 = LOCAL_TIME ( 18, 7, 28.00000000000000000, #1770 ) ;
#1091 = CARTESIAN_POINT ( 'NONE',  ( 1.706511640677173647, -5.528527166383110369, 3.000000000000000000 ) ) ;
#1092 = EDGE_LOOP ( 'NONE', ( #1739, #1164 ) ) ;
#1093 = VERTEX_POINT ( 'NONE', #1044 ) ;
#1094 = DIRECTION ( 'NONE',  ( 1.000000000000000000, 0.000000000000000000, 0.000000000000000000 ) ) ;
#1095 = CARTESIAN_POINT ( 'NONE',  ( 27.96159094805947376, -5.528527166383106817, 0.000000000000000000 ) ) ;
#1096 = EDGE_CURVE ( 'NONE', #514, #568, #1155, .T. ) ;
#1097 = FACE_BOUND ( 'NONE', #1788, .T. ) ;
#1098 = PRODUCT ( 'Part23^Assem6new', 'Part23^Assem6new', '', ( #1399 ) ) ;
#1099 = CARTESIAN_POINT ( 'NONE',  ( 0.6397104059245248830, 136.9714728336169003, 0.000000000000000000 ) ) ;
#1100 = AXIS2_PLACEMENT_3D ( 'NONE', #1117, #538, #684 ) ;
#1101 = ORIENTED_EDGE ( 'NONE', *, *, #532, .T. ) ;
#1102 = DIRECTION ( 'NONE',  ( 0.000000000000000000, 0.000000000000000000, 1.000000000000000000 ) ) ;
#1103 = AXIS2_PLACEMENT_3D ( 'NONE', #1742, #1859, #1581 ) ;
#1104 = CARTESIAN_POINT ( 'NONE',  ( 20.54233843770123968, 52.63946686589362400, 3.000000000000000000 ) ) ;
#1105 = ORIENTED_EDGE ( 'NONE', *, *, #923, .F. ) ;
#1106 = AXIS2_PLACEMENT_3D ( 'NONE', #646, #55, #171 ) ;
#1107 = DIRECTION ( 'NONE',  ( -0.000000000000000000, -0.000000000000000000, -1.000000000000000000 ) ) ;
#1108 = CIRCLE ( 'NONE', #14, 5.000000000000000000 ) ;
#1109 = FACE_BOUND ( 'NONE', #757, .T. ) ;
#1110 = PRODUCT_DEFINITION ( 'UNKNOWN', '', #1878, #1741 ) ;
#1111 = VERTEX_POINT ( 'NONE', #1494 ) ;
#1112 = CYLINDRICAL_SURFACE ( 'NONE', #893, 1.499999999999999112 ) ;
#1113 = CIRCLE ( 'NONE', #1357, 1.500000000000000000 ) ;
#1114 = DIRECTION ( 'NONE',  ( -1.000000000000000000, 0.000000000000000000, 0.000000000000000000 ) ) ;
#1115 = EDGE_CURVE ( 'NONE', #899, #569, #1317, .T. ) ;
#1116 = FACE_BOUND ( 'NONE', #477, .T. ) ;
#1117 = CARTESIAN_POINT ( 'NONE',  ( 22.04233843770124324, 141.9714728336169003, 3.000000000000000000 ) ) ;
#1118 = EDGE_CURVE ( 'NONE', #1761, #1380, #1162, .T. ) ;
#1119 = ORIENTED_EDGE ( 'NONE', *, *, #1663, .T. ) ;
#1120 = DIRECTION ( 'NONE',  ( 0.000000000000000000, 0.000000000000000000, -1.000000000000000000 ) ) ;
#1121 = FACE_OUTER_BOUND ( 'NONE', #1609, .T. ) ;
#1122 = ORIENTED_EDGE ( 'NONE', *, *, #730, .F. ) ;
#1123 = FACE_BOUND ( 'NONE', #333, .T. ) ;
#1124 = LINE ( 'NONE', #153, #865 ) ;
#1125 = EDGE_LOOP ( 'NONE', ( #1707, #275, #843, #1223 ) ) ;
#1126 = EDGE_CURVE ( 'NONE', #87, #1538, #634, .T. ) ;
#1127 = VECTOR ( 'NONE', #790, 1000.000000000000000 ) ;
#1128 = EDGE_CURVE ( 'NONE', #719, #637, #1108, .T. ) ;
#1129 = AXIS2_PLACEMENT_3D ( 'NONE', #1654, #944, #518 ) ;
#1130 = DIRECTION ( 'NONE',  ( 1.000000000000000000, 0.000000000000000000, 0.000000000000000000 ) ) ;
#1131 = EDGE_LOOP ( 'NONE', ( #180, #164, #638, #216 ) ) ;
#1132 = CARTESIAN_POINT ( 'NONE',  ( -0.8076612500410196294, 52.63946686589362400, 0.000000000000000000 ) ) ;
#1133 = DIRECTION ( 'NONE',  ( -0.000000000000000000, -0.000000000000000000, 1.000000000000000000 ) ) ;
#1134 = DIRECTION ( 'NONE',  ( -1.000000000000000000, 0.000000000000000000, 0.000000000000000000 ) ) ;
#1135 = EDGE_CURVE ( 'NONE', #481, #1215, #746, .T. ) ;
#1136 = ORIENTED_EDGE ( 'NONE', *, *, #391, .T. ) ;
#1137 = CIRCLE ( 'NONE', #1843, 1.499999999999997780 ) ;
#1138 = DIRECTION ( 'NONE',  ( 1.000000000000000000, 0.000000000000000000, 0.000000000000000000 ) ) ;
#1139 = AXIS2_PLACEMENT_3D ( 'NONE', #1836, #1102, #1671 ) ;
#1140 = ORIENTED_EDGE ( 'NONE', *, *, #1126, .T. ) ;
#1141 = ORIENTED_EDGE ( 'NONE', *, *, #1630, .F. ) ;
#1142 = PERSON ( 'UNSPECIFIED', 'UNSPECIFIED', 'UNSPECIFIED', ('UNSPECIFIED'), ('UNSPECIFIED'), ('UNSPECIFIED') ) ;
#1143 = CARTESIAN_POINT ( 'NONE',  ( 20.54233843770124679, 141.9714728336169003, 3.000000000000000000 ) ) ;
#1144 = CIRCLE ( 'NONE', #395, 1.500000000000001332 ) ;
#1145 =( LENGTH_UNIT ( ) NAMED_UNIT ( * ) SI_UNIT ( .MILLI., .METRE. ) );
#1146 = LINE ( 'NONE', #937, #421 ) ;
#1147 = ORIENTED_EDGE ( 'NONE', *, *, #525, .T. ) ;
#1148 = CC_DESIGN_APPROVAL ( #1509, ( #1878 ) ) ;
#1149 = LINE ( 'NONE', #1579, #815 ) ;
#1150 = ORIENTED_EDGE ( 'NONE', *, *, #1642, .F. ) ;
#1151 = CARTESIAN_POINT ( 'NONE',  ( 19.48268558197597855, -0.5285271663831078159, 3.000000000000000000 ) ) ;
#1152 = CARTESIAN_POINT ( 'NONE',  ( 22.04233843770124324, 141.9714728336169003, 3.000000000000000000 ) ) ;
#1153 = DIRECTION ( 'NONE',  ( 1.000000000000000000, 0.000000000000000000, 0.000000000000000000 ) ) ;
#1154 = ORIENTED_EDGE ( 'NONE', *, *, #593, .F. ) ;
#1155 = LINE ( 'NONE', #442, #441 ) ;
#1156 = AXIS2_PLACEMENT_3D ( 'NONE', #407, #837, #1847 ) ;
#1157 = ORIENTED_EDGE ( 'NONE', *, *, #320, .T. ) ;
#1158 = DIRECTION ( 'NONE',  ( -9.677415153513142950E-17, 1.000000000000000000, 0.000000000000000000 ) ) ;
#1159 = DIRECTION ( 'NONE',  ( 1.000000000000000000, 0.000000000000000000, 0.000000000000000000 ) ) ;
#1160 = CIRCLE ( 'NONE', #1587, 1.499999999999997780 ) ;
#1161 = ORIENTED_EDGE ( 'NONE', *, *, #342, .T. ) ;
#1162 = CIRCLE ( 'NONE', #1503, 1.500000000000000444 ) ;
#1163 = FACE_OUTER_BOUND ( 'NONE', #980, .T. ) ;
#1164 = ORIENTED_EDGE ( 'NONE', *, *, #748, .F. ) ;
#1165 = FACE_OUTER_BOUND ( 'NONE', #500, .T. ) ;
#1166 = EDGE_CURVE ( 'NONE', #1215, #348, #1224, .T. ) ;
#1167 = CIRCLE ( 'NONE', #1510, 1.500000000000000444 ) ;
#1168 = CARTESIAN_POINT ( 'NONE',  ( -2.707661250040972245, 1.139466865893621117, 3.000000000000000000 ) ) ;
#1169 = ORIENTED_EDGE ( 'NONE', *, *, #1838, .F. ) ;
#1170 = EDGE_CURVE ( 'NONE', #574, #125, #737, .T. ) ;
#1171 = VERTEX_POINT ( 'NONE', #1454 ) ;
#1172 = DIRECTION ( 'NONE',  ( 1.000000000000000000, 0.000000000000000000, 0.000000000000000000 ) ) ;
#1173 = DIRECTION ( 'NONE',  ( 0.000000000000000000, 0.000000000000000000, 1.000000000000000000 ) ) ;
#1174 = ORIENTED_EDGE ( 'NONE', *, *, #48, .F. ) ;
#1175 = DATE_AND_TIME ( #1488, #1090 ) ;
#1176 = CARTESIAN_POINT ( 'NONE',  ( 27.96159094805947376, 159.4714728336168719, 0.000000000000000000 ) ) ;
#1177 = ORIENTED_EDGE ( 'NONE', *, *, #879, .T. ) ;
#1178 = FACE_BOUND ( 'NONE', #1296, .T. ) ;
#1179 = ORIENTED_EDGE ( 'NONE', *, *, #173, .F. ) ;
#1180 = ADVANCED_FACE ( 'NONE', ( #1183 ), #1194, .F. ) ;
#1181 = CARTESIAN_POINT ( 'NONE',  ( 0.6397104059245248830, 151.9714728336169003, 3.000000000000000000 ) ) ;
#1182 = EDGE_CURVE ( 'NONE', #945, #190, #291, .T. ) ;
#1183 = FACE_OUTER_BOUND ( 'NONE', #1670, .T. ) ;
#1184 = EDGE_LOOP ( 'NONE', ( #807, #202, #1835, #521 ) ) ;
#1185 = CARTESIAN_POINT ( 'NONE',  ( 23.54233843770124324, 136.9714728336169003, 3.000000000000000000 ) ) ;
#1186 = AXIS2_PLACEMENT_3D ( 'NONE', #89, #243, #548 ) ;
#1187 = CIRCLE ( 'NONE', #1037, 1.499999999999997780 ) ;
#1188 = DIRECTION ( 'NONE',  ( 0.000000000000000000, 0.000000000000000000, 1.000000000000000000 ) ) ;
#1189 = EDGE_LOOP ( 'NONE', ( #160, #8, #446, #818 ) ) ;
#1190 = EDGE_CURVE ( 'NONE', #681, #1212, #756, .T. ) ;
#1191 = DIRECTION ( 'NONE',  ( 1.000000000000000000, 0.000000000000000000, 0.000000000000000000 ) ) ;
#1192 = ORIENTED_EDGE ( 'NONE', *, *, #397, .T. ) ;
#1193 = CARTESIAN_POINT ( 'NONE',  ( -2.707661250040972245, 1.139466865893621117, 0.000000000000000000 ) ) ;
#1194 = CYLINDRICAL_SURFACE ( 'NONE', #116, 1.500000000000001332 ) ;
#1195 = EDGE_LOOP ( 'NONE', ( #853, #509 ) ) ;
#1196 = PERSON_AND_ORGANIZATION ( #1142, #1700 ) ;
#1197 = CARTESIAN_POINT ( 'NONE',  ( 22.04233843770124324, 141.9714728336169003, 3.000000000000000000 ) ) ;
#1198 = VERTEX_POINT ( 'NONE', #1328 ) ;
#1199 = CIRCLE ( 'NONE', #245, 1.499999999999997780 ) ;
#1200 = CARTESIAN_POINT ( 'NONE',  ( 22.96159094805939205, 1.139466865893621117, 3.000000000000000000 ) ) ;
#1201 = ORIENTED_EDGE ( 'NONE', *, *, #1689, .T. ) ;
#1202 = CARTESIAN_POINT ( 'NONE',  ( -0.8076612500410207396, 156.9714728336169003, 0.000000000000000000 ) ) ;
#1203 = CARTESIAN_POINT ( 'NONE',  ( 20.54233843770123968, 52.63946686589362400, 3.000000000000000000 ) ) ;
#1204 = ORIENTED_EDGE ( 'NONE', *, *, #1166, .F. ) ;
#1205 = CARTESIAN_POINT ( 'NONE',  ( 0.6923387499589949146, 126.9714728336169003, 0.000000000000000000 ) ) ;
#1206 = AXIS2_PLACEMENT_3D ( 'NONE', #1533, #246, #577 ) ;
#1207 = EDGE_CURVE ( 'NONE', #1422, #1625, #506, .T. ) ;
#1208 = DIRECTION ( 'NONE',  ( -1.000000000000000000, 0.000000000000000000, 0.000000000000000000 ) ) ;
#1209 = ADVANCED_FACE ( 'NONE', ( #1163 ), #1025, .F. ) ;
#1210 = ORIENTED_EDGE ( 'NONE', *, *, #119, .T. ) ;
#1211 = FACE_BOUND ( 'NONE', #430, .T. ) ;
#1212 = VERTEX_POINT ( 'NONE', #1662 ) ;
#1213 = LINE ( 'NONE', #621, #1720 ) ;
#1214 = DIRECTION ( 'NONE',  ( -1.000000000000000000, 0.000000000000000000, 0.000000000000000000 ) ) ;
#1215 = VERTEX_POINT ( 'NONE', #644 ) ;
#1216 = DIRECTION ( 'NONE',  ( -1.000000000000000000, 0.000000000000000000, 0.000000000000000000 ) ) ;
#1217 = CARTESIAN_POINT ( 'NONE',  ( 20.54233843770124679, 156.9714728336169003, 0.000000000000000000 ) ) ;
#1218 = ORIENTED_EDGE ( 'NONE', *, *, #77, .F. ) ;
#1219 = CARTESIAN_POINT ( 'NONE',  ( 0.6923387499589819249, 52.63946686589362400, 0.000000000000000000 ) ) ;
#1220 = EDGE_LOOP ( 'NONE', ( #157, #1056, #165, #235 ) ) ;
#1221 = FACE_OUTER_BOUND ( 'NONE', #949, .T. ) ;
#1222 = CARTESIAN_POINT ( 'NONE',  ( 0.6923387499589819249, 52.63946686589362400, 3.000000000000000000 ) ) ;
#1223 = ORIENTED_EDGE ( 'NONE', *, *, #1849, .F. ) ;
#1224 = CIRCLE ( 'NONE', #1413, 5.000000000000000000 ) ;
#1225 = DIRECTION ( 'NONE',  ( -0.000000000000000000, -0.000000000000000000, -1.000000000000000000 ) ) ;
#1226 = CARTESIAN_POINT ( 'NONE',  ( -7.889376453025086278, -0.5285271663831094813, 3.000000000000000000 ) ) ;
#1227 = DIRECTION ( 'NONE',  ( 0.000000000000000000, 0.000000000000000000, 1.000000000000000000 ) ) ;
#1228 = PERSON_AND_ORGANIZATION ( #1142, #1700 ) ;
#1229 = CIRCLE ( 'NONE', #1593, 1.500000000000000444 ) ;
#1230 = EDGE_LOOP ( 'NONE', ( #1076, #1378, #1427, #1081 ) ) ;
#1231 = DIRECTION ( 'NONE',  ( 1.000000000000000000, 0.000000000000000000, 0.000000000000000000 ) ) ;
#1232 = EDGE_CURVE ( 'NONE', #728, #514, #228, .T. ) ;
#1233 = AXIS2_PLACEMENT_3D ( 'NONE', #1013, #876, #1333 ) ;
#1234 = CYLINDRICAL_SURFACE ( 'NONE', #1709, 5.000000000000000888 ) ;
#1235 = ORIENTED_EDGE ( 'NONE', *, *, #67, .T. ) ;
#1236 = DIRECTION ( 'NONE',  ( -0.000000000000000000, -0.000000000000000000, -1.000000000000000000 ) ) ;
#1237 = DIRECTION ( 'NONE',  ( 0.000000000000000000, 0.000000000000000000, 1.000000000000000000 ) ) ;
#1238 = CARTESIAN_POINT ( 'NONE',  ( 2.139710405924521108, 121.9714728336169003, 0.000000000000000000 ) ) ;
#1239 = AXIS2_PLACEMENT_3D ( 'NONE', #93, #677, #1379 ) ;
#1240 = ORIENTED_EDGE ( 'NONE', *, *, #867, .F. ) ;
#1241 = DIRECTION ( 'NONE',  ( 0.000000000000000000, 0.000000000000000000, 1.000000000000000000 ) ) ;
#1242 = ORIENTED_EDGE ( 'NONE', *, *, #465, .T. ) ;
#1243 = DIRECTION ( 'NONE',  ( -0.000000000000000000, -0.000000000000000000, -1.000000000000000000 ) ) ;
#1244 = FACE_BOUND ( 'NONE', #591, .T. ) ;
#1245 = LINE ( 'NONE', #384, #1008 ) ;
#1246 = EDGE_CURVE ( 'NONE', #1304, #132, #379, .T. ) ;
#1247 = CIRCLE ( 'NONE', #436, 1.499999999999997780 ) ;
#1248 = APPLICATION_PROTOCOL_DEFINITION ( 'international standard', 'config_control_design', 1994, #131 ) ;
#1249 = ORIENTED_EDGE ( 'NONE', *, *, #1553, .F. ) ;
#1250 = DIRECTION ( 'NONE',  ( 0.000000000000000000, 0.000000000000000000, 1.000000000000000000 ) ) ;
#1251 = CIRCLE ( 'NONE', #39, 5.000000000000000888 ) ;
#1252 = EDGE_CURVE ( 'NONE', #1598, #580, #512, .T. ) ;
#1253 = CARTESIAN_POINT ( 'NONE',  ( -0.8076612500410207396, 141.9714728336169003, 0.000000000000000000 ) ) ;
#1254 = ORIENTED_EDGE ( 'NONE', *, *, #210, .T. ) ;
#1255 = AXIS2_PLACEMENT_3D ( 'NONE', #536, #1256, #1363 ) ;
#1256 = DIRECTION ( 'NONE',  ( -0.000000000000000000, -0.000000000000000000, -1.000000000000000000 ) ) ;
#1257 = AXIS2_PLACEMENT_3D ( 'NONE', #1055, #1033, #1749 ) ;
#1258 = FACE_BOUND ( 'NONE', #1039, .T. ) ;
#1259 = EDGE_CURVE ( 'NONE', #218, #583, #1796, .T. ) ;
#1260 = CARTESIAN_POINT ( 'NONE',  ( -7.889376453025086278, 159.4714728336169003, 0.000000000000000000 ) ) ;
#1261 = ORIENTED_EDGE ( 'NONE', *, *, #1022, .T. ) ;
#1262 = DIRECTION ( 'NONE',  ( -0.000000000000000000, -0.000000000000000000, -1.000000000000000000 ) ) ;
#1263 = VECTOR ( 'NONE', #370, 1000.000000000000000 ) ;
#1264 = DIRECTION ( 'NONE',  ( -0.000000000000000000, -0.000000000000000000, 1.000000000000000000 ) ) ;
#1265 = ORIENTED_EDGE ( 'NONE', *, *, #617, .T. ) ;
#1266 = FACE_BOUND ( 'NONE', #104, .T. ) ;
#1267 = CARTESIAN_POINT ( 'NONE',  ( 2.139710405924521108, 121.9714728336169003, 3.000000000000000000 ) ) ;
#1268 = ADVANCED_FACE ( 'NONE', ( #930 ), #948, .F. ) ;
#1269 = ADVANCED_FACE ( 'NONE', ( #52 ), #86, .F. ) ;
#1270 = ORIENTED_EDGE ( 'NONE', *, *, #1803, .F. ) ;
#1271 = DIRECTION ( 'NONE',  ( 1.000000000000000000, 0.000000000000000000, 0.000000000000000000 ) ) ;
#1272 = DIRECTION ( 'NONE',  ( 0.000000000000000000, 0.000000000000000000, 1.000000000000000000 ) ) ;
#1273 = ORIENTED_EDGE ( 'NONE', *, *, #1599, .T. ) ;
#1274 = CARTESIAN_POINT ( 'NONE',  ( 22.04233843770124324, 151.9714728336169003, 3.000000000000000000 ) ) ;
#1275 = DIRECTION ( 'NONE',  ( -0.000000000000000000, 0.000000000000000000, -1.000000000000000000 ) ) ;
#1276 = ADVANCED_FACE ( 'NONE', ( #221 ), #1786, .F. ) ;
#1277 = EDGE_LOOP ( 'NONE', ( #1177, #1265, #372, #1002 ) ) ;
#1278 = AXIS2_PLACEMENT_3D ( 'NONE', #528, #1227, #102 ) ;
#1279 = CIRCLE ( 'NONE', #464, 1.499999999999997780 ) ;
#1280 = CARTESIAN_POINT ( 'NONE',  ( 23.54233843770124324, 156.9714728336169003, 3.000000000000000000 ) ) ;
#1281 = ORIENTED_EDGE ( 'NONE', *, *, #1491, .T. ) ;
#1282 = ORIENTED_EDGE ( 'NONE', *, *, #255, .F. ) ;
#1283 = DIRECTION ( 'NONE',  ( 1.000000000000000000, 0.000000000000000000, 0.000000000000000000 ) ) ;
#1284 = CIRCLE ( 'NONE', #631, 5.000000000000000000 ) ;
#1285 = CALENDAR_DATE ( 2026, 20, 6 ) ;
#1286 = CARTESIAN_POINT ( 'NONE',  ( 27.96159094805947376, 159.4714728336168719, 3.000000000000000000 ) ) ;
#1287 = VERTEX_POINT ( 'NONE', #812 ) ;
#1288 = ADVANCED_FACE ( 'NONE', ( #1809 ), #358, .F. ) ;
#1289 = AXIS2_PLACEMENT_3D ( 'NONE', #1546, #659, #1134 ) ;
#1290 = VECTOR ( 'NONE', #896, 1000.000000000000000 ) ;
#1291 = ORIENTED_EDGE ( 'NONE', *, *, #1324, .F. ) ;
#1292 = CARTESIAN_POINT ( 'NONE',  ( 20.54233843770124679, 156.9714728336169003, 3.000000000000000000 ) ) ;
#1293 = VECTOR ( 'NONE', #698, 1000.000000000000000 ) ;
#1294 = DIRECTION ( 'NONE',  ( 0.000000000000000000, 0.000000000000000000, 1.000000000000000000 ) ) ;
#1295 = CARTESIAN_POINT ( 'NONE',  ( 27.96159094805947376, 164.4714728336168719, 3.000000000000000000 ) ) ;
#1296 = EDGE_LOOP ( 'NONE', ( #744, #1416 ) ) ;
#1297 = ADVANCED_FACE ( 'NONE', ( #1382 ), #939, .F. ) ;
#1298 = AXIS2_PLACEMENT_3D ( 'NONE', #1219, #1072, #906 ) ;
#1299 = CARTESIAN_POINT ( 'NONE',  ( 22.04233843770123968, 52.63946686589362400, 3.000000000000000000 ) ) ;
#1300 = ORIENTED_EDGE ( 'NONE', *, *, #328, .T. ) ;
#1301 = CARTESIAN_POINT ( 'NONE',  ( 0.6397104059245213303, 47.63946686589362400, 3.000000000000000000 ) ) ;
#1302 = DATE_TIME_ROLE ( 'classification_date' ) ;
#1303 = LINE ( 'NONE', #741, #1390 ) ;
#1304 = VERTEX_POINT ( 'NONE', #1104 ) ;
#1305 = ADVANCED_FACE ( 'NONE', ( #1370 ), #1234, .T. ) ;
#1306 = CARTESIAN_POINT ( 'NONE',  ( -1.207661250040971801, 1.139466865893621339, 3.000000000000000000 ) ) ;
#1307 = VECTOR ( 'NONE', #1417, 1000.000000000000000 ) ;
#1308 = ORIENTED_EDGE ( 'NONE', *, *, #1207, .T. ) ;
#1309 = DIRECTION ( 'NONE',  ( 1.000000000000000000, 0.000000000000000000, 0.000000000000000000 ) ) ;
#1310 = PERSON_AND_ORGANIZATION ( #1142, #1700 ) ;
#1311 = CARTESIAN_POINT ( 'NONE',  ( 14.48268558197597855, -0.5285271663831078159, 3.000000000000000000 ) ) ;
#1312 = CIRCLE ( 'NONE', #439, 1.500000000000001332 ) ;
#1313 = ORIENTED_EDGE ( 'NONE', *, *, #691, .F. ) ;
#1314 = AXIS2_PLACEMENT_3D ( 'NONE', #765, #9, #901 ) ;
#1315 = ORIENTED_EDGE ( 'NONE', *, *, #773, .F. ) ;
#1316 = CARTESIAN_POINT ( 'NONE',  ( -0.8602895940754756721, 136.9714728336169003, 3.000000000000000000 ) ) ;
#1317 = LINE ( 'NONE', #315, #1646 ) ;
#1318 = ORIENTED_EDGE ( 'NONE', *, *, #1451, .F. ) ;
#1319 = CIRCLE ( 'NONE', #1139, 1.500000000000001332 ) ;
#1320 = CALENDAR_DATE ( 2026, 20, 6 ) ;
#1321 = DIRECTION ( 'NONE',  ( 1.000000000000000000, 0.000000000000000000, 0.000000000000000000 ) ) ;
#1322 = VECTOR ( 'NONE', #1477, 1000.000000000000000 ) ;
#1323 = EDGE_CURVE ( 'NONE', #1780, #711, #660, .T. ) ;
#1324 = EDGE_CURVE ( 'NONE', #404, #1470, #1536, .T. ) ;
#1325 = VERTEX_POINT ( 'NONE', #1393 ) ;
#1326 = CARTESIAN_POINT ( 'NONE',  ( -7.889376453025086278, 159.4714728336169003, 3.000000000000000000 ) ) ;
#1327 = DIRECTION ( 'NONE',  ( 1.000000000000000000, 0.000000000000000000, 0.000000000000000000 ) ) ;
#1328 = CARTESIAN_POINT ( 'NONE',  ( -1.207661250040971801, 1.139466865893621339, 3.000000000000000000 ) ) ;
#1329 = AXIS2_PLACEMENT_3D ( 'NONE', #786, #1805, #1358 ) ;
#1330 = ORIENTED_EDGE ( 'NONE', *, *, #211, .T. ) ;
#1331 = DIRECTION ( 'NONE',  ( 1.000000000000000000, 0.000000000000000000, 0.000000000000000000 ) ) ;
#1332 = APPROVAL_STATUS ( 'not_yet_approved' ) ;
#1333 = DIRECTION ( 'NONE',  ( 1.000000000000000000, 0.000000000000000000, 0.000000000000000000 ) ) ;
#1334 = ADVANCED_FACE ( 'NONE', ( #347 ), #209, .F. ) ;
#1335 = ORIENTED_EDGE ( 'NONE', *, *, #1170, .T. ) ;
#1336 = FACE_BOUND ( 'NONE', #311, .T. ) ;
#1337 = VERTEX_POINT ( 'NONE', #249 ) ;
#1338 = CYLINDRICAL_SURFACE ( 'NONE', #546, 1.499999999999999556 ) ;
#1339 = LINE ( 'NONE', #1306, #352 ) ;
#1340 = ORIENTED_EDGE ( 'NONE', *, *, #705, .F. ) ;
#1341 = AXIS2_PLACEMENT_3D ( 'NONE', #1099, #1080, #1677 ) ;
#1342 = AXIS2_PLACEMENT_3D ( 'NONE', #575, #1158, #412 ) ;
#1343 = DIRECTION ( 'NONE',  ( 0.000000000000000000, 0.000000000000000000, -1.000000000000000000 ) ) ;
#1344 = ORIENTED_EDGE ( 'NONE', *, *, #1351, .T. ) ;
#1345 = AXIS2_PLACEMENT_3D ( 'NONE', #960, #1685, #1666 ) ;
#1346 = DIRECTION ( 'NONE',  ( -1.000000000000000000, 0.000000000000000000, 0.000000000000000000 ) ) ;
#1347 = VECTOR ( 'NONE', #1517, 1000.000000000000000 ) ;
#1348 = CARTESIAN_POINT ( 'NONE',  ( 20.54233843770125389, 126.9714728336169003, 0.000000000000000000 ) ) ;
#1349 = CARTESIAN_POINT ( 'NONE',  ( 22.04233843770125034, 126.9714728336169003, 3.000000000000000000 ) ) ;
#1350 = EDGE_CURVE ( 'NONE', #197, #132, #713, .T. ) ;
#1351 = EDGE_CURVE ( 'NONE', #293, #195, #534, .T. ) ;
#1352 = ORIENTED_EDGE ( 'NONE', *, *, #406, .F. ) ;
#1353 = DIRECTION ( 'NONE',  ( 1.000000000000000000, 0.000000000000000000, 0.000000000000000000 ) ) ;
#1354 = VECTOR ( 'NONE', #1626, 1000.000000000000000 ) ;
#1355 = ORIENTED_EDGE ( 'NONE', *, *, #581, .T. ) ;
#1356 = ORIENTED_EDGE ( 'NONE', *, *, #1688, .T. ) ;
#1357 = AXIS2_PLACEMENT_3D ( 'NONE', #503, #1498, #88 ) ;
#1358 = DIRECTION ( 'NONE',  ( 1.000000000000000000, 8.890457814381136359E-16, 0.000000000000000000 ) ) ;
#1359 = ORIENTED_EDGE ( 'NONE', *, *, #1351, .F. ) ;
#1360 = DIRECTION ( 'NONE',  ( 0.000000000000000000, 0.000000000000000000, 1.000000000000000000 ) ) ;
#1361 = EDGE_CURVE ( 'NONE', #945, #306, #703, .T. ) ;
#1362 = ORIENTED_EDGE ( 'NONE', *, *, #850, .F. ) ;
#1363 = DIRECTION ( 'NONE',  ( -1.000000000000000000, 0.000000000000000000, 0.000000000000000000 ) ) ;
#1364 = CARTESIAN_POINT ( 'NONE',  ( 23.54233843770124324, 141.9714728336169003, 3.000000000000000000 ) ) ;
#1365 = DIRECTION ( 'NONE',  ( 0.000000000000000000, 0.000000000000000000, 1.000000000000000000 ) ) ;
#1366 = ORIENTED_EDGE ( 'NONE', *, *, #1464, .F. ) ;
#1367 = LINE ( 'NONE', #1774, #811 ) ;
#1368 = VERTEX_POINT ( 'NONE', #1402 ) ;
#1369 = CYLINDRICAL_SURFACE ( 'NONE', #1873, 1.499999999999997780 ) ;
#1370 = FACE_OUTER_BOUND ( 'NONE', #1845, .T. ) ;
#1371 = EDGE_CURVE ( 'NONE', #751, #681, #924, .T. ) ;
#1372 = ORIENTED_EDGE ( 'NONE', *, *, #5, .T. ) ;
#1373 = DIRECTION ( 'NONE',  ( 0.000000000000000000, 0.000000000000000000, 1.000000000000000000 ) ) ;
#1374 = CYLINDRICAL_SURFACE ( 'NONE', #326, 1.500000000000000444 ) ;
#1375 = CARTESIAN_POINT ( 'NONE',  ( -4.207661250040973577, 1.139466865893621117, 0.000000000000000000 ) ) ;
#1376 = EDGE_CURVE ( 'NONE', #1524, #920, #983, .T. ) ;
#1377 = EDGE_LOOP ( 'NONE', ( #80, #1400, #1174, #993 ) ) ;
#1378 = ORIENTED_EDGE ( 'NONE', *, *, #1787, .T. ) ;
#1379 = DIRECTION ( 'NONE',  ( 1.000000000000000000, 0.000000000000000000, 0.000000000000000000 ) ) ;
#1380 = VERTEX_POINT ( 'NONE', #1408 ) ;
#1381 = CARTESIAN_POINT ( 'NONE',  ( 22.96159094805939205, 1.139466865893621117, 0.000000000000000000 ) ) ;
#1382 = FACE_OUTER_BOUND ( 'NONE', #672, .T. ) ;
#1383 = ORIENTED_EDGE ( 'NONE', *, *, #1031, .T. ) ;
#1384 = DIRECTION ( 'NONE',  ( -0.000000000000000000, -0.000000000000000000, -1.000000000000000000 ) ) ;
#1385 = DIRECTION ( 'NONE',  ( -0.000000000000000000, -0.000000000000000000, -1.000000000000000000 ) ) ;
#1386 = ORIENTED_EDGE ( 'NONE', *, *, #1650, .T. ) ;
#1387 = AXIS2_PLACEMENT_3D ( 'NONE', #62, #1649, #764 ) ;
#1388 = EDGE_CURVE ( 'NONE', #122, #1198, #1068, .T. ) ;
#1389 = DIRECTION ( 'NONE',  ( -0.000000000000000000, -0.000000000000000000, -1.000000000000000000 ) ) ;
#1390 = VECTOR ( 'NONE', #1760, 1000.000000000000000 ) ;
#1391 = ORIENTED_EDGE ( 'NONE', *, *, #941, .F. ) ;
#1392 = CARTESIAN_POINT ( 'NONE',  ( 23.54233843770124324, 47.63946686589362400, 3.000000000000000000 ) ) ;
#1393 = CARTESIAN_POINT ( 'NONE',  ( 23.54233843770124324, 156.9714728336169003, 0.000000000000000000 ) ) ;
#1394 = ORIENTED_EDGE ( 'NONE', *, *, #785, .F. ) ;
#1395 = CARTESIAN_POINT ( 'NONE',  ( 0.6397104059245248830, 136.9714728336169003, 3.000000000000000000 ) ) ;
#1396 = DIRECTION ( 'NONE',  ( 1.000000000000000000, 0.000000000000000000, 0.000000000000000000 ) ) ;
#1397 = DIRECTION ( 'NONE',  ( 0.000000000000000000, 0.000000000000000000, 1.000000000000000000 ) ) ;
#1398 = APPROVAL_PERSON_ORGANIZATION ( #181, #1509, #734 ) ;
#1399 = MECHANICAL_CONTEXT ( 'NONE', #1610, 'mechanical' ) ;
#1400 = ORIENTED_EDGE ( 'NONE', *, *, #1606, .T. ) ;
#1401 = CARTESIAN_POINT ( 'NONE',  ( 23.54233843770124324, 52.63946686589362400, 0.000000000000000000 ) ) ;
#1402 = CARTESIAN_POINT ( 'NONE',  ( -0.8076612500410207396, 156.9714728336169003, 3.000000000000000000 ) ) ;
#1403 = VERTEX_POINT ( 'NONE', #265 ) ;
#1404 = FACE_OUTER_BOUND ( 'NONE', #1277, .T. ) ;
#1405 = CYLINDRICAL_SURFACE ( 'NONE', #700, 1.499999999999997780 ) ;
#1406 = LINE ( 'NONE', #1813, #1529 ) ;
#1407 = ORIENTED_EDGE ( 'NONE', *, *, #1350, .F. ) ;
#1408 = CARTESIAN_POINT ( 'NONE',  ( -0.8602895940754756721, 136.9714728336169003, 3.000000000000000000 ) ) ;
#1409 = AXIS2_PLACEMENT_3D ( 'NONE', #892, #1769, #1611 ) ;
#1410 = LINE ( 'NONE', #117, #1740 ) ;
#1411 = EDGE_CURVE ( 'NONE', #1850, #899, #561, .T. ) ;
#1412 = EDGE_CURVE ( 'NONE', #1045, #282, #771, .T. ) ;
#1413 = AXIS2_PLACEMENT_3D ( 'NONE', #1601, #480, #1756 ) ;
#1414 = CARTESIAN_POINT ( 'NONE',  ( 27.96159094805947376, -0.5285271663831078159, 0.000000000000000000 ) ) ;
#1415 = DIRECTION ( 'NONE',  ( 1.000000000000000000, 9.677415153513142950E-17, -0.000000000000000000 ) ) ;
#1416 = ORIENTED_EDGE ( 'NONE', *, *, #773, .T. ) ;
#1417 = DIRECTION ( 'NONE',  ( 0.000000000000000000, 0.000000000000000000, -1.000000000000000000 ) ) ;
#1418 = AXIS2_PLACEMENT_3D ( 'NONE', #478, #166, #488 ) ;
#1419 = CIRCLE ( 'NONE', #516, 1.500000000000000000 ) ;
#1420 = CARTESIAN_POINT ( 'NONE',  ( 20.54233843770124679, 151.9714728336169003, 3.000000000000000000 ) ) ;
#1421 = AXIS2_PLACEMENT_3D ( 'NONE', #1823, #417, #839 ) ;
#1422 = VERTEX_POINT ( 'NONE', #1253 ) ;
#1423 = DIRECTION ( 'NONE',  ( 1.000000000000000000, 0.000000000000000000, -0.000000000000000000 ) ) ;
#1424 = DIRECTION ( 'NONE',  ( 1.000000000000000000, 0.000000000000000000, 0.000000000000000000 ) ) ;
#1425 = ORIENTED_EDGE ( 'NONE', *, *, #119, .F. ) ;
#1426 = CARTESIAN_POINT ( 'NONE',  ( 0.6397104059245213303, 47.63946686589362400, 3.000000000000000000 ) ) ;
#1427 = ORIENTED_EDGE ( 'NONE', *, *, #1829, .F. ) ;
#1428 = DIRECTION ( 'NONE',  ( 0.000000000000000000, 0.000000000000000000, 1.000000000000000000 ) ) ;
#1429 = DIRECTION ( 'NONE',  ( 1.000000000000000000, 0.000000000000000000, 0.000000000000000000 ) ) ;
#1430 = FACE_OUTER_BOUND ( 'NONE', #1131, .T. ) ;
#1431 = ADVANCED_FACE ( 'NONE', ( #1837 ), #1112, .F. ) ;
#1432 = ORIENTED_EDGE ( 'NONE', *, *, #65, .T. ) ;
#1433 = VECTOR ( 'NONE', #1698, 1000.000000000000000 ) ;
#1434 = AXIS2_PLACEMENT_3D ( 'NONE', #733, #995, #851 ) ;
#1435 = DIRECTION ( 'NONE',  ( -0.000000000000000000, -0.000000000000000000, -1.000000000000000000 ) ) ;
#1436 = VERTEX_POINT ( 'NONE', #1842 ) ;
#1437 = AXIS2_PLACEMENT_3D ( 'NONE', #1426, #545, #1114 ) ;
#1438 = DIRECTION ( 'NONE',  ( -0.000000000000000000, -0.000000000000000000, -1.000000000000000000 ) ) ;
#1439 = PERSON_AND_ORGANIZATION ( #1142, #1700 ) ;
#1440 = CYLINDRICAL_SURFACE ( 'NONE', #179, 5.000000000000000000 ) ;
#1441 = EDGE_CURVE ( 'NONE', #1212, #972, #1765, .T. ) ;
#1442 = ORIENTED_EDGE ( 'NONE', *, *, #1455, .F. ) ;
#1443 = AXIS2_PLACEMENT_3D ( 'NONE', #967, #378, #578 ) ;
#1444 = DIRECTION ( 'NONE',  ( 1.000000000000000000, 0.000000000000000000, 0.000000000000000000 ) ) ;
#1445 = CC_DESIGN_DATE_AND_TIME_ASSIGNMENT ( #740, #192, ( #1110 ) ) ;
#1446 = DIRECTION ( 'NONE',  ( 0.000000000000000000, -0.000000000000000000, 1.000000000000000000 ) ) ;
#1447 = VECTOR ( 'NONE', #101, 1000.000000000000000 ) ;
#1448 = CC_DESIGN_DATE_AND_TIME_ASSIGNMENT ( #162, #1302, ( #334 ) ) ;
#1449 = COORDINATED_UNIVERSAL_TIME_OFFSET ( 5, 30, .AHEAD. ) ;
#1450 = DIRECTION ( 'NONE',  ( 1.000000000000000000, 0.000000000000000000, 0.000000000000000000 ) ) ;
#1451 = EDGE_CURVE ( 'NONE', #711, #70, #229, .T. ) ;
#1452 = ORIENTED_EDGE ( 'NONE', *, *, #690, .F. ) ;
#1453 =( GEOMETRIC_REPRESENTATION_CONTEXT ( 3 ) GLOBAL_UNCERTAINTY_ASSIGNED_CONTEXT ( ( #708 ) ) GLOBAL_UNIT_ASSIGNED_CONTEXT ( ( #1145, #1004, #1679 ) ) REPRESENTATION_CONTEXT ( 'NONE', 'WORKASPACE' ) );
#1454 = CARTESIAN_POINT ( 'NONE',  ( 2.192338749958979260, 141.9714728336169003, 3.000000000000000000 ) ) ;
#1455 = EDGE_CURVE ( 'NONE', #985, #1325, #834, .T. ) ;
#1456 = VERTEX_POINT ( 'NONE', #1832 ) ;
#1457 = CARTESIAN_POINT ( 'NONE',  ( 23.54233843770125034, 126.9714728336169003, 0.000000000000000000 ) ) ;
#1458 = DIRECTION ( 'NONE',  ( 1.000000000000000000, 0.000000000000000000, 0.000000000000000000 ) ) ;
#1459 = ORIENTED_EDGE ( 'NONE', *, *, #1559, .T. ) ;
#1460 = DIRECTION ( 'NONE',  ( -0.000000000000000000, -0.000000000000000000, -1.000000000000000000 ) ) ;
#1461 = VECTOR ( 'NONE', #489, 1000.000000000000000 ) ;
#1462 = CARTESIAN_POINT ( 'NONE',  ( -2.889376453025085389, -0.5285271663831099254, 3.000000000000000000 ) ) ;
#1463 = EDGE_LOOP ( 'NONE', ( #1157, #1201 ) ) ;
#1464 = EDGE_CURVE ( 'NONE', #1027, #481, #1406, .T. ) ;
#1465 = EDGE_CURVE ( 'NONE', #507, #1711, #954, .T. ) ;
#1466 = PERSON_AND_ORGANIZATION_ROLE ( 'creator' ) ;
#1467 = DIRECTION ( 'NONE',  ( -1.000000000000000000, 0.000000000000000000, 0.000000000000000000 ) ) ;
#1468 = AXIS2_PLACEMENT_3D ( 'NONE', #1596, #161, #191 ) ;
#1469 = ORIENTED_EDGE ( 'NONE', *, *, #220, .T. ) ;
#1470 = VERTEX_POINT ( 'NONE', #1799 ) ;
#1471 = CARTESIAN_POINT ( 'NONE',  ( 2.192338749958983701, 52.63946686589362400, 0.000000000000000000 ) ) ;
#1472 = DIRECTION ( 'NONE',  ( -1.000000000000000000, 0.000000000000000000, 0.000000000000000000 ) ) ;
#1473 = ORIENTED_EDGE ( 'NONE', *, *, #1520, .F. ) ;
#1474 = DIRECTION ( 'NONE',  ( -1.000000000000000000, -0.000000000000000000, -0.000000000000000000 ) ) ;
#1475 = AXIS2_PLACEMENT_3D ( 'NONE', #668, #1871, #687 ) ;
#1476 = APPROVAL_STATUS ( 'not_yet_approved' ) ;
#1477 = DIRECTION ( 'NONE',  ( -0.000000000000000000, -0.000000000000000000, -1.000000000000000000 ) ) ;
#1478 = AXIS2_PLACEMENT_3D ( 'NONE', #145, #750, #1321 ) ;
#1479 = CIRCLE ( 'NONE', #551, 1.499999999999997780 ) ;
#1480 = EDGE_LOOP ( 'NONE', ( #1069, #230, #588, #1032 ) ) ;
#1481 = FACE_BOUND ( 'NONE', #396, .T. ) ;
#1482 = ORIENTED_EDGE ( 'NONE', *, *, #1621, .F. ) ;
#1483 = FACE_OUTER_BOUND ( 'NONE', #262, .T. ) ;
#1484 = DIRECTION ( 'NONE',  ( -0.000000000000000000, -0.000000000000000000, -1.000000000000000000 ) ) ;
#1485 = VECTOR ( 'NONE', #926, 1000.000000000000000 ) ;
#1486 = EDGE_LOOP ( 'NONE', ( #776, #1768 ) ) ;
#1487 = DIRECTION ( 'NONE',  ( 1.000000000000000000, 0.000000000000000000, 0.000000000000000000 ) ) ;
#1488 = CALENDAR_DATE ( 2026, 20, 6 ) ;
#1489 = DIRECTION ( 'NONE',  ( 0.000000000000000000, 0.000000000000000000, 1.000000000000000000 ) ) ;
#1490 = ORIENTED_EDGE ( 'NONE', *, *, #929, .F. ) ;
#1491 = EDGE_CURVE ( 'NONE', #1436, #22, #365, .T. ) ;
#1492 = ORIENTED_EDGE ( 'NONE', *, *, #1182, .F. ) ;
#1493 = DIRECTION ( 'NONE',  ( 0.000000000000000000, 0.000000000000000000, 1.000000000000000000 ) ) ;
#1494 = CARTESIAN_POINT ( 'NONE',  ( 20.54233843770124324, 121.9714728336169003, 3.000000000000000000 ) ) ;
#1495 = EDGE_LOOP ( 'NONE', ( #1442, #17, #796, #1801 ) ) ;
#1496 = CARTESIAN_POINT ( 'NONE',  ( 0.6923387499589819249, 52.63946686589362400, 3.000000000000000000 ) ) ;
#1497 = AXIS2_PLACEMENT_3D ( 'NONE', #1349, #1064, #1821 ) ;
#1498 = DIRECTION ( 'NONE',  ( 0.000000000000000000, 0.000000000000000000, 1.000000000000000000 ) ) ;
#1499 = ORIENTED_EDGE ( 'NONE', *, *, #383, .F. ) ;
#1500 = EDGE_CURVE ( 'NONE', #828, #719, #505, .T. ) ;
#1501 = VECTOR ( 'NONE', #1007, 1000.000000000000000 ) ;
#1502 = DIRECTION ( 'NONE',  ( -0.000000000000000000, -0.000000000000000000, -1.000000000000000000 ) ) ;
#1503 = AXIS2_PLACEMENT_3D ( 'NONE', #304, #1173, #747 ) ;
#1504 = ORIENTED_EDGE ( 'NONE', *, *, #1663, .F. ) ;
#1505 = DIRECTION ( 'NONE',  ( 1.000000000000000000, 0.000000000000000000, 0.000000000000000000 ) ) ;
#1506 = ORIENTED_EDGE ( 'NONE', *, *, #762, .T. ) ;
#1507 = CARTESIAN_POINT ( 'NONE',  ( 23.54233843770124324, 151.9714728336169003, 3.000000000000000000 ) ) ;
#1508 = FACE_OUTER_BOUND ( 'NONE', #1578, .T. ) ;
#1509 = APPROVAL ( #1476, 'UNSPECIFIED' ) ;
#1510 = AXIS2_PLACEMENT_3D ( 'NONE', #1181, #357, #1327 ) ;
#1511 = EDGE_LOOP ( 'NONE', ( #656, #897, #1629, #723 ) ) ;
#1512 = AXIS2_PLACEMENT_3D ( 'NONE', #24, #760, #616 ) ;
#1513 = ADVANCED_FACE ( 'NONE', ( #1522 ), #693, .F. ) ;
#1514 = CARTESIAN_POINT ( 'NONE',  ( 22.04233843770123968, 52.63946686589362400, 0.000000000000000000 ) ) ;
#1515 = EDGE_LOOP ( 'NONE', ( #1136, #1140 ) ) ;
#1516 = DIRECTION ( 'NONE',  ( -0.000000000000000000, -0.000000000000000000, -1.000000000000000000 ) ) ;
#1517 = DIRECTION ( 'NONE',  ( -0.000000000000000000, -0.000000000000000000, -1.000000000000000000 ) ) ;
#1518 = VERTEX_POINT ( 'NONE', #215 ) ;
#1519 = CARTESIAN_POINT ( 'NONE',  ( 0.6397104059245213303, 47.63946686589362400, 3.000000000000000000 ) ) ;
#1520 = EDGE_CURVE ( 'NONE', #1711, #1035, #79, .T. ) ;
#1521 = CYLINDRICAL_SURFACE ( 'NONE', #789, 1.499999999999999556 ) ;
#1522 = FACE_OUTER_BOUND ( 'NONE', #1024, .T. ) ;
#1523 = VERTEX_POINT ( 'NONE', #1217 ) ;
#1524 = VERTEX_POINT ( 'NONE', #1238 ) ;
#1525 = DIRECTION ( 'NONE',  ( -1.000000000000000000, 0.000000000000000000, 0.000000000000000000 ) ) ;
#1526 = DIRECTION ( 'NONE',  ( 0.000000000000000000, -0.000000000000000000, 1.000000000000000000 ) ) ;
#1527 = EDGE_CURVE ( 'NONE', #1518, #861, #285, .T. ) ;
#1528 = DIRECTION ( 'NONE',  ( -1.000000000000000000, 0.000000000000000000, 0.000000000000000000 ) ) ;
#1529 = VECTOR ( 'NONE', #68, 1000.000000000000000 ) ;
#1530 = CARTESIAN_POINT ( 'NONE',  ( 20.54233843770125389, 126.9714728336169003, 3.000000000000000000 ) ) ;
#1531 = CIRCLE ( 'NONE', #1103, 1.499999999999997780 ) ;
#1532 = VERTEX_POINT ( 'NONE', #1375 ) ;
#1533 = CARTESIAN_POINT ( 'NONE',  ( 0.000000000000000000, 0.000000000000000000, 0.000000000000000000 ) ) ;
#1534 = VERTEX_POINT ( 'NONE', #1260 ) ;
#1535 = DIRECTION ( 'NONE',  ( -1.000000000000000000, 0.000000000000000000, 0.000000000000000000 ) ) ;
#1536 = LINE ( 'NONE', #240, #1640 ) ;
#1537 = AXIS2_PLACEMENT_3D ( 'NONE', #1603, #767, #1309 ) ;
#1538 = VERTEX_POINT ( 'NONE', #403 ) ;
#1539 = EDGE_CURVE ( 'NONE', #451, #398, #1245, .T. ) ;
#1540 = CARTESIAN_POINT ( 'NONE',  ( 2.139710405924525105, 151.9714728336169003, 0.000000000000000000 ) ) ;
#1541 = DIRECTION ( 'NONE',  ( -0.000000000000000000, -0.000000000000000000, -1.000000000000000000 ) ) ;
#1542 = EDGE_LOOP ( 'NONE', ( #1660, #864, #1747, #530 ) ) ;
#1543 = AXIS2_PLACEMENT_3D ( 'NONE', #420, #510, #1535 ) ;
#1544 = AXIS2_PLACEMENT_3D ( 'NONE', #1812, #1343, #1528 ) ;
#1545 = ORIENTED_EDGE ( 'NONE', *, *, #1441, .F. ) ;
#1546 = CARTESIAN_POINT ( 'NONE',  ( 22.04233843770125034, 126.9714728336169003, 3.000000000000000000 ) ) ;
#1547 = DIRECTION ( 'NONE',  ( 0.000000000000000000, 0.000000000000000000, -1.000000000000000000 ) ) ;
#1548 = ORIENTED_EDGE ( 'NONE', *, *, #5, .F. ) ;
#1549 = DIRECTION ( 'NONE',  ( 1.000000000000000000, 0.000000000000000000, 0.000000000000000000 ) ) ;
#1550 = FACE_BOUND ( 'NONE', #1775, .T. ) ;
#1551 = DIRECTION ( 'NONE',  ( -0.000000000000000000, 0.000000000000000000, -1.000000000000000000 ) ) ;
#1552 = EDGE_LOOP ( 'NONE', ( #84, #1568, #564, #1330 ) ) ;
#1553 = EDGE_CURVE ( 'NONE', #414, #348, #1687, .T. ) ;
#1554 = EDGE_CURVE ( 'NONE', #1534, #569, #1831, .T. ) ;
#1555 = CARTESIAN_POINT ( 'NONE',  ( 22.04233843770123968, 52.63946686589362400, 0.000000000000000000 ) ) ;
#1556 = CARTESIAN_POINT ( 'NONE',  ( -0.8076612500410043083, 126.9714728336169003, 3.000000000000000000 ) ) ;
#1557 = CARTESIAN_POINT ( 'NONE',  ( 2.192338749958979260, 141.9714728336169003, 3.000000000000000000 ) ) ;
#1558 = VECTOR ( 'NONE', #224, 1000.000000000000000 ) ;
#1559 = EDGE_CURVE ( 'NONE', #972, #1212, #1247, .T. ) ;
#1560 = EDGE_LOOP ( 'NONE', ( #676, #1673 ) ) ;
#1561 = CARTESIAN_POINT ( 'NONE',  ( 22.04233843770124324, 151.9714728336169003, 3.000000000000000000 ) ) ;
#1562 = AXIS2_PLACEMENT_3D ( 'NONE', #911, #781, #1487 ) ;
#1563 = CYLINDRICAL_SURFACE ( 'NONE', #1075, 1.499999999999997780 ) ;
#1564 = VECTOR ( 'NONE', #1827, 1000.000000000000000 ) ;
#1565 = EDGE_LOOP ( 'NONE', ( #1815, #1459 ) ) ;
#1566 = FACE_BOUND ( 'NONE', #1092, .T. ) ;
#1567 = DIRECTION ( 'NONE',  ( -0.000000000000000000, -0.000000000000000000, -1.000000000000000000 ) ) ;
#1568 = ORIENTED_EDGE ( 'NONE', *, *, #1096, .T. ) ;
#1569 = CIRCLE ( 'NONE', #1475, 1.499999999999999556 ) ;
#1570 = AXIS2_PLACEMENT_3D ( 'NONE', #223, #1798, #1353 ) ;
#1571 = DIRECTION ( 'NONE',  ( 0.000000000000000000, 0.000000000000000000, -1.000000000000000000 ) ) ;
#1572 = EDGE_LOOP ( 'NONE', ( #780, #715, #1482, #299 ) ) ;
#1573 = CYLINDRICAL_SURFACE ( 'NONE', #1421, 1.499999999999999112 ) ;
#1574 = EDGE_CURVE ( 'NONE', #728, #212, #895, .T. ) ;
#1575 = CARTESIAN_POINT ( 'NONE',  ( 22.96159094805947021, -0.5285271663831078159, 0.000000000000000000 ) ) ;
#1576 = DIRECTION ( 'NONE',  ( 1.000000000000000000, 0.000000000000000000, 0.000000000000000000 ) ) ;
#1577 = CARTESIAN_POINT ( 'NONE',  ( 0.6923387499589949146, 126.9714728336169003, 3.000000000000000000 ) ) ;
#1578 = EDGE_LOOP ( 'NONE', ( #1797, #1355, #289, #766 ) ) ;
#1579 = CARTESIAN_POINT ( 'NONE',  ( 14.48268558197597855, 15.55581542071531942, -9.000000000000001776 ) ) ;
#1580 = ORIENTED_EDGE ( 'NONE', *, *, #10, .T. ) ;
#1581 = DIRECTION ( 'NONE',  ( 1.000000000000000000, 0.000000000000000000, 0.000000000000000000 ) ) ;
#1582 = FACE_OUTER_BOUND ( 'NONE', #46, .T. ) ;
#1583 = ORIENTED_EDGE ( 'NONE', *, *, #691, .T. ) ;
#1584 = VECTOR ( 'NONE', #394, 1000.000000000000000 ) ;
#1585 = AXIS2_PLACEMENT_3D ( 'NONE', #874, #1869, #717 ) ;
#1586 = CARTESIAN_POINT ( 'NONE',  ( -7.889376453025086278, -0.5285271663831094813, 0.000000000000000000 ) ) ;
#1587 = AXIS2_PLACEMENT_3D ( 'NONE', #408, #976, #259 ) ;
#1588 = CARTESIAN_POINT ( 'NONE',  ( 2.139710405924522885, 47.63946686589362400, 3.000000000000000000 ) ) ;
#1589 = ADVANCED_FACE ( 'NONE', ( #558 ), #709, .F. ) ;
#1590 = CARTESIAN_POINT ( 'NONE',  ( -3.293488359322825687, -0.5285271663831099254, 3.000000000000000000 ) ) ;
#1591 = VERTEX_POINT ( 'NONE', #1727 ) ;
#1592 = EDGE_CURVE ( 'NONE', #1171, #1625, #1875, .T. ) ;
#1593 = AXIS2_PLACEMENT_3D ( 'NONE', #1826, #829, #279 ) ;
#1594 = DIRECTION ( 'NONE',  ( 1.000000000000000000, 0.000000000000000000, 0.000000000000000000 ) ) ;
#1595 = ORIENTED_EDGE ( 'NONE', *, *, #1070, .F. ) ;
#1596 = CARTESIAN_POINT ( 'NONE',  ( 19.48268558197597855, -0.5285271663831078159, 3.000000000000000000 ) ) ;
#1597 = CARTESIAN_POINT ( 'NONE',  ( 22.96159094805939205, 1.139466865893621117, 3.000000000000000000 ) ) ;
#1598 = VERTEX_POINT ( 'NONE', #1852 ) ;
#1599 = EDGE_CURVE ( 'NONE', #474, #1862, #231, .T. ) ;
#1600 = EDGE_CURVE ( 'NONE', #568, #574, #381, .T. ) ;
#1601 = CARTESIAN_POINT ( 'NONE',  ( -3.293488359322825687, -0.5285271663831099254, 3.000000000000000000 ) ) ;
#1602 = ORIENTED_EDGE ( 'NONE', *, *, #1554, .T. ) ;
#1603 = CARTESIAN_POINT ( 'NONE',  ( 22.04233843770124324, 156.9714728336169003, 3.000000000000000000 ) ) ;
#1604 = DIRECTION ( 'NONE',  ( 0.000000000000000000, 0.000000000000000000, 1.000000000000000000 ) ) ;
#1605 = VERTEX_POINT ( 'NONE', #1267 ) ;
#1606 = EDGE_CURVE ( 'NONE', #1287, #61, #4, .T. ) ;
#1607 = DIRECTION ( 'NONE',  ( -1.000000000000000000, 0.000000000000000000, 0.000000000000000000 ) ) ;
#1608 = CARTESIAN_POINT ( 'NONE',  ( 22.04233843770123968, 121.9714728336169003, 0.000000000000000000 ) ) ;
#1609 = EDGE_LOOP ( 'NONE', ( #825, #1867, #1545, #263 ) ) ;
#1610 = APPLICATION_CONTEXT ( 'configuration controlled 3d designs of mechanical parts and assemblies' ) ;
#1611 = DIRECTION ( 'NONE',  ( -1.000000000000000000, 0.000000000000000000, 0.000000000000000000 ) ) ;
#1612 = CARTESIAN_POINT ( 'NONE',  ( -7.889376453025086278, 159.4714728336169003, 3.000000000000000000 ) ) ;
#1613 = CIRCLE ( 'NONE', #1537, 1.499999999999997780 ) ;
#1614 = ORIENTED_EDGE ( 'NONE', *, *, #1451, .T. ) ;
#1615 = CARTESIAN_POINT ( 'NONE',  ( 22.04233843770124324, 156.9714728336169003, 3.000000000000000000 ) ) ;
#1616 = DIRECTION ( 'NONE',  ( -1.000000000000000000, 0.000000000000000000, 0.000000000000000000 ) ) ;
#1617 = CARTESIAN_POINT ( 'NONE',  ( 22.04233843770124324, 136.9714728336169003, 3.000000000000000000 ) ) ;
#1618 = AXIS2_PLACEMENT_3D ( 'NONE', #531, #136, #105 ) ;
#1619 = ORIENTED_EDGE ( 'NONE', *, *, #343, .T. ) ;
#1620 = CARTESIAN_POINT ( 'NONE',  ( 2.192338749958979260, 156.9714728336169003, 0.000000000000000000 ) ) ;
#1621 = EDGE_CURVE ( 'NONE', #398, #583, #626, .T. ) ;
#1622 = CARTESIAN_POINT ( 'NONE',  ( 22.96159094805947021, 159.4714728336168719, 3.000000000000000000 ) ) ;
#1623 = ORIENTED_EDGE ( 'NONE', *, *, #1371, .F. ) ;
#1624 = FACE_BOUND ( 'NONE', #678, .T. ) ;
#1625 = VERTEX_POINT ( 'NONE', #294 ) ;
#1626 = DIRECTION ( 'NONE',  ( -0.000000000000000000, -0.000000000000000000, -1.000000000000000000 ) ) ;
#1627 = DIRECTION ( 'NONE',  ( -0.000000000000000000, -0.000000000000000000, -1.000000000000000000 ) ) ;
#1628 = AXIS2_PLACEMENT_3D ( 'NONE', #1152, #1012, #1576 ) ;
#1629 = ORIENTED_EDGE ( 'NONE', *, *, #1190, .T. ) ;
#1630 = EDGE_CURVE ( 'NONE', #1436, #389, #1279, .T. ) ;
#1631 = CARTESIAN_POINT ( 'NONE',  ( 0.6923387499589819249, 52.63946686589362400, 3.000000000000000000 ) ) ;
#1632 = EDGE_LOOP ( 'NONE', ( #74, #1042, #927, #1318 ) ) ;
#1633 = CARTESIAN_POINT ( 'NONE',  ( 0.000000000000000000, 15.55581542071531942, 0.000000000000000000 ) ) ;
#1634 = DIRECTION ( 'NONE',  ( 0.000000000000000000, 0.000000000000000000, 1.000000000000000000 ) ) ;
#1635 = CC_DESIGN_PERSON_AND_ORGANIZATION_ASSIGNMENT ( #1196, #15, ( #1878 ) ) ;
#1636 = DIRECTION ( 'NONE',  ( -0.000000000000000000, -0.000000000000000000, -1.000000000000000000 ) ) ;
#1637 = PRODUCT_RELATED_PRODUCT_CATEGORY ( 'detail', '', ( #1098 ) ) ;
#1638 = ORIENTED_EDGE ( 'NONE', *, *, #605, .F. ) ;
#1639 = CARTESIAN_POINT ( 'NONE',  ( 2.192338749958993915, 126.9714728336169003, 3.000000000000000000 ) ) ;
#1640 = VECTOR ( 'NONE', #822, 1000.000000000000000 ) ;
#1641 = CARTESIAN_POINT ( 'NONE',  ( 22.04233843770124324, 141.9714728336169003, 3.000000000000000000 ) ) ;
#1642 = EDGE_CURVE ( 'NONE', #573, #514, #1251, .T. ) ;
#1643 = ORIENTED_EDGE ( 'NONE', *, *, #1803, .T. ) ;
#1644 = AXIS2_PLACEMENT_3D ( 'NONE', #1205, #1789, #749 ) ;
#1645 = CARTESIAN_POINT ( 'NONE',  ( -2.889376453025086278, 159.4714728336169003, 3.000000000000000000 ) ) ;
#1646 = VECTOR ( 'NONE', #1018, 1000.000000000000000 ) ;
#1647 = ORIENTED_EDGE ( 'NONE', *, *, #1849, .T. ) ;
#1648 = MANIFOLD_SOLID_BREP ( 'Fillet1', #875 ) ;
#1649 = DIRECTION ( 'NONE',  ( 0.000000000000000000, 0.000000000000000000, 1.000000000000000000 ) ) ;
#1650 = EDGE_CURVE ( 'NONE', #1862, #474, #1531, .T. ) ;
#1651 = DIRECTION ( 'NONE',  ( -0.000000000000000000, -0.000000000000000000, -1.000000000000000000 ) ) ;
#1652 = ORIENTED_EDGE ( 'NONE', *, *, #1026, .F. ) ;
#1653 = CARTESIAN_POINT ( 'NONE',  ( 22.04233843770123968, 47.63946686589362400, 0.000000000000000000 ) ) ;
#1654 = CARTESIAN_POINT ( 'NONE',  ( 19.48268558197597855, -0.5285271663831078159, 0.000000000000000000 ) ) ;
#1655 = AXIS2_PLACEMENT_3D ( 'NONE', #188, #497, #1616 ) ;
#1656 = EDGE_LOOP ( 'NONE', ( #1270, #1469, #706, #855 ) ) ;
#1657 = CIRCLE ( 'NONE', #1023, 5.000000000000000888 ) ;
#1658 = VECTOR ( 'NONE', #1474, 1000.000000000000000 ) ;
#1659 = FACE_BOUND ( 'NONE', #58, .T. ) ;
#1660 = ORIENTED_EDGE ( 'NONE', *, *, #941, .T. ) ;
#1661 = DIRECTION ( 'NONE',  ( 0.000000000000000000, 0.000000000000000000, -1.000000000000000000 ) ) ;
#1662 = CARTESIAN_POINT ( 'NONE',  ( 20.54233843770124679, 136.9714728336169003, 0.000000000000000000 ) ) ;
#1663 = EDGE_CURVE ( 'NONE', #404, #1337, #957, .T. ) ;
#1664 = EDGE_CURVE ( 'NONE', #212, #404, #261, .T. ) ;
#1665 = ORIENTED_EDGE ( 'NONE', *, *, #1853, .T. ) ;
#1666 = DIRECTION ( 'NONE',  ( -1.000000000000000000, 0.000000000000000000, 0.000000000000000000 ) ) ;
#1667 = DIRECTION ( 'NONE',  ( -1.000000000000000000, 0.000000000000000000, 0.000000000000000000 ) ) ;
#1668 = ORIENTED_EDGE ( 'NONE', *, *, #1070, .T. ) ;
#1669 = ORIENTED_EDGE ( 'NONE', *, *, #1207, .F. ) ;
#1670 = EDGE_LOOP ( 'NONE', ( #1235, #641, #345, #467 ) ) ;
#1671 = DIRECTION ( 'NONE',  ( 1.000000000000000000, 0.000000000000000000, 0.000000000000000000 ) ) ;
#1672 = DIRECTION ( 'NONE',  ( -1.000000000000000000, 0.000000000000000000, 0.000000000000000000 ) ) ;
#1673 = ORIENTED_EDGE ( 'NONE', *, *, #96, .F. ) ;
#1674 = DIRECTION ( 'NONE',  ( 1.000000000000000000, 0.000000000000000000, 0.000000000000000000 ) ) ;
#1675 = DIRECTION ( 'NONE',  ( 1.000000000000000000, 0.000000000000000000, 0.000000000000000000 ) ) ;
#1676 = AXIS2_PLACEMENT_3D ( 'NONE', #123, #106, #688 ) ;
#1677 = DIRECTION ( 'NONE',  ( 1.000000000000000000, 0.000000000000000000, 0.000000000000000000 ) ) ;
#1678 = AXIS2_PLACEMENT_3D ( 'NONE', #1151, #1446, #567 ) ;
#1679 =( NAMED_UNIT ( * ) SI_UNIT ( $, .STERADIAN. ) SOLID_ANGLE_UNIT ( ) );
#1680 = ORIENTED_EDGE ( 'NONE', *, *, #1600, .T. ) ;
#1681 = AXIS2_PLACEMENT_3D ( 'NONE', #1395, #100, #1549 ) ;
#1682 = CARTESIAN_POINT ( 'NONE',  ( 14.48268558197597855, -0.5285271663831078159, 0.000000000000000000 ) ) ;
#1683 = CARTESIAN_POINT ( 'NONE',  ( 22.96159094805947021, 159.4714728336168719, 3.000000000000000000 ) ) ;
#1684 = ORIENTED_EDGE ( 'NONE', *, *, #1388, .T. ) ;
#1685 = DIRECTION ( 'NONE',  ( -0.000000000000000000, -0.000000000000000000, -1.000000000000000000 ) ) ;
#1686 = CARTESIAN_POINT ( 'NONE',  ( 23.54233843770124324, 141.9714728336169003, 3.000000000000000000 ) ) ;
#1687 = LINE ( 'NONE', #1091, #1584 ) ;
#1688 = EDGE_CURVE ( 'NONE', #1337, #568, #434, .T. ) ;
#1689 = EDGE_CURVE ( 'NONE', #256, #1035, #1187, .T. ) ;
#1690 = CIRCLE ( 'NONE', #1814, 1.500000000000001332 ) ;
#1691 = COORDINATED_UNIVERSAL_TIME_OFFSET ( 5, 30, .AHEAD. ) ;
#1692 = AXIS2_PLACEMENT_3D ( 'NONE', #1631, #1489, #232 ) ;
#1693 = EDGE_LOOP ( 'NONE', ( #754, #535 ) ) ;
#1694 = CARTESIAN_POINT ( 'NONE',  ( 0.6923387499589949146, 126.9714728336169003, 3.000000000000000000 ) ) ;
#1695 = FACE_OUTER_BOUND ( 'NONE', #1511, .T. ) ;
#1696 = FACE_OUTER_BOUND ( 'NONE', #931, .T. ) ;
#1697 = APPROVAL_PERSON_ORGANIZATION ( #1310, #841, #172 ) ;
#1698 = DIRECTION ( 'NONE',  ( -0.000000000000000000, -0.000000000000000000, -1.000000000000000000 ) ) ;
#1699 = EDGE_CURVE ( 'NONE', #1019, #197, #1124, .T. ) ;
#1700 = ORGANIZATION ( 'UNSPECIFIED', 'UNSPECIFIED', '' ) ;
#1701 = VERTEX_POINT ( 'NONE', #724 ) ;
#1702 = DIRECTION ( 'NONE',  ( 0.000000000000000000, 0.000000000000000000, 1.000000000000000000 ) ) ;
#1703 = CARTESIAN_POINT ( 'NONE',  ( 0.6923387499589819249, 52.63946686589362400, 3.000000000000000000 ) ) ;
#1704 = ORIENTED_EDGE ( 'NONE', *, *, #65, .F. ) ;
#1705 = DIRECTION ( 'NONE',  ( 0.000000000000000000, 0.000000000000000000, 1.000000000000000000 ) ) ;
#1706 = DIRECTION ( 'NONE',  ( -0.000000000000000000, -0.000000000000000000, -1.000000000000000000 ) ) ;
#1707 = ORIENTED_EDGE ( 'NONE', *, *, #1259, .F. ) ;
#1708 = ADVANCED_FACE ( 'NONE', ( #857 ), #585, .F. ) ;
#1709 = AXIS2_PLACEMENT_3D ( 'NONE', #1683, #1547, #72 ) ;
#1710 = VECTOR ( 'NONE', #134, 1000.000000000000000 ) ;
#1711 = VERTEX_POINT ( 'NONE', #1143 ) ;
#1712 = ADVANCED_FACE ( 'NONE', ( #866 ), #1011, .F. ) ;
#1713 = AXIS2_PLACEMENT_3D ( 'NONE', #452, #307, #251 ) ;
#1714 = CARTESIAN_POINT ( 'NONE',  ( 0.6397104059245213303, 121.9714728336169003, 0.000000000000000000 ) ) ;
#1715 = ORIENTED_EDGE ( 'NONE', *, *, #1630, .T. ) ;
#1716 = CARTESIAN_POINT ( 'NONE',  ( 22.04233843770123968, 121.9714728336169003, 3.000000000000000000 ) ) ;
#1717 = CARTESIAN_POINT ( 'NONE',  ( 22.96159094805947021, -0.5285271663831078159, 3.000000000000000000 ) ) ;
#1718 = CYLINDRICAL_SURFACE ( 'NONE', #1543, 5.000000000000000888 ) ;
#1719 = VERTEX_POINT ( 'NONE', #1292 ) ;
#1720 = VECTOR ( 'NONE', #1795, 1000.000000000000000 ) ;
#1721 = CIRCLE ( 'NONE', #91, 1.499999999999997780 ) ;
#1722 = DIRECTION ( 'NONE',  ( -1.000000000000000000, 7.741932122810514360E-16, 0.000000000000000000 ) ) ;
#1723 = CIRCLE ( 'NONE', #273, 1.500000000000001332 ) ;
#1724 = ADVANCED_FACE ( 'NONE', ( #120 ), #699, .F. ) ;
#1725 = ORIENTED_EDGE ( 'NONE', *, *, #1592, .T. ) ;
#1726 = EDGE_LOOP ( 'NONE', ( #1242, #35 ) ) ;
#1727 = CARTESIAN_POINT ( 'NONE',  ( 23.54233843770123968, 121.9714728336169003, 3.000000000000000000 ) ) ;
#1728 = CARTESIAN_POINT ( 'NONE',  ( 22.04233843770123968, 121.9714728336169003, 3.000000000000000000 ) ) ;
#1729 = VECTOR ( 'NONE', #1389, 1000.000000000000000 ) ;
#1730 = ORIENTED_EDGE ( 'NONE', *, *, #1465, .T. ) ;
#1731 = CARTESIAN_POINT ( 'NONE',  ( 23.54233843770124324, 52.63946686589362400, 3.000000000000000000 ) ) ;
#1732 = ORIENTED_EDGE ( 'NONE', *, *, #1128, .F. ) ;
#1733 = DIRECTION ( 'NONE',  ( 0.000000000000000000, -0.000000000000000000, 1.000000000000000000 ) ) ;
#1734 = FACE_BOUND ( 'NONE', #596, .T. ) ;
#1735 = CARTESIAN_POINT ( 'NONE',  ( 20.54233843770123968, 47.63946686589362400, 0.000000000000000000 ) ) ;
#1736 = ORIENTED_EDGE ( 'NONE', *, *, #1323, .T. ) ;
#1737 = AXIS2_PLACEMENT_3D ( 'NONE', #669, #1636, #1672 ) ;
#1738 = CARTESIAN_POINT ( 'NONE',  ( 0.6923387499589792604, 141.9714728336169003, 0.000000000000000000 ) ) ;
#1739 = ORIENTED_EDGE ( 'NONE', *, *, #183, .F. ) ;
#1740 = VECTOR ( 'NONE', #1264, 1000.000000000000000 ) ;
#1741 = DESIGN_CONTEXT ( 'detailed design', #131, 'design' ) ;
#1742 = CARTESIAN_POINT ( 'NONE',  ( 22.04233843770124324, 151.9714728336169003, 0.000000000000000000 ) ) ;
#1743 = VECTOR ( 'NONE', #2, 1000.000000000000000 ) ;
#1744 = DIRECTION ( 'NONE',  ( 0.000000000000000000, 0.000000000000000000, 1.000000000000000000 ) ) ;
#1745 = EDGE_CURVE ( 'NONE', #1719, #985, #76, .T. ) ;
#1746 = ADVANCED_FACE ( 'NONE', ( #335 ), #775, .T. ) ;
#1747 = ORIENTED_EDGE ( 'NONE', *, *, #1170, .F. ) ;
#1748 = AXIS2_PLACEMENT_3D ( 'NONE', #1193, #1634, #1764 ) ;
#1749 = DIRECTION ( 'NONE',  ( -1.000000000000000000, 0.000000000000000000, 0.000000000000000000 ) ) ;
#1750 = AXIS2_PLACEMENT_3D ( 'NONE', #1274, #1428, #827 ) ;
#1751 = ORIENTED_EDGE ( 'NONE', *, *, #1026, .T. ) ;
#1752 = CYLINDRICAL_SURFACE ( 'NONE', #1713, 1.500000000000000000 ) ;
#1753 = DIRECTION ( 'NONE',  ( 0.000000000000000000, 0.000000000000000000, 1.000000000000000000 ) ) ;
#1754 = ORIENTED_EDGE ( 'NONE', *, *, #1592, .F. ) ;
#1755 = DIRECTION ( 'NONE',  ( 1.000000000000000000, 0.000000000000000000, 0.000000000000000000 ) ) ;
#1756 = DIRECTION ( 'NONE',  ( 1.000000000000000000, 0.000000000000000000, 0.000000000000000000 ) ) ;
#1757 = ORIENTED_EDGE ( 'NONE', *, *, #550, .T. ) ;
#1758 = FACE_OUTER_BOUND ( 'NONE', #809, .T. ) ;
#1759 = PERSON_AND_ORGANIZATION_ROLE ( 'design_supplier' ) ;
#1760 = DIRECTION ( 'NONE',  ( -0.000000000000000000, -0.000000000000000000, -1.000000000000000000 ) ) ;
#1761 = VERTEX_POINT ( 'NONE', #639 ) ;
#1762 = FACE_BOUND ( 'NONE', #1195, .T. ) ;
#1763 = ORIENTED_EDGE ( 'NONE', *, *, #320, .F. ) ;
#1764 = DIRECTION ( 'NONE',  ( 1.000000000000000000, 0.000000000000000000, 0.000000000000000000 ) ) ;
#1765 = CIRCLE ( 'NONE', #808, 1.499999999999997780 ) ;
#1766 = EDGE_CURVE ( 'NONE', #132, #197, #1833, .T. ) ;
#1767 = AXIS2_PLACEMENT_3D ( 'NONE', #1301, #1438, #143 ) ;
#1768 = ORIENTED_EDGE ( 'NONE', *, *, #305, .F. ) ;
#1769 = DIRECTION ( 'NONE',  ( -0.000000000000000000, -0.000000000000000000, -1.000000000000000000 ) ) ;
#1770 = COORDINATED_UNIVERSAL_TIME_OFFSET ( 5, 30, .AHEAD. ) ;
#1771 = FACE_OUTER_BOUND ( 'NONE', #494, .T. ) ;
#1772 = CIRCLE ( 'NONE', #236, 1.500000000000000000 ) ;
#1773 = ORIENTED_EDGE ( 'NONE', *, *, #940, .F. ) ;
#1774 = CARTESIAN_POINT ( 'NONE',  ( 20.54233843770124679, 156.9714728336169003, 3.000000000000000000 ) ) ;
#1775 = EDGE_LOOP ( 'NONE', ( #1362, #1006 ) ) ;
#1776 = CARTESIAN_POINT ( 'NONE',  ( 22.96159094805939205, 1.139466865893621117, 3.000000000000000000 ) ) ;
#1777 = EDGE_CURVE ( 'NONE', #1719, #1523, #1367, .T. ) ;
#1778 = CARTESIAN_POINT ( 'NONE',  ( -3.293488359322825687, -0.5285271663831099254, 0.000000000000000000 ) ) ;
#1779 = CIRCLE ( 'NONE', #1233, 1.500000000000001332 ) ;
#1780 = VERTEX_POINT ( 'NONE', #1052 ) ;
#1781 = LINE ( 'NONE', #902, #1658 ) ;
#1782 = DIRECTION ( 'NONE',  ( -0.000000000000000000, -0.000000000000000000, -1.000000000000000000 ) ) ;
#1783 = AXIS2_PLACEMENT_3D ( 'NONE', #1028, #601, #1331 ) ;
#1784 = EDGE_LOOP ( 'NONE', ( #915, #1210, #1240, #313 ) ) ;
#1785 = CARTESIAN_POINT ( 'NONE',  ( -0.8602895940754782256, 121.9714728336169003, 3.000000000000000000 ) ) ;
#1786 = CYLINDRICAL_SURFACE ( 'NONE', #73, 1.500000000000001554 ) ;
#1787 = EDGE_CURVE ( 'NONE', #175, #1, #649, .T. ) ;
#1788 = EDGE_LOOP ( 'NONE', ( #94, #1009 ) ) ;
#1789 = DIRECTION ( 'NONE',  ( 0.000000000000000000, 0.000000000000000000, 1.000000000000000000 ) ) ;
#1790 = DIRECTION ( 'NONE',  ( 0.000000000000000000, 0.000000000000000000, 1.000000000000000000 ) ) ;
#1791 = EDGE_CURVE ( 'NONE', #341, #828, #657, .T. ) ;
#1792 = ORIENTED_EDGE ( 'NONE', *, *, #48, .T. ) ;
#1793 = FACE_OUTER_BOUND ( 'NONE', #714, .T. ) ;
#1794 = ORIENTED_EDGE ( 'NONE', *, *, #1699, .F. ) ;
#1795 = DIRECTION ( 'NONE',  ( -0.000000000000000000, -0.000000000000000000, -1.000000000000000000 ) ) ;
#1796 = LINE ( 'NONE', #1074, #1127 ) ;
#1797 = ORIENTED_EDGE ( 'NONE', *, *, #903, .F. ) ;
#1798 = DIRECTION ( 'NONE',  ( 0.000000000000000000, 0.000000000000000000, 1.000000000000000000 ) ) ;
#1799 = CARTESIAN_POINT ( 'NONE',  ( 14.48268558197597855, 15.55581542071531942, 3.000000000000000000 ) ) ;
#1800 = EDGE_LOOP ( 'NONE', ( #1359, #356 ) ) ;
#1801 = ORIENTED_EDGE ( 'NONE', *, *, #328, .F. ) ;
#1802 = AXIS2_PLACEMENT_3D ( 'NONE', #1703, #873, #722 ) ;
#1803 = EDGE_CURVE ( 'NONE', #1605, #1524, #344, .T. ) ;
#1804 = EDGE_CURVE ( 'NONE', #336, #1534, #69, .T. ) ;
#1805 = DIRECTION ( 'NONE',  ( -0.000000000000000000, 0.000000000000000000, -1.000000000000000000 ) ) ;
#1806 = AXIS2_PLACEMENT_3D ( 'NONE', #1608, #178, #29 ) ;
#1807 = VERTEX_POINT ( 'NONE', #207 ) ;
#1808 = CARTESIAN_POINT ( 'NONE',  ( 19.48268558197597855, -5.528527166383107705, 3.000000000000000000 ) ) ;
#1809 = FACE_OUTER_BOUND ( 'NONE', #556, .T. ) ;
#1810 = EDGE_LOOP ( 'NONE', ( #1308, #208 ) ) ;
#1811 = CARTESIAN_POINT ( 'NONE',  ( 22.96159094805947376, 164.4714728336168719, 0.000000000000000000 ) ) ;
#1812 = CARTESIAN_POINT ( 'NONE',  ( -2.889376453025085389, -0.5285271663831099254, 3.000000000000000000 ) ) ;
#1813 = CARTESIAN_POINT ( 'NONE',  ( -7.889376453025086278, -0.5285271663831094813, 3.000000000000000000 ) ) ;
#1814 = AXIS2_PLACEMENT_3D ( 'NONE', #1381, #1241, #1094 ) ;
#1815 = ORIENTED_EDGE ( 'NONE', *, *, #1441, .T. ) ;
#1816 = ADVANCED_FACE ( 'NONE', ( #323 ), #26, .F. ) ;
#1817 = VECTOR ( 'NONE', #1384, 1000.000000000000000 ) ;
#1818 = CARTESIAN_POINT ( 'NONE',  ( 0.6397104059245248830, 151.9714728336169003, 0.000000000000000000 ) ) ;
#1819 = ORIENTED_EDGE ( 'NONE', *, *, #1863, .F. ) ;
#1820 = CARTESIAN_POINT ( 'NONE',  ( 23.54233843770124324, 151.9714728336169003, 3.000000000000000000 ) ) ;
#1821 = DIRECTION ( 'NONE',  ( -1.000000000000000000, 0.000000000000000000, 0.000000000000000000 ) ) ;
#1822 = APPROVAL_PERSON_ORGANIZATION ( #1439, #301, #541 ) ;
#1823 = CARTESIAN_POINT ( 'NONE',  ( 0.6923387499589949146, 126.9714728336169003, 3.000000000000000000 ) ) ;
#1824 = CARTESIAN_POINT ( 'NONE',  ( 22.96159094805947376, 164.4714728336168719, 3.000000000000000000 ) ) ;
#1825 = ORIENTED_EDGE ( 'NONE', *, *, #234, .F. ) ;
#1826 = CARTESIAN_POINT ( 'NONE',  ( 0.6397104059245248830, 151.9714728336169003, 3.000000000000000000 ) ) ;
#1827 = DIRECTION ( 'NONE',  ( 1.000000000000000000, 9.677415153513142950E-17, -0.000000000000000000 ) ) ;
#1828 = CARTESIAN_POINT ( 'NONE',  ( -2.707661250040972245, 1.139466865893621117, 3.000000000000000000 ) ) ;
#1829 = EDGE_CURVE ( 'NONE', #580, #1, #584, .T. ) ;
#1830 = FACE_BOUND ( 'NONE', #380, .T. ) ;
#1831 = CIRCLE ( 'NONE', #199, 5.000000000000000000 ) ;
#1832 = CARTESIAN_POINT ( 'NONE',  ( 24.46159094805939205, 1.139466865893621339, 0.000000000000000000 ) ) ;
#1833 = CIRCLE ( 'NONE', #201, 1.500000000000001332 ) ;
#1834 = APPROVAL_STATUS ( 'not_yet_approved' ) ;
#1835 = ORIENTED_EDGE ( 'NONE', *, *, #149, .F. ) ;
#1836 = CARTESIAN_POINT ( 'NONE',  ( 22.04233843770123968, 47.63946686589362400, 0.000000000000000000 ) ) ;
#1837 = FACE_OUTER_BOUND ( 'NONE', #1784, .T. ) ;
#1838 = EDGE_CURVE ( 'NONE', #637, #1027, #400, .T. ) ;
#1839 = ORIENTED_EDGE ( 'NONE', *, *, #1664, .F. ) ;
#1840 = LINE ( 'NONE', #274, #139 ) ;
#1841 = FACE_OUTER_BOUND ( 'NONE', #1868, .T. ) ;
#1842 = CARTESIAN_POINT ( 'NONE',  ( 20.54233843770125389, 126.9714728336169003, 3.000000000000000000 ) ) ;
#1843 = AXIS2_PLACEMENT_3D ( 'NONE', #609, #642, #1505 ) ;
#1844 = CIRCLE ( 'NONE', #1570, 1.499999999999997780 ) ;
#1845 = EDGE_LOOP ( 'NONE', ( #791, #1825, #648, #377 ) ) ;
#1846 = ADVANCED_FACE ( 'NONE', ( #1793, #1336, #1659, #1211, #355, #935, #1061, #797, #1178, #1481, #1762, #466, #368, #186, #763, #627, #1624, #973, #1734 ), #144, .F. ) ;
#1847 = DIRECTION ( 'NONE',  ( 1.000000000000000000, 0.000000000000000000, 0.000000000000000000 ) ) ;
#1848 = DIRECTION ( 'NONE',  ( -0.000000000000000000, -0.000000000000000000, -1.000000000000000000 ) ) ;
#1849 = EDGE_CURVE ( 'NONE', #583, #398, #522, .T. ) ;
#1850 = VERTEX_POINT ( 'NONE', #1824 ) ;
#1851 = FACE_BOUND ( 'NONE', #454, .T. ) ;
#1852 = CARTESIAN_POINT ( 'NONE',  ( -0.8076612500410196294, 52.63946686589362400, 3.000000000000000000 ) ) ;
#1853 = EDGE_CURVE ( 'NONE', #1711, #507, #759, .T. ) ;
#1854 = ORIENTED_EDGE ( 'NONE', *, *, #305, .T. ) ;
#1855 = DIRECTION ( 'NONE',  ( 1.000000000000000000, 0.000000000000000000, 0.000000000000000000 ) ) ;
#1856 = DIRECTION ( 'NONE',  ( 0.000000000000000000, 1.000000000000000000, 0.000000000000000000 ) ) ;
#1857 = ORIENTED_EDGE ( 'NONE', *, *, #255, .T. ) ;
#1858 = CARTESIAN_POINT ( 'NONE',  ( -3.091432406173955538, -5.524442837388486183, 1.500000000000000000 ) ) ;
#1859 = DIRECTION ( 'NONE',  ( 0.000000000000000000, 0.000000000000000000, 1.000000000000000000 ) ) ;
#1860 = AXIS2_PLACEMENT_3D ( 'NONE', #97, #399, #1120 ) ;
#1861 = AXIS2_PLACEMENT_3D ( 'NONE', #271, #1567, #443 ) ;
#1862 = VERTEX_POINT ( 'NONE', #965 ) ;
#1863 = EDGE_CURVE ( 'NONE', #389, #770, #819, .T. ) ;
#1864 = EDGE_CURVE ( 'NONE', #190, #1403, #1870, .T. ) ;
#1865 = VECTOR ( 'NONE', #1856, 1000.000000000000000 ) ;
#1866 = DIRECTION ( 'NONE',  ( -0.000000000000000000, -0.000000000000000000, 1.000000000000000000 ) ) ;
#1867 = ORIENTED_EDGE ( 'NONE', *, *, #287, .T. ) ;
#1868 = EDGE_LOOP ( 'NONE', ( #1425, #470, #330, #1315 ) ) ;
#1869 = DIRECTION ( 'NONE',  ( 0.000000000000000000, 0.000000000000000000, 1.000000000000000000 ) ) ;
#1870 = LINE ( 'NONE', #520, #1729 ) ;
#1871 = DIRECTION ( 'NONE',  ( 0.000000000000000000, 0.000000000000000000, 1.000000000000000000 ) ) ;
#1872 = EDGE_LOOP ( 'NONE', ( #910, #1854, #40, #1704 ) ) ;
#1873 = AXIS2_PLACEMENT_3D ( 'NONE', #1728, #95, #1525 ) ;
#1874 = ORIENTED_EDGE ( 'NONE', *, *, #1115, .T. ) ;
#1875 = LINE ( 'NONE', #1557, #312 ) ;
#1876 = LOCAL_TIME ( 18, 7, 28.00000000000000000, #768 ) ;
#1877 = DIRECTION ( 'NONE',  ( -7.741932122810514360E-16, -1.000000000000000000, 0.000000000000000000 ) ) ;
#1878 = PRODUCT_DEFINITION_FORMATION_WITH_SPECIFIED_SOURCE ( 'ANY', '', #1098, .NOT_KNOWN. ) ;
ENDSEC;
END-ISO-10303-21;
