ISO-10303-21;
HEADER;
FILE_DESCRIPTION (( 'STEP AP203' ),
    '1' );
FILE_NAME ('Part20^Assem6 - Copy.STEP',
    '2026-06-20T12:37:43',
    ( '' ),
    ( '' ),
    'SwSTEP 2.0',
    'SolidWorks 2024',
    '' );
FILE_SCHEMA (( 'CONFIG_CONTROL_DESIGN' ));
ENDSEC;

DATA;
#1 = PLANE ( 'NONE',  #2315 ) ;
#2 = CARTESIAN_POINT ( 'NONE',  ( -16.09999999999995879, 2.000000000000001776, 15.00000000000000000 ) ) ;
#3 = DIRECTION ( 'NONE',  ( 0.000000000000000000, 0.000000000000000000, 1.000000000000000000 ) ) ;
#4 = CIRCLE ( 'NONE', #183, 1.500000000000001332 ) ;
#5 = EDGE_CURVE ( 'NONE', #1754, #2182, #270, .T. ) ;
#6 = DIRECTION ( 'NONE',  ( 0.000000000000000000, 0.000000000000000000, 1.000000000000000000 ) ) ;
#7 = AXIS2_PLACEMENT_3D ( 'NONE', #396, #2099, #2708 ) ;
#8 = DIRECTION ( 'NONE',  ( -0.000000000000000000, -1.000000000000000000, -0.000000000000000000 ) ) ;
#9 = CARTESIAN_POINT ( 'NONE',  ( 17.56925219810040417, 13.99999999999999822, 9.203719807714863421 ) ) ;
#10 = VERTEX_POINT ( 'NONE', #1331 ) ;
#11 = EDGE_LOOP ( 'NONE', ( #2134, #2421, #1926, #1656 ) ) ;
#12 = VECTOR ( 'NONE', #1705, 1000.000000000000000 ) ;
#13 = AXIS2_PLACEMENT_3D ( 'NONE', #374, #581, #1844 ) ;
#14 = DIRECTION ( 'NONE',  ( 0.000000000000000000, 1.000000000000000000, 0.000000000000000000 ) ) ;
#15 = DIRECTION ( 'NONE',  ( -1.000000000000000000, 0.000000000000000000, 1.543383232444437129E-16 ) ) ;
#16 = CARTESIAN_POINT ( 'NONE',  ( -5.599999999999939249, 2.000000000000001776, 18.00000000000000000 ) ) ;
#17 = EDGE_LOOP ( 'NONE', ( #180, #2463, #1342, #2331 ) ) ;
#18 = EDGE_CURVE ( 'NONE', #1518, #2166, #2176, .T. ) ;
#19 = ORIENTED_EDGE ( 'NONE', *, *, #173, .F. ) ;
#20 = LOCAL_TIME ( 18, 7, 43.00000000000000000, #709 ) ;
#21 = CARTESIAN_POINT ( 'NONE',  ( 0.000000000000000000, 13.99999999999999822, 17.50000000000000000 ) ) ;
#22 = DIRECTION ( 'NONE',  ( 7.663935591546394619E-16, -0.000000000000000000, 1.000000000000000000 ) ) ;
#23 = CARTESIAN_POINT ( 'NONE',  ( 0.000000000000000000, 20.00000000000000000, 17.50000000000000000 ) ) ;
#24 = ORIENTED_EDGE ( 'NONE', *, *, #2392, .T. ) ;
#25 = EDGE_CURVE ( 'NONE', #1108, #1314, #1598, .T. ) ;
#26 = EDGE_CURVE ( 'NONE', #1514, #2232, #2422, .T. ) ;
#27 = CARTESIAN_POINT ( 'NONE',  ( -3.599999999999936584, 19.00000000000000000, -13.63268132100208874 ) ) ;
#28 = EDGE_LOOP ( 'NONE', ( #703, #916, #1721 ) ) ;
#29 = CIRCLE ( 'NONE', #307, 2.000000000000000000 ) ;
#30 = PLANE ( 'NONE',  #784 ) ;
#31 = FACE_OUTER_BOUND ( 'NONE', #2536, .T. ) ;
#32 = CARTESIAN_POINT ( 'NONE',  ( 3.599999999999936584, 19.00000000000000000, -0.000000000000000000 ) ) ;
#33 = ORIENTED_EDGE ( 'NONE', *, *, #439, .T. ) ;
#34 = AXIS2_PLACEMENT_3D ( 'NONE', #298, #1357, #1713 ) ;
#35 = ORIENTED_EDGE ( 'NONE', *, *, #774, .T. ) ;
#36 = ADVANCED_FACE ( 'NONE', ( #59, #2440, #2237, #1361 ), #1391, .T. ) ;
#37 = CARTESIAN_POINT ( 'NONE',  ( 5.599999999999937472, 2.000000000000001776, -18.00000000000000000 ) ) ;
#38 = CYLINDRICAL_SURFACE ( 'NONE', #436, 5.600000000000067146 ) ;
#39 = ORIENTED_EDGE ( 'NONE', *, *, #2506, .T. ) ;
#40 = ORIENTED_EDGE ( 'NONE', *, *, #2307, .T. ) ;
#41 = DIRECTION ( 'NONE',  ( 0.000000000000000000, 0.000000000000000000, 1.000000000000000000 ) ) ;
#42 = EDGE_CURVE ( 'NONE', #551, #326, #75, .T. ) ;
#43 = CARTESIAN_POINT ( 'NONE',  ( -10.59999999999993925, 2.000000000000001776, -15.00000000000000000 ) ) ;
#44 = VERTEX_POINT ( 'NONE', #88 ) ;
#45 = DIRECTION ( 'NONE',  ( 0.000000000000000000, 0.000000000000000000, 1.000000000000000000 ) ) ;
#46 = CARTESIAN_POINT ( 'NONE',  ( -5.848931526355788613, 20.00000000000000000, -15.00000000000000000 ) ) ;
#47 = CARTESIAN_POINT ( 'NONE',  ( 5.599999999999936584, 9.000000000000000000, 12.94024729284567243 ) ) ;
#48 = ORIENTED_EDGE ( 'NONE', *, *, #1689, .T. ) ;
#49 = ADVANCED_FACE ( 'NONE', ( #1188, #2028 ), #933, .T. ) ;
#50 = DIRECTION ( 'NONE',  ( 0.000000000000000000, 0.000000000000000000, 1.000000000000000000 ) ) ;
#51 = DIRECTION ( 'NONE',  ( 0.000000000000000000, 0.000000000000000000, -1.000000000000000000 ) ) ;
#52 = VECTOR ( 'NONE', #2396, 1000.000000000000000 ) ;
#53 = DIRECTION ( 'NONE',  ( -0.000000000000000000, 0.000000000000000000, 1.000000000000000000 ) ) ;
#54 = ORIENTED_EDGE ( 'NONE', *, *, #2727, .F. ) ;
#55 = AXIS2_PLACEMENT_3D ( 'NONE', #1827, #2672, #792 ) ;
#56 = ADVANCED_FACE ( 'NONE', ( #1785 ), #1772, .F. ) ;
#57 = DATE_AND_TIME ( #758, #612 ) ;
#58 = VECTOR ( 'NONE', #1084, 1000.000000000000000 ) ;
#59 = FACE_OUTER_BOUND ( 'NONE', #90, .T. ) ;
#60 = DIRECTION ( 'NONE',  ( 0.000000000000000000, 0.000000000000000000, 1.000000000000000000 ) ) ;
#61 = EDGE_LOOP ( 'NONE', ( #2374, #1543 ) ) ;
#62 = VECTOR ( 'NONE', #1642, 1000.000000000000000 ) ;
#63 = DIRECTION ( 'NONE',  ( -0.000000000000000000, -0.000000000000000000, -1.000000000000000000 ) ) ;
#64 = CARTESIAN_POINT ( 'NONE',  ( -3.599999999999603517, 13.99999999999999822, -17.49999830211801211 ) ) ;
#65 = DIRECTION ( 'NONE',  ( 0.000000000000000000, 1.000000000000000000, -0.000000000000000000 ) ) ;
#66 = AXIS2_PLACEMENT_3D ( 'NONE', #1586, #761, #2379 ) ;
#67 = VERTEX_POINT ( 'NONE', #2404 ) ;
#68 = CARTESIAN_POINT ( 'NONE',  ( 10.59999999999993925, 7.000000000000001776, -15.00000000000000000 ) ) ;
#69 = LINE ( 'NONE', #235, #1003 ) ;
#70 = DIRECTION ( 'NONE',  ( 0.000000000000000000, 0.000000000000000000, 1.000000000000000000 ) ) ;
#71 = ORIENTED_EDGE ( 'NONE', *, *, #1255, .T. ) ;
#72 = ADVANCED_FACE ( 'NONE', ( #2207 ), #300, .F. ) ;
#73 = ORIENTED_EDGE ( 'NONE', *, *, #1392, .F. ) ;
#74 = EDGE_CURVE ( 'NONE', #1353, #985, #1668, .T. ) ;
#75 = LINE ( 'NONE', #711, #1919 ) ;
#76 = CARTESIAN_POINT ( 'NONE',  ( 0.000000000000000000, 17.00000000000000000, -17.50000000000000000 ) ) ;
#77 = ORIENTED_EDGE ( 'NONE', *, *, #697, .F. ) ;
#78 = LINE ( 'NONE', #764, #1122 ) ;
#79 = LINE ( 'NONE', #506, #2497 ) ;
#80 = VECTOR ( 'NONE', #2293, 1000.000000000000000 ) ;
#81 = ORIENTED_EDGE ( 'NONE', *, *, #246, .F. ) ;
#82 = PLANE ( 'NONE',  #1460 ) ;
#83 = EDGE_CURVE ( 'NONE', #1273, #833, #2020, .T. ) ;
#84 = CARTESIAN_POINT ( 'NONE',  ( -6.054175800849225710E-14, 9.000000000000000000, -11.27577121577271946 ) ) ;
#85 = AXIS2_PLACEMENT_3D ( 'NONE', #1111, #2387, #280 ) ;
#86 = ORIENTED_EDGE ( 'NONE', *, *, #74, .F. ) ;
#87 = VERTEX_POINT ( 'NONE', #2093 ) ;
#88 = CARTESIAN_POINT ( 'NONE',  ( -11.09999999999995701, 2.000000000000001776, -18.00000000000000000 ) ) ;
#89 = DIRECTION ( 'NONE',  ( 0.000000000000000000, 1.000000000000000000, -0.000000000000000000 ) ) ;
#90 = EDGE_LOOP ( 'NONE', ( #1214, #1840, #1297, #48, #978, #991, #433, #2564, #989 ) ) ;
#91 = CARTESIAN_POINT ( 'NONE',  ( -16.09999999999995879, 17.00000000000000000, 0.000000000000000000 ) ) ;
#92 = DIRECTION ( 'NONE',  ( 0.000000000000000000, 0.000000000000000000, 1.000000000000000000 ) ) ;
#93 = DIRECTION ( 'NONE',  ( 1.877458068268167797E-16, 0.000000000000000000, 1.000000000000000000 ) ) ;
#94 = VERTEX_POINT ( 'NONE', #1871 ) ;
#95 = DIRECTION ( 'NONE',  ( 0.000000000000000000, -1.000000000000000000, 0.000000000000000000 ) ) ;
#96 = ORIENTED_EDGE ( 'NONE', *, *, #729, .F. ) ;
#97 = EDGE_CURVE ( 'NONE', #920, #1017, #2084, .T. ) ;
#98 = VERTEX_POINT ( 'NONE', #853 ) ;
#99 = DIRECTION ( 'NONE',  ( -0.000000000000000000, -0.000000000000000000, 1.000000000000000000 ) ) ;
#100 = VECTOR ( 'NONE', #654, 1000.000000000000000 ) ;
#101 = AXIS2_PLACEMENT_3D ( 'NONE', #1645, #2072, #1264 ) ;
#102 = ORIENTED_EDGE ( 'NONE', *, *, #120, .F. ) ;
#103 = LINE ( 'NONE', #728, #1977 ) ;
#104 = EDGE_LOOP ( 'NONE', ( #2219, #1232, #1422, #2186, #2435 ) ) ;
#105 = LINE ( 'NONE', #320, #637 ) ;
#106 = DIRECTION ( 'NONE',  ( 0.000000000000000000, 0.000000000000000000, 1.000000000000000000 ) ) ;
#107 = DIRECTION ( 'NONE',  ( 1.000000000000000000, 0.000000000000000000, 0.000000000000000000 ) ) ;
#108 = AXIS2_PLACEMENT_3D ( 'NONE', #803, #791, #2045 ) ;
#109 = PRODUCT_RELATED_PRODUCT_CATEGORY ( 'detail', '', ( #2439 ) ) ;
#110 = VERTEX_POINT ( 'NONE', #1409 ) ;
#111 = CARTESIAN_POINT ( 'NONE',  ( 3.599999999999936584, 19.00000000000000000, 13.63268132100208874 ) ) ;
#112 = VECTOR ( 'NONE', #2177, 1000.000000000000000 ) ;
#113 = DIRECTION ( 'NONE',  ( 1.000000000000000000, 0.000000000000000000, -5.369189995962806297E-15 ) ) ;
#114 = EDGE_CURVE ( 'NONE', #2204, #1128, #2511, .T. ) ;
#115 = ORIENTED_EDGE ( 'NONE', *, *, #1660, .T. ) ;
#116 = DIRECTION ( 'NONE',  ( 1.000000000000000000, -0.000000000000000000, 0.000000000000000000 ) ) ;
#117 = APPROVAL_STATUS ( 'not_yet_approved' ) ;
#118 = ORIENTED_EDGE ( 'NONE', *, *, #2372, .F. ) ;
#119 = ORIENTED_EDGE ( 'NONE', *, *, #1244, .F. ) ;
#120 = EDGE_CURVE ( 'NONE', #1774, #2513, #775, .T. ) ;
#121 = ORIENTED_EDGE ( 'NONE', *, *, #1248, .F. ) ;
#122 = DIRECTION ( 'NONE',  ( 0.000000000000000000, -1.000000000000000000, 0.000000000000000000 ) ) ;
#123 = FACE_OUTER_BOUND ( 'NONE', #427, .T. ) ;
#124 = CARTESIAN_POINT ( 'NONE',  ( -16.09999999999995879, 7.000000000000002665, 0.000000000000000000 ) ) ;
#125 = ORIENTED_EDGE ( 'NONE', *, *, #1406, .T. ) ;
#126 = CARTESIAN_POINT ( 'NONE',  ( 10.68183231946076006, 19.00000000000000000, 9.203719807714863421 ) ) ;
#127 = VERTEX_POINT ( 'NONE', #2535 ) ;
#128 = AXIS2_PLACEMENT_3D ( 'NONE', #1860, #1843, #2705 ) ;
#129 = ORIENTED_EDGE ( 'NONE', *, *, #2664, .T. ) ;
#130 = FACE_OUTER_BOUND ( 'NONE', #2003, .T. ) ;
#131 = VECTOR ( 'NONE', #1419, 1000.000000000000000 ) ;
#132 = VERTEX_POINT ( 'NONE', #631 ) ;
#133 = AXIS2_PLACEMENT_3D ( 'NONE', #364, #1415, #524 ) ;
#134 = VECTOR ( 'NONE', #879, 1000.000000000000000 ) ;
#135 = CARTESIAN_POINT ( 'NONE',  ( -11.09999999999995701, 7.000000000000002665, -18.00000000000000000 ) ) ;
#136 = ORIENTED_EDGE ( 'NONE', *, *, #2709, .T. ) ;
#137 = ADVANCED_FACE ( 'NONE', ( #2316 ), #2452, .F. ) ;
#138 = FACE_OUTER_BOUND ( 'NONE', #1742, .T. ) ;
#139 = DIRECTION ( 'NONE',  ( 0.000000000000000000, 0.000000000000000000, -1.000000000000000000 ) ) ;
#140 = DIRECTION ( 'NONE',  ( 0.000000000000000000, 0.000000000000000000, 1.000000000000000000 ) ) ;
#141 = ORIENTED_EDGE ( 'NONE', *, *, #2514, .F. ) ;
#142 = CARTESIAN_POINT ( 'NONE',  ( 0.000000000000000000, 9.000000000000000000, 15.00000000000000000 ) ) ;
#143 = DIRECTION ( 'NONE',  ( 1.000000000000000000, 0.000000000000000000, 0.000000000000000000 ) ) ;
#144 = ORIENTED_EDGE ( 'NONE', *, *, #1957, .T. ) ;
#145 = LINE ( 'NONE', #2680, #1768 ) ;
#146 = ORIENTED_EDGE ( 'NONE', *, *, #1961, .F. ) ;
#147 = FACE_OUTER_BOUND ( 'NONE', #2104, .T. ) ;
#148 = EDGE_CURVE ( 'NONE', #1821, #539, #1612, .T. ) ;
#149 = VECTOR ( 'NONE', #1250, 1000.000000000000000 ) ;
#150 = ORIENTED_EDGE ( 'NONE', *, *, #1261, .F. ) ;
#151 = CARTESIAN_POINT ( 'NONE',  ( 14.56925219810040240, 7.000000000000002665, -2.248593955180242290E-15 ) ) ;
#152 = CARTESIAN_POINT ( 'NONE',  ( -5.599999999999939249, 2.000000000000001776, -18.00000000000000000 ) ) ;
#153 = VERTEX_POINT ( 'NONE', #414 ) ;
#154 = CARTESIAN_POINT ( 'NONE',  ( 5.599999999999938360, 17.00000000000000000, -17.50000000000000000 ) ) ;
#155 = VERTEX_POINT ( 'NONE', #841 ) ;
#156 = ORIENTED_EDGE ( 'NONE', *, *, #2328, .F. ) ;
#157 = EDGE_CURVE ( 'NONE', #776, #10, #645, .T. ) ;
#158 = CIRCLE ( 'NONE', #2146, 3.599999999999936584 ) ;
#159 = DIRECTION ( 'NONE',  ( 0.000000000000000000, 1.000000000000000000, -0.000000000000000000 ) ) ;
#160 = EDGE_CURVE ( 'NONE', #2635, #1298, #2524, .T. ) ;
#161 = ORIENTED_EDGE ( 'NONE', *, *, #1508, .F. ) ;
#162 = EDGE_CURVE ( 'NONE', #617, #1017, #1213, .T. ) ;
#163 = DIRECTION ( 'NONE',  ( -0.000000000000000000, -1.000000000000000000, 0.000000000000000000 ) ) ;
#164 = CARTESIAN_POINT ( 'NONE',  ( 0.000000000000000000, 19.00000000000000000, -17.50000000000000000 ) ) ;
#165 = DIRECTION ( 'NONE',  ( 1.000000000000000000, 0.000000000000000000, 0.000000000000000000 ) ) ;
#166 = CYLINDRICAL_SURFACE ( 'NONE', #2571, 5.000000000000000888 ) ;
#167 = ORIENTED_EDGE ( 'NONE', *, *, #945, .T. ) ;
#168 = ADVANCED_FACE ( 'NONE', ( #347 ), #1810, .F. ) ;
#169 = DIRECTION ( 'NONE',  ( 0.000000000000000000, 1.000000000000000000, -0.000000000000000000 ) ) ;
#170 = VERTEX_POINT ( 'NONE', #2040 ) ;
#171 = AXIS2_PLACEMENT_3D ( 'NONE', #220, #1657, #2327 ) ;
#172 = VECTOR ( 'NONE', #2585, 1000.000000000000000 ) ;
#173 = EDGE_CURVE ( 'NONE', #1346, #1028, #1489, .T. ) ;
#174 = DIRECTION ( 'NONE',  ( 0.000000000000000000, 0.000000000000000000, 1.000000000000000000 ) ) ;
#175 = LINE ( 'NONE', #383, #829 ) ;
#176 = EDGE_CURVE ( 'NONE', #44, #996, #2245, .T. ) ;
#177 = CARTESIAN_POINT ( 'NONE',  ( -10.59999999999993925, 7.000000000000001776, 15.00000000000000000 ) ) ;
#178 = CYLINDRICAL_SURFACE ( 'NONE', #2280, 1.500000000000001332 ) ;
#179 = ORIENTED_EDGE ( 'NONE', *, *, #264, .T. ) ;
#180 = ORIENTED_EDGE ( 'NONE', *, *, #785, .T. ) ;
#181 = DIRECTION ( 'NONE',  ( -0.000000000000000000, -1.000000000000000000, -0.000000000000000000 ) ) ;
#182 = EDGE_CURVE ( 'NONE', #1894, #627, #1031, .T. ) ;
#183 = AXIS2_PLACEMENT_3D ( 'NONE', #597, #2080, #1015 ) ;
#184 = FACE_OUTER_BOUND ( 'NONE', #1041, .T. ) ;
#185 = AXIS2_PLACEMENT_3D ( 'NONE', #177, #1276, #1249 ) ;
#186 = CARTESIAN_POINT ( 'NONE',  ( -16.09999999999995879, 7.000000000000002665, -18.00000000000000000 ) ) ;
#187 = CARTESIAN_POINT ( 'NONE',  ( -3.599999999999936584, 13.99999999999999822, -13.63268132100208874 ) ) ;
#188 = VECTOR ( 'NONE', #1798, 1000.000000000000000 ) ;
#189 = CC_DESIGN_PERSON_AND_ORGANIZATION_ASSIGNMENT ( #2729, #845, ( #2439 ) ) ;
#190 = VERTEX_POINT ( 'NONE', #1625 ) ;
#191 = ORIENTED_EDGE ( 'NONE', *, *, #652, .F. ) ;
#192 = VECTOR ( 'NONE', #955, 1000.000000000000000 ) ;
#193 = CARTESIAN_POINT ( 'NONE',  ( -3.599999999999936584, 13.99999999999999822, 17.50000000000000000 ) ) ;
#194 = CARTESIAN_POINT ( 'NONE',  ( -3.600000000001110756, 13.99999999999999822, -3.100446310582881777E-13 ) ) ;
#195 = ORIENTED_EDGE ( 'NONE', *, *, #148, .T. ) ;
#196 = ORIENTED_EDGE ( 'NONE', *, *, #2127, .T. ) ;
#197 =( GEOMETRIC_REPRESENTATION_CONTEXT ( 3 ) GLOBAL_UNCERTAINTY_ASSIGNED_CONTEXT ( ( #2690 ) ) GLOBAL_UNIT_ASSIGNED_CONTEXT ( ( #241, #2359, #1493 ) ) REPRESENTATION_CONTEXT ( 'NONE', 'WORKASPACE' ) );
#198 = EDGE_CURVE ( 'NONE', #2204, #155, #1421, .T. ) ;
#199 = CYLINDRICAL_SURFACE ( 'NONE', #1748, 3.599999999999971223 ) ;
#200 = CARTESIAN_POINT ( 'NONE',  ( -5.599999999999939249, 17.00000000000000000, -18.00000000000000000 ) ) ;
#201 = LINE ( 'NONE', #46, #1020 ) ;
#202 = CARTESIAN_POINT ( 'NONE',  ( -11.09999999999995701, 7.000000000000001776, 0.000000000000000000 ) ) ;
#203 = ORIENTED_EDGE ( 'NONE', *, *, #255, .F. ) ;
#204 = VERTEX_POINT ( 'NONE', #1044 ) ;
#205 = CARTESIAN_POINT ( 'NONE',  ( 19.56925219810040417, 9.000000000000001776, 8.106894137130931099 ) ) ;
#206 = CARTESIAN_POINT ( 'NONE',  ( -5.788153660091840728E-14, 9.000000000000000000, -9.275771215772715905 ) ) ;
#207 = CARTESIAN_POINT ( 'NONE',  ( 17.56925219810040417, 13.99999999999999822, -3.298553429276184719E-15 ) ) ;
#208 = ORIENTED_EDGE ( 'NONE', *, *, #2591, .T. ) ;
#209 = ORIENTED_EDGE ( 'NONE', *, *, #2301, .F. ) ;
#210 = APPROVAL_ROLE ( '' ) ;
#211 = CIRCLE ( 'NONE', #1672, 14.09999999999995879 ) ;
#212 = VECTOR ( 'NONE', #1550, 1000.000000000000000 ) ;
#213 = DIRECTION ( 'NONE',  ( 2.891205793294679312E-16, 0.000000000000000000, -1.000000000000000000 ) ) ;
#214 = EDGE_CURVE ( 'NONE', #744, #551, #2726, .T. ) ;
#215 = FACE_OUTER_BOUND ( 'NONE', #1805, .T. ) ;
#216 = DIRECTION ( 'NONE',  ( -0.000000000000000000, 0.000000000000000000, 1.000000000000000000 ) ) ;
#217 = DIRECTION ( 'NONE',  ( 1.543383232444437376E-16, 0.000000000000000000, 1.000000000000000000 ) ) ;
#218 = ORIENTED_EDGE ( 'NONE', *, *, #676, .T. ) ;
#219 = ORIENTED_EDGE ( 'NONE', *, *, #2420, .F. ) ;
#220 = CARTESIAN_POINT ( 'NONE',  ( -11.09999999999995701, 7.000000000000001776, 15.00000000000000000 ) ) ;
#221 = FACE_OUTER_BOUND ( 'NONE', #1730, .T. ) ;
#222 = DIRECTION ( 'NONE',  ( 0.000000000000000000, 1.000000000000000000, -0.000000000000000000 ) ) ;
#223 = VERTEX_POINT ( 'NONE', #400 ) ;
#224 = ORIENTED_EDGE ( 'NONE', *, *, #819, .F. ) ;
#225 = EDGE_CURVE ( 'NONE', #2686, #633, #1072, .T. ) ;
#226 = DIRECTION ( 'NONE',  ( 0.000000000000000000, 0.000000000000000000, 1.000000000000000000 ) ) ;
#227 = PLANE ( 'NONE',  #1078 ) ;
#228 = DIRECTION ( 'NONE',  ( -0.000000000000000000, -0.000000000000000000, -1.000000000000000000 ) ) ;
#229 = CARTESIAN_POINT ( 'NONE',  ( 19.56925219810040062, 17.00000000000000000, -18.00000000000000000 ) ) ;
#230 = ORIENTED_EDGE ( 'NONE', *, *, #26, .F. ) ;
#231 = AXIS2_PLACEMENT_3D ( 'NONE', #249, #441, #1714 ) ;
#232 = ORIENTED_EDGE ( 'NONE', *, *, #975, .T. ) ;
#233 = DIRECTION ( 'NONE',  ( 0.000000000000000000, 1.000000000000000000, 0.000000000000000000 ) ) ;
#234 = CIRCLE ( 'NONE', #1917, 14.09999999999995879 ) ;
#235 = CARTESIAN_POINT ( 'NONE',  ( 5.599999999999926814, 7.000000000000001776, -4.291803931265924662E-15 ) ) ;
#236 = DIRECTION ( 'NONE',  ( 0.000000000000000000, 0.000000000000000000, 1.000000000000000000 ) ) ;
#237 = ORIENTED_EDGE ( 'NONE', *, *, #1435, .F. ) ;
#238 = EDGE_CURVE ( 'NONE', #2513, #190, #285, .T. ) ;
#239 = ORIENTED_EDGE ( 'NONE', *, *, #242, .T. ) ;
#240 = AXIS2_PLACEMENT_3D ( 'NONE', #1680, #2658, #2667 ) ;
#241 =( LENGTH_UNIT ( ) NAMED_UNIT ( * ) SI_UNIT ( .MILLI., .METRE. ) );
#242 = EDGE_CURVE ( 'NONE', #2103, #1774, #1968, .T. ) ;
#243 = AXIS2_PLACEMENT_3D ( 'NONE', #863, #2310, #1699 ) ;
#244 = DIRECTION ( 'NONE',  ( 0.000000000000000000, 0.000000000000000000, 1.000000000000000000 ) ) ;
#245 = EDGE_LOOP ( 'NONE', ( #1390, #1982, #2300, #1990 ) ) ;
#246 = EDGE_CURVE ( 'NONE', #314, #794, #1500, .T. ) ;
#247 = FACE_OUTER_BOUND ( 'NONE', #2062, .T. ) ;
#248 = CARTESIAN_POINT ( 'NONE',  ( 19.56925219810040417, 9.000000000000000000, -3.020285571402461003E-15 ) ) ;
#249 = CARTESIAN_POINT ( 'NONE',  ( 14.56925219810040595, 7.000000000000001776, -12.99999999999999822 ) ) ;
#250 = ORIENTED_EDGE ( 'NONE', *, *, #1142, .T. ) ;
#251 = CARTESIAN_POINT ( 'NONE',  ( 19.56925219810041128, 17.00000000000000000, 9.989947510960794921E-15 ) ) ;
#252 = LINE ( 'NONE', #1097, #692 ) ;
#253 = FACE_OUTER_BOUND ( 'NONE', #1164, .T. ) ;
#254 = ORIENTED_EDGE ( 'NONE', *, *, #1799, .T. ) ;
#255 = EDGE_CURVE ( 'NONE', #155, #132, #2673, .T. ) ;
#256 = ORIENTED_EDGE ( 'NONE', *, *, #2512, .F. ) ;
#257 = DIRECTION ( 'NONE',  ( -0.000000000000000000, 1.000000000000000000, -0.000000000000000000 ) ) ;
#258 = ORIENTED_EDGE ( 'NONE', *, *, #500, .F. ) ;
#259 = VECTOR ( 'NONE', #840, 1000.000000000000000 ) ;
#260 = CARTESIAN_POINT ( 'NONE',  ( 5.848931526355816146, 17.00000000000000000, 15.00000000000000000 ) ) ;
#261 = LINE ( 'NONE', #639, #2520 ) ;
#262 = CARTESIAN_POINT ( 'NONE',  ( 0.000000000000000000, 20.00000000000000000, 0.000000000000000000 ) ) ;
#263 = VECTOR ( 'NONE', #795, 1000.000000000000000 ) ;
#264 = EDGE_CURVE ( 'NONE', #2198, #1372, #705, .T. ) ;
#265 = VERTEX_POINT ( 'NONE', #2386 ) ;
#266 = DIRECTION ( 'NONE',  ( -0.000000000000000000, 1.000000000000000000, -0.000000000000000000 ) ) ;
#267 = DIRECTION ( 'NONE',  ( 0.000000000000000000, 0.000000000000000000, 1.000000000000000000 ) ) ;
#268 = ORIENTED_EDGE ( 'NONE', *, *, #1300, .F. ) ;
#269 = APPROVAL_DATE_TIME ( #725, #610 ) ;
#270 = LINE ( 'NONE', #2007, #822 ) ;
#271 = DIRECTION ( 'NONE',  ( 0.000000000000000000, 0.000000000000000000, 1.000000000000000000 ) ) ;
#272 = ORIENTED_EDGE ( 'NONE', *, *, #1022, .T. ) ;
#273 = DIRECTION ( 'NONE',  ( -0.000000000000000000, 0.000000000000000000, 1.000000000000000000 ) ) ;
#274 = CARTESIAN_POINT ( 'NONE',  ( 0.000000000000000000, 20.00000000000000000, -19.50000000000000355 ) ) ;
#275 = ORIENTED_EDGE ( 'NONE', *, *, #282, .T. ) ;
#276 = EDGE_CURVE ( 'NONE', #2054, #1387, #641, .T. ) ;
#277 = CARTESIAN_POINT ( 'NONE',  ( -16.09999999999995879, 2.000000000000001776, 15.00000000000000000 ) ) ;
#278 = CARTESIAN_POINT ( 'NONE',  ( -5.599999999999938360, 9.000000000000000000, -15.00000000000000000 ) ) ;
#279 = AXIS2_PLACEMENT_3D ( 'NONE', #1972, #65, #2383 ) ;
#280 = DIRECTION ( 'NONE',  ( 0.000000000000000000, 0.000000000000000000, -1.000000000000000000 ) ) ;
#281 = VERTEX_POINT ( 'NONE', #1533 ) ;
#282 = EDGE_CURVE ( 'NONE', #646, #2635, #69, .T. ) ;
#283 = VECTOR ( 'NONE', #303, 1000.000000000000000 ) ;
#284 = ORIENTED_EDGE ( 'NONE', *, *, #2370, .F. ) ;
#285 = CIRCLE ( 'NONE', #2538, 16.09999999999996945 ) ;
#286 = ORIENTED_EDGE ( 'NONE', *, *, #2100, .F. ) ;
#287 = CARTESIAN_POINT ( 'NONE',  ( 16.06925219810040772, 7.000000000000001776, -18.00000000000000000 ) ) ;
#288 = EDGE_LOOP ( 'NONE', ( #1184, #691, #2299, #1980 ) ) ;
#289 = CIRCLE ( 'NONE', #2067, 14.09999999999996589 ) ;
#290 = ADVANCED_FACE ( 'NONE', ( #2184 ), #1718, .F. ) ;
#291 = LINE ( 'NONE', #1970, #2142 ) ;
#292 = DIRECTION ( 'NONE',  ( -0.000000000000000000, -1.000000000000000000, -0.000000000000000000 ) ) ;
#293 = CARTESIAN_POINT ( 'NONE',  ( 0.000000000000000000, 17.00000000000000000, -18.00000000000000000 ) ) ;
#294 = CIRCLE ( 'NONE', #2504, 1.500000000000001332 ) ;
#295 = EDGE_LOOP ( 'NONE', ( #2419, #967, #773, #1547 ) ) ;
#296 = CARTESIAN_POINT ( 'NONE',  ( 10.59999999999994102, 7.000000000000001776, -18.00000000000000000 ) ) ;
#297 = CARTESIAN_POINT ( 'NONE',  ( 0.000000000000000000, 17.00000000000000000, 11.20371980771486342 ) ) ;
#298 = CARTESIAN_POINT ( 'NONE',  ( -5.599999999999938360, 9.000000000000000000, 0.000000000000000000 ) ) ;
#299 = EDGE_LOOP ( 'NONE', ( #156, #1123, #1792, #2466, #19, #751 ) ) ;
#300 = CYLINDRICAL_SURFACE ( 'NONE', #1444, 2.000000000000001776 ) ;
#301 = LINE ( 'NONE', #921, #1268 ) ;
#302 = ORIENTED_EDGE ( 'NONE', *, *, #1709, .T. ) ;
#303 = DIRECTION ( 'NONE',  ( -0.000000000000000000, -0.000000000000000000, 1.000000000000000000 ) ) ;
#304 = CARTESIAN_POINT ( 'NONE',  ( -11.09999999999995701, 7.000000000000002665, 0.000000000000000000 ) ) ;
#305 = DIRECTION ( 'NONE',  ( -1.543383232444437376E-16, 0.000000000000000000, -1.000000000000000000 ) ) ;
#306 = EDGE_CURVE ( 'NONE', #2357, #44, #928, .T. ) ;
#307 = AXIS2_PLACEMENT_3D ( 'NONE', #2660, #777, #2256 ) ;
#308 = ORIENTED_EDGE ( 'NONE', *, *, #1406, .F. ) ;
#309 = CARTESIAN_POINT ( 'NONE',  ( -16.09999999999995879, 20.00000000000000000, 0.000000000000000000 ) ) ;
#310 = PLANE ( 'NONE',  #783 ) ;
#311 = CIRCLE ( 'NONE', #1853, 5.000000000000000888 ) ;
#312 = ORIENTED_EDGE ( 'NONE', *, *, #1114, .F. ) ;
#313 = DIRECTION ( 'NONE',  ( 1.877458068268167797E-16, 0.000000000000000000, 1.000000000000000000 ) ) ;
#314 = VERTEX_POINT ( 'NONE', #278 ) ;
#315 = ORIENTED_EDGE ( 'NONE', *, *, #1755, .F. ) ;
#316 = EDGE_CURVE ( 'NONE', #1666, #2291, #1516, .T. ) ;
#317 = LINE ( 'NONE', #2614, #112 ) ;
#318 = ORIENTED_EDGE ( 'NONE', *, *, #1435, .T. ) ;
#319 = EDGE_CURVE ( 'NONE', #1137, #801, #1763, .T. ) ;
#320 = CARTESIAN_POINT ( 'NONE',  ( 0.000000000000000000, 20.00000000000000000, -23.10000000000006892 ) ) ;
#321 = DIRECTION ( 'NONE',  ( 0.000000000000000000, 1.000000000000000000, 0.000000000000000000 ) ) ;
#322 = CARTESIAN_POINT ( 'NONE',  ( 0.000000000000000000, 17.00000000000000000, 0.000000000000000000 ) ) ;
#323 = LINE ( 'NONE', #767, #2041 ) ;
#324 = LINE ( 'NONE', #998, #329 ) ;
#325 = ORIENTED_EDGE ( 'NONE', *, *, #97, .T. ) ;
#326 = VERTEX_POINT ( 'NONE', #462 ) ;
#327 = EDGE_CURVE ( 'NONE', #1463, #905, #721, .T. ) ;
#328 = FACE_OUTER_BOUND ( 'NONE', #770, .T. ) ;
#329 = VECTOR ( 'NONE', #780, 1000.000000000000000 ) ;
#330 = COORDINATED_UNIVERSAL_TIME_OFFSET ( 5, 30, .AHEAD. ) ;
#331 = VECTOR ( 'NONE', #2349, 1000.000000000000000 ) ;
#332 = DIRECTION ( 'NONE',  ( 0.000000000000000000, 0.000000000000000000, 1.000000000000000000 ) ) ;
#333 = AXIS2_PLACEMENT_3D ( 'NONE', #1884, #2254, #1200 ) ;
#334 = CARTESIAN_POINT ( 'NONE',  ( 19.56925219810040417, 20.00000000000000000, 11.20371980771486342 ) ) ;
#335 = ORIENTED_EDGE ( 'NONE', *, *, #276, .F. ) ;
#336 = VECTOR ( 'NONE', #1820, 1000.000000000000000 ) ;
#337 = CARTESIAN_POINT ( 'NONE',  ( 17.56925219810040062, 19.00000000000000000, -9.275771215772826039 ) ) ;
#338 = LINE ( 'NONE', #1120, #1265 ) ;
#339 = CARTESIAN_POINT ( 'NONE',  ( 19.56925219810040772, 7.000000000000001776, 15.00000000000000000 ) ) ;
#340 = VECTOR ( 'NONE', #244, 1000.000000000000000 ) ;
#341 = ORIENTED_EDGE ( 'NONE', *, *, #1162, .F. ) ;
#342 = VECTOR ( 'NONE', #1061, 1000.000000000000000 ) ;
#343 = DIRECTION ( 'NONE',  ( 0.000000000000000000, 0.000000000000000000, 1.000000000000000000 ) ) ;
#344 = VERTEX_POINT ( 'NONE', #2154 ) ;
#345 = EDGE_LOOP ( 'NONE', ( #2022, #1499, #2477, #348, #1565, #760, #2397, #2157 ) ) ;
#346 = CARTESIAN_POINT ( 'NONE',  ( 2.449293598294703949E-16, 20.00000000000000000, 19.50000000000000355 ) ) ;
#347 = FACE_OUTER_BOUND ( 'NONE', #1524, .T. ) ;
#348 = ORIENTED_EDGE ( 'NONE', *, *, #1248, .T. ) ;
#349 = CARTESIAN_POINT ( 'NONE',  ( 10.59999999999992681, 7.000000000000001776, 8.123771727039129269E-15 ) ) ;
#350 = CARTESIAN_POINT ( 'NONE',  ( -5.599999999999938360, 13.99999999999999822, 0.000000000000000000 ) ) ;
#351 = DIRECTION ( 'NONE',  ( 0.000000000000000000, 1.000000000000000000, -0.000000000000000000 ) ) ;
#352 = EDGE_CURVE ( 'NONE', #2095, #1182, #252, .T. ) ;
#353 = EDGE_LOOP ( 'NONE', ( #741, #2042, #781, #555 ) ) ;
#354 = DIRECTION ( 'NONE',  ( 0.000000000000000000, 1.000000000000000000, -0.000000000000000000 ) ) ;
#355 = VECTOR ( 'NONE', #2287, 1000.000000000000000 ) ;
#356 = ORIENTED_EDGE ( 'NONE', *, *, #1913, .F. ) ;
#357 = CARTESIAN_POINT ( 'NONE',  ( 14.56925219810040595, 7.000000000000001776, 12.99999999999999822 ) ) ;
#358 = EDGE_CURVE ( 'NONE', #1807, #744, #1563, .T. ) ;
#359 = CIRCLE ( 'NONE', #623, 5.600000000000067146 ) ;
#360 = CARTESIAN_POINT ( 'NONE',  ( 17.56925219810040417, 9.000000000000000000, -3.298553429276184719E-15 ) ) ;
#361 = VERTEX_POINT ( 'NONE', #899 ) ;
#362 = DIRECTION ( 'NONE',  ( -1.000000000000000000, 0.000000000000000000, 7.663935591546394619E-16 ) ) ;
#363 = DIRECTION ( 'NONE',  ( -0.000000000000000000, -1.000000000000000000, -0.000000000000000000 ) ) ;
#364 = CARTESIAN_POINT ( 'NONE',  ( -11.09999999999995701, 7.000000000000001776, 15.00000000000000000 ) ) ;
#365 = DIRECTION ( 'NONE',  ( 1.000000000000000000, 0.000000000000000000, 0.000000000000000000 ) ) ;
#366 = EDGE_CURVE ( 'NONE', #660, #499, #2714, .T. ) ;
#367 = VERTEX_POINT ( 'NONE', #2371 ) ;
#368 = CARTESIAN_POINT ( 'NONE',  ( -5.848931526355788613, 9.000000000000000000, -15.00000000000000000 ) ) ;
#369 = ORIENTED_EDGE ( 'NONE', *, *, #2657, .F. ) ;
#370 = ADVANCED_FACE ( 'NONE', ( #479 ), #1324, .F. ) ;
#371 = AXIS2_PLACEMENT_3D ( 'NONE', #1457, #2688, #365 ) ;
#372 = CIRCLE ( 'NONE', #7, 1.500000000000001332 ) ;
#373 = DIRECTION ( 'NONE',  ( 1.000000000000000000, 0.000000000000000000, 0.000000000000000000 ) ) ;
#374 = CARTESIAN_POINT ( 'NONE',  ( 0.000000000000000000, 17.00000000000000000, -18.00000000000000000 ) ) ;
#375 = ADVANCED_FACE ( 'NONE', ( #221 ), #1579, .F. ) ;
#376 = LINE ( 'NONE', #827, #1258 ) ;
#377 = CARTESIAN_POINT ( 'NONE',  ( -11.09999999999995701, 7.000000000000001776, 12.99999999999999822 ) ) ;
#378 = VERTEX_POINT ( 'NONE', #987 ) ;
#379 = VECTOR ( 'NONE', #2160, 1000.000000000000000 ) ;
#380 = LINE ( 'NONE', #2284, #984 ) ;
#381 = ORIENTED_EDGE ( 'NONE', *, *, #1986, .T. ) ;
#382 = DIRECTION ( 'NONE',  ( -7.663935591546394619E-16, 0.000000000000000000, -1.000000000000000000 ) ) ;
#383 = CARTESIAN_POINT ( 'NONE',  ( -16.09999999999995879, 2.000000000000001776, 18.00000000000000000 ) ) ;
#384 = ADVANCED_BREP_SHAPE_REPRESENTATION ( 'Part20^Assem6 - Copy', ( #1175, #1841 ), #197 ) ;
#385 = DIRECTION ( 'NONE',  ( -0.000000000000000000, -1.000000000000000000, -0.000000000000000000 ) ) ;
#386 = EDGE_CURVE ( 'NONE', #2198, #558, #1416, .T. ) ;
#387 = FACE_OUTER_BOUND ( 'NONE', #2272, .T. ) ;
#388 = EDGE_LOOP ( 'NONE', ( #369, #2205, #1900, #2501, #1587, #2712, #2650, #1498, #1198, #1828, #2407, #2352, #805, #1613, #1100, #874 ) ) ;
#389 = ORIENTED_EDGE ( 'NONE', *, *, #548, .F. ) ;
#390 = LINE ( 'NONE', #429, #806 ) ;
#391 = ORIENTED_EDGE ( 'NONE', *, *, #2323, .F. ) ;
#392 = CIRCLE ( 'NONE', #2220, 2.000000000000001776 ) ;
#393 = VECTOR ( 'NONE', #228, 1000.000000000000000 ) ;
#394 = DIRECTION ( 'NONE',  ( -0.000000000000000000, -0.000000000000000000, -1.000000000000000000 ) ) ;
#395 = EDGE_CURVE ( 'NONE', #905, #2357, #1186, .T. ) ;
#396 = CARTESIAN_POINT ( 'NONE',  ( -11.09999999999995701, 7.000000000000001776, 18.00000000000000000 ) ) ;
#397 = CARTESIAN_POINT ( 'NONE',  ( 10.59999999999993925, 7.000000000000001776, 15.00000000000000000 ) ) ;
#398 = ORIENTED_EDGE ( 'NONE', *, *, #1676, .T. ) ;
#399 = DIRECTION ( 'NONE',  ( 0.000000000000000000, 1.000000000000000000, -0.000000000000000000 ) ) ;
#400 = CARTESIAN_POINT ( 'NONE',  ( -3.599999999999603517, 19.00000000000000000, -17.49999830211801211 ) ) ;
#401 = ORIENTED_EDGE ( 'NONE', *, *, #1021, .T. ) ;
#402 = EDGE_CURVE ( 'NONE', #1872, #1927, #1988, .T. ) ;
#403 = EDGE_CURVE ( 'NONE', #2741, #94, #2246, .T. ) ;
#404 = CARTESIAN_POINT ( 'NONE',  ( 0.000000000000000000, 0.000000000000000000, 0.000000000000000000 ) ) ;
#405 = CIRCLE ( 'NONE', #2706, 5.000000000000000000 ) ;
#406 = DIRECTION ( 'NONE',  ( -0.000000000000000000, 0.000000000000000000, 1.000000000000000000 ) ) ;
#407 = VECTOR ( 'NONE', #1140, 1000.000000000000000 ) ;
#408 = DIRECTION ( 'NONE',  ( -0.000000000000000000, -0.000000000000000000, -1.000000000000000000 ) ) ;
#409 = CARTESIAN_POINT ( 'NONE',  ( 0.000000000000000000, 20.00000000000000000, 11.20371980771486342 ) ) ;
#410 = CARTESIAN_POINT ( 'NONE',  ( 13.06925219810040417, 7.000000000000001776, -15.00000000000000000 ) ) ;
#411 = ORIENTED_EDGE ( 'NONE', *, *, #1311, .F. ) ;
#412 = ORIENTED_EDGE ( 'NONE', *, *, #1889, .T. ) ;
#413 = CARTESIAN_POINT ( 'NONE',  ( 14.56925219810040417, 7.000000000000001776, 15.00000000000000000 ) ) ;
#414 = CARTESIAN_POINT ( 'NONE',  ( 5.599999999999938360, 13.99999999999999822, 17.50000000000000000 ) ) ;
#415 = CARTESIAN_POINT ( 'NONE',  ( 0.000000000000000000, 20.00000000000000000, -17.50000000000000000 ) ) ;
#416 = ORIENTED_EDGE ( 'NONE', *, *, #1359, .T. ) ;
#417 = AXIS2_PLACEMENT_3D ( 'NONE', #164, #1446, #1013 ) ;
#418 = ORIENTED_EDGE ( 'NONE', *, *, #1799, .F. ) ;
#419 = PERSON_AND_ORGANIZATION ( #2013, #877 ) ;
#420 = EDGE_CURVE ( 'NONE', #2402, #2724, #1788, .T. ) ;
#421 = CIRCLE ( 'NONE', #2253, 5.599999999999938360 ) ;
#422 = CARTESIAN_POINT ( 'NONE',  ( -16.09999999999995879, 17.00000000000000000, 15.00000000000000000 ) ) ;
#423 = CARTESIAN_POINT ( 'NONE',  ( -11.09999999999995701, 2.000000000000001776, 0.000000000000000000 ) ) ;
#424 = ADVANCED_FACE ( 'NONE', ( #736, #585 ), #1401, .T. ) ;
#425 = DIRECTION ( 'NONE',  ( -0.000000000000000000, -1.000000000000000000, -0.000000000000000000 ) ) ;
#426 = CYLINDRICAL_SURFACE ( 'NONE', #738, 16.09999999999996945 ) ;
#427 = EDGE_LOOP ( 'NONE', ( #389, #661, #855, #2269 ) ) ;
#428 = EDGE_LOOP ( 'NONE', ( #943, #119, #1951 ) ) ;
#429 = CARTESIAN_POINT ( 'NONE',  ( -3.599999999999936584, 19.00000000000000000, 0.000000000000000000 ) ) ;
#430 = DIRECTION ( 'NONE',  ( 1.000000000000000000, 8.673617379884035472E-16, 0.000000000000000000 ) ) ;
#431 = DIRECTION ( 'NONE',  ( 0.000000000000000000, 1.000000000000000000, -0.000000000000000000 ) ) ;
#432 = EDGE_LOOP ( 'NONE', ( #953, #2573, #219 ) ) ;
#433 = ORIENTED_EDGE ( 'NONE', *, *, #2236, .T. ) ;
#434 = EDGE_CURVE ( 'NONE', #1551, #2522, #2652, .T. ) ;
#435 = AXIS2_PLACEMENT_3D ( 'NONE', #1030, #644, #1245 ) ;
#436 = AXIS2_PLACEMENT_3D ( 'NONE', #2373, #2137, #2605 ) ;
#437 = PLANE ( 'NONE',  #1007 ) ;
#438 = CARTESIAN_POINT ( 'NONE',  ( 5.577633906953804122, 20.00000000000000000, -18.00000000000000000 ) ) ;
#439 = EDGE_CURVE ( 'NONE', #110, #1606, #525, .T. ) ;
#440 = LINE ( 'NONE', #16, #1898 ) ;
#441 = DIRECTION ( 'NONE',  ( -0.000000000000000000, -0.000000000000000000, -1.000000000000000000 ) ) ;
#442 = ORIENTED_EDGE ( 'NONE', *, *, #1476, .F. ) ;
#443 = ORIENTED_EDGE ( 'NONE', *, *, #530, .F. ) ;
#444 = CARTESIAN_POINT ( 'NONE',  ( 0.000000000000000000, 20.00000000000000000, -17.50000000000000000 ) ) ;
#445 = ADVANCED_FACE ( 'NONE', ( #2637 ), #310, .F. ) ;
#446 = CARTESIAN_POINT ( 'NONE',  ( 0.000000000000000000, 9.000000000000000000, 0.000000000000000000 ) ) ;
#447 = DIRECTION ( 'NONE',  ( 0.000000000000000000, 1.000000000000000000, 0.000000000000000000 ) ) ;
#448 = ORIENTED_EDGE ( 'NONE', *, *, #1876, .T. ) ;
#449 = ORIENTED_EDGE ( 'NONE', *, *, #1033, .T. ) ;
#450 = APPROVAL_STATUS ( 'not_yet_approved' ) ;
#451 = CARTESIAN_POINT ( 'NONE',  ( -7.700000000000040146, 20.00000000000000000, -5.424953531142940612E-16 ) ) ;
#452 = VECTOR ( 'NONE', #217, 1000.000000000000000 ) ;
#453 = DIRECTION ( 'NONE',  ( 0.000000000000000000, 0.000000000000000000, 1.000000000000000000 ) ) ;
#454 = CARTESIAN_POINT ( 'NONE',  ( 16.06925219810040772, 7.000000000000001776, -12.99999999999999822 ) ) ;
#455 = LINE ( 'NONE', #2165, #452 ) ;
#456 = EDGE_CURVE ( 'NONE', #2738, #1825, #2430, .T. ) ;
#457 = ORIENTED_EDGE ( 'NONE', *, *, #160, .T. ) ;
#458 = VECTOR ( 'NONE', #2734, 1000.000000000000000 ) ;
#459 = ORIENTED_EDGE ( 'NONE', *, *, #1145, .T. ) ;
#460 = LINE ( 'NONE', #1338, #844 ) ;
#461 = AXIS2_PLACEMENT_3D ( 'NONE', #1664, #1239, #2309 ) ;
#462 = CARTESIAN_POINT ( 'NONE',  ( 5.599999999999938360, 13.99999999999999822, -17.50000000000000000 ) ) ;
#463 = DIRECTION ( 'NONE',  ( 0.000000000000000000, 0.000000000000000000, 1.000000000000000000 ) ) ;
#464 = VERTEX_POINT ( 'NONE', #126 ) ;
#465 = ORIENTED_EDGE ( 'NONE', *, *, #1456, .F. ) ;
#466 = VECTOR ( 'NONE', #531, 1000.000000000000000 ) ;
#467 = EDGE_CURVE ( 'NONE', #1128, #1170, #324, .T. ) ;
#468 = CIRCLE ( 'NONE', #2023, 5.036784605883436683 ) ;
#469 = VECTOR ( 'NONE', #2550, 1000.000000000000000 ) ;
#470 = DIRECTION ( 'NONE',  ( 1.000000000000000000, 0.000000000000000000, 0.000000000000000000 ) ) ;
#471 = EDGE_CURVE ( 'NONE', #2103, #798, #2021, .T. ) ;
#472 = ORIENTED_EDGE ( 'NONE', *, *, #2230, .F. ) ;
#473 = FACE_OUTER_BOUND ( 'NONE', #428, .T. ) ;
#474 = PLANE ( 'NONE',  #2608 ) ;
#475 = FACE_OUTER_BOUND ( 'NONE', #1611, .T. ) ;
#476 = ORIENTED_EDGE ( 'NONE', *, *, #316, .F. ) ;
#477 = ADVANCED_FACE ( 'NONE', ( #974 ), #1831, .F. ) ;
#478 = LINE ( 'NONE', #277, #172 ) ;
#479 = FACE_OUTER_BOUND ( 'NONE', #2588, .T. ) ;
#480 = VERTEX_POINT ( 'NONE', #2247 ) ;
#481 = EDGE_LOOP ( 'NONE', ( #237, #1410, #448, #1029 ) ) ;
#482 = PERSON_AND_ORGANIZATION_ROLE ( 'creator' ) ;
#483 = EDGE_LOOP ( 'NONE', ( #284, #2178, #150, #2393, #2415, #1221, #2036, #2678 ) ) ;
#484 = DIRECTION ( 'NONE',  ( -0.000000000000000000, -0.000000000000000000, -1.000000000000000000 ) ) ;
#485 = AXIS2_PLACEMENT_3D ( 'NONE', #151, #2491, #1227 ) ;
#486 = EDGE_CURVE ( 'NONE', #2522, #2094, #2140, .T. ) ;
#487 = ORIENTED_EDGE ( 'NONE', *, *, #2676, .T. ) ;
#488 = CIRCLE ( 'NONE', #1602, 4.999999999999999112 ) ;
#489 = CARTESIAN_POINT ( 'NONE',  ( 3.599999999999936584, 13.99999999999999822, -0.000000000000000000 ) ) ;
#490 = FACE_OUTER_BOUND ( 'NONE', #288, .T. ) ;
#491 = DIRECTION ( 'NONE',  ( -1.000000000000000000, 0.000000000000000000, 7.663935591546394619E-16 ) ) ;
#492 = ADVANCED_FACE ( 'NONE', ( #2476 ), #1197, .F. ) ;
#493 = AXIS2_PLACEMENT_3D ( 'NONE', #2469, #2053, #1271 ) ;
#494 = ORIENTED_EDGE ( 'NONE', *, *, #316, .T. ) ;
#495 = CARTESIAN_POINT ( 'NONE',  ( -3.599999999999603517, 13.99999999999999822, -17.49999830211801211 ) ) ;
#496 = CARTESIAN_POINT ( 'NONE',  ( -5.599999999999938360, 9.000000000000000000, 0.000000000000000000 ) ) ;
#497 = CARTESIAN_POINT ( 'NONE',  ( -3.599999999999936584, 19.00000000000000000, 13.63268132100208874 ) ) ;
#498 = ORIENTED_EDGE ( 'NONE', *, *, #1476, .T. ) ;
#499 = VERTEX_POINT ( 'NONE', #1855 ) ;
#500 = EDGE_CURVE ( 'NONE', #902, #1108, #1847, .T. ) ;
#501 = CARTESIAN_POINT ( 'NONE',  ( 19.56925219810041128, 17.00000000000000000, -9.989947510960794921E-15 ) ) ;
#502 = CARTESIAN_POINT ( 'NONE',  ( 5.599999999999938360, 7.000000000000001776, -15.00000000000000000 ) ) ;
#503 = ORIENTED_EDGE ( 'NONE', *, *, #434, .F. ) ;
#504 = CARTESIAN_POINT ( 'NONE',  ( 0.000000000000000000, 20.00000000000000000, -23.10000000000006892 ) ) ;
#505 = DIRECTION ( 'NONE',  ( -0.000000000000000000, -1.000000000000000000, -0.000000000000000000 ) ) ;
#506 = CARTESIAN_POINT ( 'NONE',  ( 0.000000000000000000, 19.00000000000000000, 9.203719807714863421 ) ) ;
#507 = ORIENTED_EDGE ( 'NONE', *, *, #1869, .F. ) ;
#508 = DIRECTION ( 'NONE',  ( 0.000000000000000000, 0.000000000000000000, -1.000000000000000000 ) ) ;
#509 = VECTOR ( 'NONE', #1954, 1000.000000000000000 ) ;
#510 = PLANE ( 'NONE',  #34 ) ;
#511 = ORIENTED_EDGE ( 'NONE', *, *, #745, .F. ) ;
#512 = VECTOR ( 'NONE', #909, 1000.000000000000000 ) ;
#513 = APPROVAL_DATE_TIME ( #960, #2162 ) ;
#514 = ORIENTED_EDGE ( 'NONE', *, *, #1383, .T. ) ;
#515 = VECTOR ( 'NONE', #1549, 1000.000000000000000 ) ;
#516 = ADVANCED_FACE ( 'NONE', ( #387 ), #166, .T. ) ;
#517 = DIRECTION ( 'NONE',  ( 0.000000000000000000, 0.000000000000000000, 1.000000000000000000 ) ) ;
#518 = EDGE_LOOP ( 'NONE', ( #308, #115, #121 ) ) ;
#519 = VECTOR ( 'NONE', #951, 1000.000000000000000 ) ;
#520 = LINE ( 'NONE', #2225, #283 ) ;
#521 = FACE_OUTER_BOUND ( 'NONE', #2000, .T. ) ;
#522 = DIRECTION ( 'NONE',  ( 0.000000000000000000, 0.000000000000000000, 1.000000000000000000 ) ) ;
#523 = ORIENTED_EDGE ( 'NONE', *, *, #857, .F. ) ;
#524 = DIRECTION ( 'NONE',  ( 1.000000000000000000, 8.673617379884035472E-16, 0.000000000000000000 ) ) ;
#525 = LINE ( 'NONE', #2665, #2009 ) ;
#526 = ORIENTED_EDGE ( 'NONE', *, *, #1689, .F. ) ;
#527 = APPROVAL_PERSON_ORGANIZATION ( #419, #1091, #210 ) ;
#528 = VERTEX_POINT ( 'NONE', #2274 ) ;
#529 = ORIENTED_EDGE ( 'NONE', *, *, #1235, .T. ) ;
#530 = EDGE_CURVE ( 'NONE', #281, #1693, #1223, .T. ) ;
#531 = DIRECTION ( 'NONE',  ( -5.104920417925074992E-16, 0.000000000000000000, -1.000000000000000000 ) ) ;
#532 = LINE ( 'NONE', #43, #2467 ) ;
#533 = ORIENTED_EDGE ( 'NONE', *, *, #1623, .F. ) ;
#534 = DIRECTION ( 'NONE',  ( 0.000000000000000000, -1.000000000000000000, 0.000000000000000000 ) ) ;
#535 = LINE ( 'NONE', #553, #1447 ) ;
#536 = CARTESIAN_POINT ( 'NONE',  ( 5.599999999999938360, 7.000000000000001776, -15.00000000000000000 ) ) ;
#537 = EDGE_CURVE ( 'NONE', #1154, #744, #1893, .T. ) ;
#538 = AXIS2_PLACEMENT_3D ( 'NONE', #2302, #399, #2523 ) ;
#539 = VERTEX_POINT ( 'NONE', #187 ) ;
#540 = EDGE_CURVE ( 'NONE', #583, #2133, #4, .T. ) ;
#541 = LINE ( 'NONE', #309, #2732 ) ;
#542 = CARTESIAN_POINT ( 'NONE',  ( 0.000000000000000000, 13.99999999999999822, 0.000000000000000000 ) ) ;
#543 = CIRCLE ( 'NONE', #133, 5.000000000000000000 ) ;
#544 = VERTEX_POINT ( 'NONE', #2736 ) ;
#545 = DIRECTION ( 'NONE',  ( 0.000000000000000000, 0.000000000000000000, 1.000000000000000000 ) ) ;
#546 = SECURITY_CLASSIFICATION_LEVEL ( 'unclassified' ) ;
#547 = ORIENTED_EDGE ( 'NONE', *, *, #1215, .T. ) ;
#548 = EDGE_CURVE ( 'NONE', #1325, #344, #1963, .T. ) ;
#549 = DIRECTION ( 'NONE',  ( -1.543383232444437376E-16, 0.000000000000000000, -1.000000000000000000 ) ) ;
#550 = DIRECTION ( 'NONE',  ( 0.000000000000000000, 0.000000000000000000, -1.000000000000000000 ) ) ;
#551 = VERTEX_POINT ( 'NONE', #154 ) ;
#552 = DIRECTION ( 'NONE',  ( 0.000000000000000000, -0.000000000000000000, -1.000000000000000000 ) ) ;
#553 = CARTESIAN_POINT ( 'NONE',  ( 1.251204447844999724E-15, 9.000000000000000000, 8.106894137130932876 ) ) ;
#554 = DIRECTION ( 'NONE',  ( 0.000000000000000000, 0.000000000000000000, 1.000000000000000000 ) ) ;
#555 = ORIENTED_EDGE ( 'NONE', *, *, #467, .T. ) ;
#556 = DIRECTION ( 'NONE',  ( -0.000000000000000000, -1.000000000000000000, -0.000000000000000000 ) ) ;
#557 = DIRECTION ( 'NONE',  ( -0.000000000000000000, -0.000000000000000000, -1.000000000000000000 ) ) ;
#558 = VERTEX_POINT ( 'NONE', #850 ) ;
#559 = LINE ( 'NONE', #1011, #1203 ) ;
#560 = AXIS2_PLACEMENT_3D ( 'NONE', #1528, #2367, #749 ) ;
#561 = ORIENTED_EDGE ( 'NONE', *, *, #1584, .T. ) ;
#562 = AXIS2_PLACEMENT_3D ( 'NONE', #1448, #614, #2289 ) ;
#563 = ADVANCED_FACE ( 'NONE', ( #2087, #2060 ), #1437, .F. ) ;
#564 = CARTESIAN_POINT ( 'NONE',  ( -5.848931526355788613, 20.00000000000000000, 15.00000000000000000 ) ) ;
#565 = VECTOR ( 'NONE', #577, 1000.000000000000000 ) ;
#566 = EDGE_LOOP ( 'NONE', ( #2728, #2647 ) ) ;
#567 = DIRECTION ( 'NONE',  ( -0.000000000000000000, 0.000000000000000000, 1.000000000000000000 ) ) ;
#568 = PLANE ( 'NONE',  #1532 ) ;
#569 = CARTESIAN_POINT ( 'NONE',  ( 19.56925219810040417, 19.00000000000000000, -8.818471051988961307 ) ) ;
#570 = ORIENTED_EDGE ( 'NONE', *, *, #1949, .F. ) ;
#571 = VECTOR ( 'NONE', #1786, 1000.000000000000000 ) ;
#572 = CARTESIAN_POINT ( 'NONE',  ( -12.59999999999995879, 7.000000000000001776, 12.99999999999999822 ) ) ;
#573 = EDGE_LOOP ( 'NONE', ( #1165, #2592, #230, #1571 ) ) ;
#574 = CARTESIAN_POINT ( 'NONE',  ( 5.577633906953673559, 17.00000000000000000, -18.00000000000000000 ) ) ;
#575 = CC_DESIGN_APPROVAL ( #2162, ( #2257 ) ) ;
#576 = ORIENTED_EDGE ( 'NONE', *, *, #903, .F. ) ;
#577 = DIRECTION ( 'NONE',  ( 1.000000000000000000, 0.000000000000000000, -6.240078075933507005E-15 ) ) ;
#578 = ORIENTED_EDGE ( 'NONE', *, *, #2399, .T. ) ;
#579 = CARTESIAN_POINT ( 'NONE',  ( 0.000000000000000000, 2.000000000000001776, 0.000000000000000000 ) ) ;
#580 = ADVANCED_FACE ( 'NONE', ( #2486 ), #178, .F. ) ;
#581 = DIRECTION ( 'NONE',  ( 0.000000000000000000, 0.000000000000000000, 1.000000000000000000 ) ) ;
#582 = FACE_OUTER_BOUND ( 'NONE', #1378, .T. ) ;
#583 = VERTEX_POINT ( 'NONE', #410 ) ;
#584 = DIRECTION ( 'NONE',  ( 0.000000000000000000, 1.000000000000000000, 0.000000000000000000 ) ) ;
#585 = FACE_OUTER_BOUND ( 'NONE', #1224, .T. ) ;
#586 = ADVANCED_FACE ( 'NONE', ( #1231 ), #2496, .F. ) ;
#587 = ORIENTED_EDGE ( 'NONE', *, *, #1869, .T. ) ;
#588 = AXIS2_PLACEMENT_3D ( 'NONE', #1850, #1280, #1857 ) ;
#589 = ORIENTED_EDGE ( 'NONE', *, *, #1764, .T. ) ;
#590 = LINE ( 'NONE', #2488, #131 ) ;
#591 = VECTOR ( 'NONE', #1945, 1000.000000000000000 ) ;
#592 = VERTEX_POINT ( 'NONE', #1674 ) ;
#593 = EDGE_CURVE ( 'NONE', #110, #1722, #2710, .T. ) ;
#594 = CARTESIAN_POINT ( 'NONE',  ( 10.59999999999992681, 7.000000000000001776, -8.123771727039122958E-15 ) ) ;
#595 = CARTESIAN_POINT ( 'NONE',  ( -5.599999999999939249, 7.000000000000001776, 18.00000000000000000 ) ) ;
#596 = CARTESIAN_POINT ( 'NONE',  ( 5.599999999999938360, 2.000000000000001776, 15.00000000000000000 ) ) ;
#597 = CARTESIAN_POINT ( 'NONE',  ( 14.56925219810040595, 7.000000000000001776, -15.00000000000000000 ) ) ;
#598 = ORIENTED_EDGE ( 'NONE', *, *, #961, .T. ) ;
#599 = CARTESIAN_POINT ( 'NONE',  ( 5.599999999999938360, 13.99999999999999822, -0.000000000000000000 ) ) ;
#600 = AXIS2_PLACEMENT_3D ( 'NONE', #2418, #1208, #797 ) ;
#601 = EDGE_CURVE ( 'NONE', #367, #2263, #1039, .T. ) ;
#602 = VECTOR ( 'NONE', #1262, 1000.000000000000000 ) ;
#603 = CARTESIAN_POINT ( 'NONE',  ( -5.599999999999939249, 17.00000000000000000, -17.49999830211801211 ) ) ;
#604 = LINE ( 'NONE', #152, #2251 ) ;
#605 = VECTOR ( 'NONE', #2106, 1000.000000000000000 ) ;
#606 = DIRECTION ( 'NONE',  ( 0.000000000000000000, 1.000000000000000000, 0.000000000000000000 ) ) ;
#607 = EDGE_LOOP ( 'NONE', ( #1252, #1129, #734, #315 ) ) ;
#608 = CIRCLE ( 'NONE', #2150, 5.600000000000067146 ) ;
#609 = CARTESIAN_POINT ( 'NONE',  ( 0.000000000000000000, 9.000000000000000000, -15.00000000000000000 ) ) ;
#610 = APPROVAL ( #917, 'UNSPECIFIED' ) ;
#611 = EDGE_CURVE ( 'NONE', #1272, #646, #1572, .T. ) ;
#612 = LOCAL_TIME ( 18, 7, 43.00000000000000000, #931 ) ;
#613 = CARTESIAN_POINT ( 'NONE',  ( 3.599999999999936584, 19.00000000000000000, 17.50000000000000000 ) ) ;
#614 = DIRECTION ( 'NONE',  ( -0.000000000000000000, -0.000000000000000000, -1.000000000000000000 ) ) ;
#615 = ADVANCED_FACE ( 'NONE', ( #2519, #626 ), #1468, .T. ) ;
#616 = ORIENTED_EDGE ( 'NONE', *, *, #1174, .T. ) ;
#617 = VERTEX_POINT ( 'NONE', #2553 ) ;
#618 = DIRECTION ( 'NONE',  ( -0.000000000000000000, -0.000000000000000000, 1.000000000000000000 ) ) ;
#619 = CARTESIAN_POINT ( 'NONE',  ( 10.61932523057085298, 13.99999999999999822, -9.275771215772781630 ) ) ;
#620 = ORIENTED_EDGE ( 'NONE', *, *, #2286, .F. ) ;
#621 = ORIENTED_EDGE ( 'NONE', *, *, #975, .F. ) ;
#622 = AXIS2_PLACEMENT_3D ( 'NONE', #594, #382, #362 ) ;
#623 = AXIS2_PLACEMENT_3D ( 'NONE', #444, #2200, #883 ) ;
#624 = DIRECTION ( 'NONE',  ( 1.000000000000000000, 0.000000000000000000, 0.000000000000000000 ) ) ;
#625 = CARTESIAN_POINT ( 'NONE',  ( 5.577633906953673559, 20.00000000000000000, 18.00000000000000000 ) ) ;
#626 = FACE_OUTER_BOUND ( 'NONE', #345, .T. ) ;
#627 = VERTEX_POINT ( 'NONE', #702 ) ;
#628 = ORIENTED_EDGE ( 'NONE', *, *, #2676, .F. ) ;
#629 = EDGE_CURVE ( 'NONE', #946, #2095, #405, .T. ) ;
#630 = DIRECTION ( 'NONE',  ( 0.000000000000000000, 0.000000000000000000, -1.000000000000000000 ) ) ;
#631 = CARTESIAN_POINT ( 'NONE',  ( 3.599999999999936584, 19.00000000000000000, -13.63268132100208874 ) ) ;
#632 = ORIENTED_EDGE ( 'NONE', *, *, #2408, .T. ) ;
#633 = VERTEX_POINT ( 'NONE', #683 ) ;
#634 = ADVANCED_FACE ( 'NONE', ( #2181 ), #426, .T. ) ;
#635 = VECTOR ( 'NONE', #1665, 1000.000000000000000 ) ;
#636 = CARTESIAN_POINT ( 'NONE',  ( 19.56925219810040417, 19.00000000000000000, 8.106894137130931099 ) ) ;
#637 = VECTOR ( 'NONE', #1138, 1000.000000000000000 ) ;
#638 = DIRECTION ( 'NONE',  ( 0.000000000000000000, 0.000000000000000000, 1.000000000000000000 ) ) ;
#639 = CARTESIAN_POINT ( 'NONE',  ( 10.59999999999992681, 2.000000000000001776, -8.123771727039122958E-15 ) ) ;
#640 = LINE ( 'NONE', #47, #821 ) ;
#641 = CIRCLE ( 'NONE', #2194, 3.599999999999936584 ) ;
#642 = ORIENTED_EDGE ( 'NONE', *, *, #276, .T. ) ;
#643 = ORIENTED_EDGE ( 'NONE', *, *, #737, .F. ) ;
#644 = DIRECTION ( 'NONE',  ( -0.000000000000000000, -1.000000000000000000, 0.000000000000000000 ) ) ;
#645 = LINE ( 'NONE', #564, #1479 ) ;
#646 = VERTEX_POINT ( 'NONE', #1729 ) ;
#647 = VECTOR ( 'NONE', #257, 1000.000000000000000 ) ;
#648 = EDGE_LOOP ( 'NONE', ( #449, #224, #1882, #1374, #411, #2018, #1946, #1996 ) ) ;
#649 = EDGE_CURVE ( 'NONE', #2513, #2232, #2117, .T. ) ;
#650 = EDGE_CURVE ( 'NONE', #1212, #1726, #455, .T. ) ;
#651 = DIRECTION ( 'NONE',  ( 1.543383232444437376E-16, 0.000000000000000000, 1.000000000000000000 ) ) ;
#652 = EDGE_CURVE ( 'NONE', #867, #265, #640, .T. ) ;
#653 = CARTESIAN_POINT ( 'NONE',  ( 0.000000000000000000, 20.00000000000000000, -18.00000000000000000 ) ) ;
#654 = DIRECTION ( 'NONE',  ( -1.000000000000000000, -0.000000000000000000, -0.000000000000000000 ) ) ;
#655 = VERTEX_POINT ( 'NONE', #1121 ) ;
#656 = LINE ( 'NONE', #2533, #1329 ) ;
#657 = EDGE_CURVE ( 'NONE', #1069, #127, #2626, .T. ) ;
#658 = CARTESIAN_POINT ( 'NONE',  ( 0.000000000000000000, 13.99999999999999822, 17.50000000000000000 ) ) ;
#659 = FACE_OUTER_BOUND ( 'NONE', #1751, .T. ) ;
#660 = VERTEX_POINT ( 'NONE', #1067 ) ;
#661 = ORIENTED_EDGE ( 'NONE', *, *, #2362, .T. ) ;
#662 = CIRCLE ( 'NONE', #1016, 4.999999999999999112 ) ;
#663 = VECTOR ( 'NONE', #2416, 1000.000000000000000 ) ;
#664 = LINE ( 'NONE', #2334, #1878 ) ;
#665 = CARTESIAN_POINT ( 'NONE',  ( 10.59999999999994102, 2.000000000000001776, 18.00000000000000000 ) ) ;
#666 = DIRECTION ( 'NONE',  ( 0.000000000000000000, 1.000000000000000000, -0.000000000000000000 ) ) ;
#667 = FACE_OUTER_BOUND ( 'NONE', #353, .T. ) ;
#668 = EDGE_LOOP ( 'NONE', ( #1537, #1581, #312, #2250 ) ) ;
#669 = EDGE_LOOP ( 'NONE', ( #1931, #71, #1619, #2375, #1398, #258, #1308, #719 ) ) ;
#670 = ADVANCED_FACE ( 'NONE', ( #911 ), #1908, .F. ) ;
#671 = CARTESIAN_POINT ( 'NONE',  ( -11.09999999999995701, 2.000000000000001776, -15.00000000000000000 ) ) ;
#672 = DIRECTION ( 'NONE',  ( 0.000000000000000000, 1.000000000000000000, -0.000000000000000000 ) ) ;
#673 = CARTESIAN_POINT ( 'NONE',  ( 0.000000000000000000, 19.00000000000000000, -17.50000000000000000 ) ) ;
#674 = ORIENTED_EDGE ( 'NONE', *, *, #800, .F. ) ;
#675 = ORIENTED_EDGE ( 'NONE', *, *, #2437, .F. ) ;
#676 = EDGE_CURVE ( 'NONE', #94, #2741, #2189, .T. ) ;
#677 = CARTESIAN_POINT ( 'NONE',  ( 13.06925219810040417, 7.000000000000001776, -12.99999999999999822 ) ) ;
#678 = CARTESIAN_POINT ( 'NONE',  ( -10.59999999999993925, 2.000000000000001776, 15.00000000000000000 ) ) ;
#679 = EDGE_CURVE ( 'NONE', #1726, #1053, #864, .T. ) ;
#680 = ORIENTED_EDGE ( 'NONE', *, *, #1038, .T. ) ;
#681 = CARTESIAN_POINT ( 'NONE',  ( 14.56925219810040240, 7.000000000000001776, -2.248593955180242290E-15 ) ) ;
#682 = CARTESIAN_POINT ( 'NONE',  ( 0.000000000000000000, 17.00000000000000000, 0.000000000000000000 ) ) ;
#683 = CARTESIAN_POINT ( 'NONE',  ( 19.56925219810040417, 19.00000000000000000, 8.106894137130931099 ) ) ;
#684 = AXIS2_PLACEMENT_3D ( 'NONE', #681, #1727, #15 ) ;
#685 = ORIENTED_EDGE ( 'NONE', *, *, #649, .F. ) ;
#686 = DIRECTION ( 'NONE',  ( 1.000000000000000000, 0.000000000000000000, 0.000000000000000000 ) ) ;
#687 = AXIS2_PLACEMENT_3D ( 'NONE', #2390, #1344, #1135 ) ;
#688 = DIRECTION ( 'NONE',  ( 0.000000000000000000, 1.000000000000000000, -0.000000000000000000 ) ) ;
#689 = DIRECTION ( 'NONE',  ( 0.000000000000000000, 1.000000000000000000, 0.000000000000000000 ) ) ;
#690 = EDGE_LOOP ( 'NONE', ( #1973, #965 ) ) ;
#691 = ORIENTED_EDGE ( 'NONE', *, *, #540, .F. ) ;
#692 = VECTOR ( 'NONE', #1943, 1000.000000000000000 ) ;
#693 = PERSON_AND_ORGANIZATION_ROLE ( 'classification_officer' ) ;
#694 = AXIS2_PLACEMENT_3D ( 'NONE', #1434, #2279, #2069 ) ;
#695 = ADVANCED_FACE ( 'NONE', ( #475 ), #1336, .T. ) ;
#696 = VECTOR ( 'NONE', #213, 1000.000000000000000 ) ;
#697 = EDGE_CURVE ( 'NONE', #867, #617, #1866, .T. ) ;
#698 = CARTESIAN_POINT ( 'NONE',  ( -3.599999999999936584, 13.99999999999999822, 0.000000000000000000 ) ) ;
#699 = ORIENTED_EDGE ( 'NONE', *, *, #1021, .F. ) ;
#700 = CARTESIAN_POINT ( 'NONE',  ( -3.599999999999936584, 19.00000000000000000, 17.50000000000000000 ) ) ;
#701 = CARTESIAN_POINT ( 'NONE',  ( 10.61932523057085298, 9.000000000000000000, -9.275771215772781630 ) ) ;
#702 = CARTESIAN_POINT ( 'NONE',  ( -5.848931526355788613, 17.00000000000000000, -15.00000000000000000 ) ) ;
#703 = ORIENTED_EDGE ( 'NONE', *, *, #2695, .F. ) ;
#704 = CARTESIAN_POINT ( 'NONE',  ( 0.000000000000000000, 20.00000000000000000, 15.50000000000000178 ) ) ;
#705 = LINE ( 'NONE', #1312, #1355 ) ;
#706 = EDGE_CURVE ( 'NONE', #2073, #1314, #2131, .T. ) ;
#707 = CARTESIAN_POINT ( 'NONE',  ( 0.000000000000000000, 13.99999999999999822, 21.09999999999993747 ) ) ;
#708 = ORIENTED_EDGE ( 'NONE', *, *, #2153, .T. ) ;
#709 = COORDINATED_UNIVERSAL_TIME_OFFSET ( 5, 30, .AHEAD. ) ;
#710 = VERTEX_POINT ( 'NONE', #880 ) ;
#711 = CARTESIAN_POINT ( 'NONE',  ( 5.599999999999938360, 20.00000000000000000, -17.50000000000000000 ) ) ;
#712 = LINE ( 'NONE', #334, #2583 ) ;
#713 = CIRCLE ( 'NONE', #2294, 16.09999999999996945 ) ;
#714 = EDGE_LOOP ( 'NONE', ( #2561, #788, #976, #2304 ) ) ;
#715 = VECTOR ( 'NONE', #447, 1000.000000000000000 ) ;
#716 = CARTESIAN_POINT ( 'NONE',  ( 17.56925219810040062, 9.000000000000000000, -9.275771215772826039 ) ) ;
#717 = CARTESIAN_POINT ( 'NONE',  ( 2.449293598294706414E-16, 20.00000000000000000, -15.50000000000000178 ) ) ;
#718 = CARTESIAN_POINT ( 'NONE',  ( 5.599999999999938360, 20.00000000000000000, 17.50000000000000000 ) ) ;
#719 = ORIENTED_EDGE ( 'NONE', *, *, #1068, .T. ) ;
#720 = CARTESIAN_POINT ( 'NONE',  ( 0.000000000000000000, 20.00000000000000000, -19.50000000000000355 ) ) ;
#721 = LINE ( 'NONE', #1749, #12 ) ;
#722 = CARTESIAN_POINT ( 'NONE',  ( -9.599999999999955236, 7.000000000000001776, 12.99999999999999822 ) ) ;
#723 = ADVANCED_FACE ( 'NONE', ( #667 ), #2351, .T. ) ;
#724 = ORIENTED_EDGE ( 'NONE', *, *, #774, .F. ) ;
#725 = DATE_AND_TIME ( #1373, #20 ) ;
#726 = ORIENTED_EDGE ( 'NONE', *, *, #1711, .F. ) ;
#727 = ORIENTED_EDGE ( 'NONE', *, *, #2479, .F. ) ;
#728 = CARTESIAN_POINT ( 'NONE',  ( -5.788153660091840728E-14, 19.00000000000000000, -9.275771215772715905 ) ) ;
#729 = EDGE_CURVE ( 'NONE', #1825, #2401, #1939, .T. ) ;
#730 = ORIENTED_EDGE ( 'NONE', *, *, #2111, .F. ) ;
#731 = CARTESIAN_POINT ( 'NONE',  ( 0.000000000000000000, 2.000000000000001776, 0.000000000000000000 ) ) ;
#732 = DIRECTION ( 'NONE',  ( 1.000000000000000000, 0.000000000000000000, 0.000000000000000000 ) ) ;
#733 = LINE ( 'NONE', #2259, #52 ) ;
#734 = ORIENTED_EDGE ( 'NONE', *, *, #1510, .T. ) ;
#735 = DIRECTION ( 'NONE',  ( -0.000000000000000000, -1.000000000000000000, 0.000000000000000000 ) ) ;
#736 = FACE_BOUND ( 'NONE', #566, .T. ) ;
#737 = EDGE_CURVE ( 'NONE', #2094, #2522, #1737, .T. ) ;
#738 = AXIS2_PLACEMENT_3D ( 'NONE', #262, #1483, #1322 ) ;
#739 = VERTEX_POINT ( 'NONE', #536 ) ;
#740 = VECTOR ( 'NONE', #2336, 1000.000000000000000 ) ;
#741 = ORIENTED_EDGE ( 'NONE', *, *, #2719, .F. ) ;
#742 = DIRECTION ( 'NONE',  ( 0.000000000000000000, 0.000000000000000000, -1.000000000000000000 ) ) ;
#743 = FACE_OUTER_BOUND ( 'NONE', #1010, .T. ) ;
#744 = VERTEX_POINT ( 'NONE', #2227 ) ;
#745 = EDGE_CURVE ( 'NONE', #996, #528, #1561, .T. ) ;
#746 = VECTOR ( 'NONE', #505, 1000.000000000000000 ) ;
#747 = CARTESIAN_POINT ( 'NONE',  ( 10.59999999999994102, 7.000000000000001776, 18.00000000000000000 ) ) ;
#748 = PLANE ( 'NONE',  #918 ) ;
#749 = DIRECTION ( 'NONE',  ( 1.000000000000000000, 0.000000000000000000, 0.000000000000000000 ) ) ;
#750 = EDGE_CURVE ( 'NONE', #2742, #776, #1475, .T. ) ;
#751 = ORIENTED_EDGE ( 'NONE', *, *, #1901, .F. ) ;
#752 = CARTESIAN_POINT ( 'NONE',  ( 19.56925219810040062, 20.00000000000000000, -11.27577121577282604 ) ) ;
#753 = DIRECTION ( 'NONE',  ( 0.000000000000000000, 0.000000000000000000, 1.000000000000000000 ) ) ;
#754 = ORIENTED_EDGE ( 'NONE', *, *, #2657, .T. ) ;
#755 = ORIENTED_EDGE ( 'NONE', *, *, #2654, .F. ) ;
#756 = EDGE_CURVE ( 'NONE', #1492, #1722, #983, .T. ) ;
#757 = FACE_OUTER_BOUND ( 'NONE', #932, .T. ) ;
#758 = CALENDAR_DATE ( 2026, 20, 6 ) ;
#759 = ORIENTED_EDGE ( 'NONE', *, *, #1842, .T. ) ;
#760 = ORIENTED_EDGE ( 'NONE', *, *, #2236, .F. ) ;
#761 = DIRECTION ( 'NONE',  ( 0.000000000000000000, 1.000000000000000000, -0.000000000000000000 ) ) ;
#762 = EDGE_LOOP ( 'NONE', ( #2424, #40, #2010, #2283 ) ) ;
#763 = EDGE_CURVE ( 'NONE', #2682, #153, #1193, .T. ) ;
#764 = CARTESIAN_POINT ( 'NONE',  ( -5.599999999999938360, 2.000000000000001776, -15.00000000000000000 ) ) ;
#765 = FACE_OUTER_BOUND ( 'NONE', #1856, .T. ) ;
#766 = ORIENTED_EDGE ( 'NONE', *, *, #439, .F. ) ;
#767 = CARTESIAN_POINT ( 'NONE',  ( 14.56925219810040062, 2.000000000000001776, -15.00000000000000000 ) ) ;
#768 = DIRECTION ( 'NONE',  ( 0.000000000000000000, 1.000000000000000000, 0.000000000000000000 ) ) ;
#769 = CIRCLE ( 'NONE', #493, 5.600000000000067146 ) ;
#770 = EDGE_LOOP ( 'NONE', ( #730, #459, #1469, #1004, #578, #2330, #576, #125 ) ) ;
#771 = ADVANCED_FACE ( 'NONE', ( #2634 ), #1616, .T. ) ;
#772 = DIRECTION ( 'NONE',  ( 0.000000000000000000, 1.000000000000000000, 0.000000000000000000 ) ) ;
#773 = ORIENTED_EDGE ( 'NONE', *, *, #611, .F. ) ;
#774 = EDGE_CURVE ( 'NONE', #1353, #1987, #733, .T. ) ;
#775 = LINE ( 'NONE', #1254, #865 ) ;
#776 = VERTEX_POINT ( 'NONE', #1177 ) ;
#777 = DIRECTION ( 'NONE',  ( -0.000000000000000000, -1.000000000000000000, 0.000000000000000000 ) ) ;
#778 = DIRECTION ( 'NONE',  ( 1.000000000000000000, 0.000000000000000000, 0.000000000000000000 ) ) ;
#779 = EDGE_LOOP ( 'NONE', ( #708, #926, #2125, #494 ) ) ;
#780 = DIRECTION ( 'NONE',  ( 0.000000000000000000, 1.000000000000000000, 0.000000000000000000 ) ) ;
#781 = ORIENTED_EDGE ( 'NONE', *, *, #114, .T. ) ;
#782 = CARTESIAN_POINT ( 'NONE',  ( 11.49204000556680683, 20.00000000000000000, -11.27577121577278163 ) ) ;
#783 = AXIS2_PLACEMENT_3D ( 'NONE', #542, #1794, #753 ) ;
#784 = AXIS2_PLACEMENT_3D ( 'NONE', #1952, #1119, #45 ) ;
#785 = EDGE_CURVE ( 'NONE', #464, #67, #79, .T. ) ;
#786 = CARTESIAN_POINT ( 'NONE',  ( 5.599999999999937472, 2.000000000000001776, 18.00000000000000000 ) ) ;
#787 = AXIS2_PLACEMENT_3D ( 'NONE', #446, #672, #1126 ) ;
#788 = ORIENTED_EDGE ( 'NONE', *, *, #2175, .T. ) ;
#789 = ADVANCED_FACE ( 'NONE', ( #1205, #1777 ), #2015, .F. ) ;
#790 = DIRECTION ( 'NONE',  ( 0.000000000000000000, 1.000000000000000000, -0.000000000000000000 ) ) ;
#791 = DIRECTION ( 'NONE',  ( 0.000000000000000000, 1.000000000000000000, -0.000000000000000000 ) ) ;
#792 = DIRECTION ( 'NONE',  ( -1.000000000000000000, 0.000000000000000000, 1.543383232444437376E-16 ) ) ;
#793 = VECTOR ( 'NONE', #394, 1000.000000000000000 ) ;
#794 = VERTEX_POINT ( 'NONE', #2197 ) ;
#795 = DIRECTION ( 'NONE',  ( 1.000000000000000000, 0.000000000000000000, 0.000000000000000000 ) ) ;
#796 = AXIS2_PLACEMENT_3D ( 'NONE', #1800, #1136, #1570 ) ;
#797 = DIRECTION ( 'NONE',  ( 1.000000000000000000, 0.000000000000000000, 0.000000000000000000 ) ) ;
#798 = VERTEX_POINT ( 'NONE', #939 ) ;
#799 = CARTESIAN_POINT ( 'NONE',  ( -5.599999999999938360, 7.000000000000001776, -15.00000000000000000 ) ) ;
#800 = EDGE_CURVE ( 'NONE', #592, #1403, #971, .T. ) ;
#801 = VERTEX_POINT ( 'NONE', #1791 ) ;
#802 = CARTESIAN_POINT ( 'NONE',  ( 11.56229486175719501, 9.000000000000000000, 11.20371980771486342 ) ) ;
#803 = CARTESIAN_POINT ( 'NONE',  ( 0.000000000000000000, 17.00000000000000000, 17.50000000000000000 ) ) ;
#804 = CARTESIAN_POINT ( 'NONE',  ( -5.599999999999938360, 9.000000000000000000, 12.94024729284566355 ) ) ;
#805 = ORIENTED_EDGE ( 'NONE', *, *, #756, .F. ) ;
#806 = VECTOR ( 'NONE', #2083, 1000.000000000000000 ) ;
#807 = ORIENTED_EDGE ( 'NONE', *, *, #1008, .T. ) ;
#808 = DIRECTION ( 'NONE',  ( 1.000000000000000000, 0.000000000000000000, 0.000000000000000000 ) ) ;
#809 = CIRCLE ( 'NONE', #1679, 1.500000000000001332 ) ;
#810 = EDGE_CURVE ( 'NONE', #985, #367, #1575, .T. ) ;
#811 = CIRCLE ( 'NONE', #2081, 3.599999999999971223 ) ;
#812 = CARTESIAN_POINT ( 'NONE',  ( -5.599999999999938360, 9.000000000000000000, 15.00000000000000000 ) ) ;
#813 = DIRECTION ( 'NONE',  ( -8.612350862727570134E-14, 0.000000000000000000, 1.000000000000000000 ) ) ;
#814 = CYLINDRICAL_SURFACE ( 'NONE', #2011, 3.599999999999936584 ) ;
#815 = CARTESIAN_POINT ( 'NONE',  ( 0.000000000000000000, 17.00000000000000000, -18.00000000000000000 ) ) ;
#816 = PRODUCT_DEFINITION ( 'UNKNOWN', '', #2257, #1343 ) ;
#817 = ORIENTED_EDGE ( 'NONE', *, *, #1875, .T. ) ;
#818 = LINE ( 'NONE', #831, #259 ) ;
#819 = EDGE_CURVE ( 'NONE', #833, #1955, #2211, .T. ) ;
#820 = ORIENTED_EDGE ( 'NONE', *, *, #242, .F. ) ;
#821 = VECTOR ( 'NONE', #896, 1000.000000000000000 ) ;
#822 = VECTOR ( 'NONE', #1375, 1000.000000000000000 ) ;
#823 = EDGE_CURVE ( 'NONE', #1128, #1606, #1999, .T. ) ;
#824 = LINE ( 'NONE', #1012, #2169 ) ;
#825 = LINE ( 'NONE', #994, #2285 ) ;
#826 = VECTOR ( 'NONE', #1471, 1000.000000000000000 ) ;
#827 = CARTESIAN_POINT ( 'NONE',  ( 17.56925219810040417, 13.99999999999999822, 8.106894137130931099 ) ) ;
#828 = CARTESIAN_POINT ( 'NONE',  ( 14.56925219810040240, 19.00000000000000000, -8.818471051988961307 ) ) ;
#829 = VECTOR ( 'NONE', #2271, 1000.000000000000000 ) ;
#830 = ORIENTED_EDGE ( 'NONE', *, *, #1584, .F. ) ;
#831 = CARTESIAN_POINT ( 'NONE',  ( 5.599999999999938360, 2.000000000000001776, 15.00000000000000000 ) ) ;
#832 = DIRECTION ( 'NONE',  ( -8.612350862727570134E-14, 0.000000000000000000, 1.000000000000000000 ) ) ;
#833 = VERTEX_POINT ( 'NONE', #1804 ) ;
#834 = LINE ( 'NONE', #422, #2201 ) ;
#835 = ADVANCED_FACE ( 'NONE', ( #765 ), #2046, .F. ) ;
#836 = CARTESIAN_POINT ( 'NONE',  ( 0.000000000000000000, 19.00000000000000000, 0.000000000000000000 ) ) ;
#837 = DIRECTION ( 'NONE',  ( 0.000000000000000000, 0.000000000000000000, 1.000000000000000000 ) ) ;
#838 = ORIENTED_EDGE ( 'NONE', *, *, #657, .T. ) ;
#839 = ORIENTED_EDGE ( 'NONE', *, *, #2493, .F. ) ;
#840 = DIRECTION ( 'NONE',  ( 1.000000000000000000, 0.000000000000000000, 0.000000000000000000 ) ) ;
#841 = CARTESIAN_POINT ( 'NONE',  ( 10.61932523057085298, 19.00000000000000000, -9.275771215772781630 ) ) ;
#842 = CIRCLE ( 'NONE', #2266, 1.500000000000001332 ) ;
#843 = ORIENTED_EDGE ( 'NONE', *, *, #162, .T. ) ;
#844 = VECTOR ( 'NONE', #686, 1000.000000000000000 ) ;
#845 = PERSON_AND_ORGANIZATION_ROLE ( 'design_owner' ) ;
#846 = ADVANCED_FACE ( 'NONE', ( #1817 ), #2599, .T. ) ;
#847 = CARTESIAN_POINT ( 'NONE',  ( 5.599999999999936584, 9.000000000000000000, -12.94024729284564046 ) ) ;
#848 = DIRECTION ( 'NONE',  ( 0.000000000000000000, 0.000000000000000000, -1.000000000000000000 ) ) ;
#849 = CARTESIAN_POINT ( 'NONE',  ( 2.449293598294706414E-16, 19.00000000000000000, -15.50000000000000178 ) ) ;
#850 = CARTESIAN_POINT ( 'NONE',  ( 19.56925219810040417, 17.00000000000000000, 11.20371980771486342 ) ) ;
#851 = VERTEX_POINT ( 'NONE', #2244 ) ;
#852 = CARTESIAN_POINT ( 'NONE',  ( 0.000000000000000000, 20.00000000000000000, 0.000000000000000000 ) ) ;
#853 = CARTESIAN_POINT ( 'NONE',  ( -5.599999999999938360, 13.99999999999999822, -12.94024729284566355 ) ) ;
#854 = DIRECTION ( 'NONE',  ( 0.000000000000000000, 0.000000000000000000, -1.000000000000000000 ) ) ;
#855 = ORIENTED_EDGE ( 'NONE', *, *, #1494, .F. ) ;
#856 = ORIENTED_EDGE ( 'NONE', *, *, #2562, .T. ) ;
#857 = EDGE_CURVE ( 'NONE', #1726, #592, #2575, .T. ) ;
#858 = VECTOR ( 'NONE', #2215, 1000.000000000000000 ) ;
#859 = PLANE ( 'NONE',  #1190 ) ;
#860 = ADVANCED_FACE ( 'NONE', ( #2458 ), #1630, .F. ) ;
#861 = AXIS2_PLACEMENT_3D ( 'NONE', #2381, #2365, #1334 ) ;
#862 = LINE ( 'NONE', #1320, #331 ) ;
#863 = CARTESIAN_POINT ( 'NONE',  ( 14.56925219810040595, 7.000000000000001776, -15.00000000000000000 ) ) ;
#864 = LINE ( 'NONE', #1497, #100 ) ;
#865 = VECTOR ( 'NONE', #1899, 1000.000000000000000 ) ;
#866 = ORIENTED_EDGE ( 'NONE', *, *, #763, .T. ) ;
#867 = VERTEX_POINT ( 'NONE', #2473 ) ;
#868 = CARTESIAN_POINT ( 'NONE',  ( -6.054175800849225710E-14, 17.00000000000000000, -11.27577121577271946 ) ) ;
#869 = DIRECTION ( 'NONE',  ( 1.000000000000000000, 0.000000000000000000, 0.000000000000000000 ) ) ;
#870 = CARTESIAN_POINT ( 'NONE',  ( 0.000000000000000000, 13.99999999999999822, 9.203719807714863421 ) ) ;
#871 = ORIENTED_EDGE ( 'NONE', *, *, #756, .T. ) ;
#872 = ADVANCED_FACE ( 'NONE', ( #582, #1436, #1014, #1025 ), #1481, .F. ) ;
#873 = VECTOR ( 'NONE', #924, 1000.000000000000000 ) ;
#874 = ORIENTED_EDGE ( 'NONE', *, *, #26, .T. ) ;
#875 = LINE ( 'NONE', #677, #342 ) ;
#876 = LINE ( 'NONE', #636, #469 ) ;
#877 = ORGANIZATION ( 'UNSPECIFIED', 'UNSPECIFIED', '' ) ;
#878 = LINE ( 'NONE', #653, #1034 ) ;
#879 = DIRECTION ( 'NONE',  ( -0.000000000000000000, 1.000000000000000000, -0.000000000000000000 ) ) ;
#880 = CARTESIAN_POINT ( 'NONE',  ( -16.09999999999995879, 20.00000000000000000, 18.00000000000000000 ) ) ;
#881 = EDGE_LOOP ( 'NONE', ( #335, #381, #2029, #118 ) ) ;
#882 = ORIENTED_EDGE ( 'NONE', *, *, #1597, .F. ) ;
#883 = DIRECTION ( 'NONE',  ( 0.000000000000000000, 0.000000000000000000, 1.000000000000000000 ) ) ;
#884 = CARTESIAN_POINT ( 'NONE',  ( 0.000000000000000000, 19.00000000000000000, 0.000000000000000000 ) ) ;
#885 = DIRECTION ( 'NONE',  ( -0.000000000000000000, -1.000000000000000000, -0.000000000000000000 ) ) ;
#886 = ORIENTED_EDGE ( 'NONE', *, *, #467, .F. ) ;
#887 = ORIENTED_EDGE ( 'NONE', *, *, #1494, .T. ) ;
#888 = ADVANCED_FACE ( 'NONE', ( #215 ), #2518, .T. ) ;
#889 = CIRCLE ( 'NONE', #1501, 2.000000000000001776 ) ;
#890 = AXIS2_PLACEMENT_3D ( 'NONE', #2572, #689, #2203 ) ;
#891 = DIRECTION ( 'NONE',  ( 0.000000000000000000, 0.000000000000000000, 1.000000000000000000 ) ) ;
#892 = ORIENTED_EDGE ( 'NONE', *, *, #1889, .F. ) ;
#893 = VECTOR ( 'NONE', #2567, 1000.000000000000000 ) ;
#894 = CARTESIAN_POINT ( 'NONE',  ( 0.000000000000000000, 17.00000000000000000, 18.00000000000000000 ) ) ;
#895 = PLANE ( 'NONE',  #1159 ) ;
#896 = DIRECTION ( 'NONE',  ( 0.000000000000000000, 1.000000000000000000, 0.000000000000000000 ) ) ;
#897 = ORIENTED_EDGE ( 'NONE', *, *, #1359, .F. ) ;
#898 = DIRECTION ( 'NONE',  ( -0.000000000000000000, -1.000000000000000000, -0.000000000000000000 ) ) ;
#899 = CARTESIAN_POINT ( 'NONE',  ( -7.700000000000039257, 19.00000000000000000, 5.036784605883435795 ) ) ;
#900 = DIRECTION ( 'NONE',  ( 0.000000000000000000, 1.000000000000000000, 0.000000000000000000 ) ) ;
#901 = ORIENTED_EDGE ( 'NONE', *, *, #823, .F. ) ;
#902 = VERTEX_POINT ( 'NONE', #625 ) ;
#903 = EDGE_CURVE ( 'NONE', #2193, #2171, #1644, .T. ) ;
#904 = DIRECTION ( 'NONE',  ( -7.663935591546400536E-16, 0.000000000000000000, 1.000000000000000000 ) ) ;
#905 = VERTEX_POINT ( 'NONE', #1455 ) ;
#906 = EDGE_CURVE ( 'NONE', #794, #98, #1854, .T. ) ;
#907 = VECTOR ( 'NONE', #1382, 1000.000000000000000 ) ;
#908 = EDGE_CURVE ( 'NONE', #920, #2686, #376, .T. ) ;
#909 = DIRECTION ( 'NONE',  ( 0.000000000000000000, 1.000000000000000000, 0.000000000000000000 ) ) ;
#910 = LINE ( 'NONE', #2, #134 ) ;
#911 = FACE_OUTER_BOUND ( 'NONE', #2090, .T. ) ;
#912 = AXIS2_PLACEMENT_3D ( 'NONE', #1304, #273, #2147 ) ;
#913 = EDGE_LOOP ( 'NONE', ( #416, #2341, #1582, #1082, #195, #2547, #24, #957, #2188 ) ) ;
#914 = VECTOR ( 'NONE', #2123, 1000.000000000000000 ) ;
#915 = DIRECTION ( 'NONE',  ( -0.000000000000000000, -1.000000000000000000, -0.000000000000000000 ) ) ;
#916 = ORIENTED_EDGE ( 'NONE', *, *, #74, .T. ) ;
#917 = APPROVAL_STATUS ( 'not_yet_approved' ) ;
#918 = AXIS2_PLACEMENT_3D ( 'NONE', #2180, #2395, #1176 ) ;
#919 = CIRCLE ( 'NONE', #66, 3.599999999999971223 ) ;
#920 = VERTEX_POINT ( 'NONE', #2070 ) ;
#921 = CARTESIAN_POINT ( 'NONE',  ( 19.56925219810040062, 2.000000000000001776, -15.00000000000000000 ) ) ;
#922 = VERTEX_POINT ( 'NONE', #2507 ) ;
#923 = CARTESIAN_POINT ( 'NONE',  ( -3.599999999999936584, 13.99999999999999822, 0.000000000000000000 ) ) ;
#924 = DIRECTION ( 'NONE',  ( -0.000000000000000000, 1.000000000000000000, -0.000000000000000000 ) ) ;
#925 = DIRECTION ( 'NONE',  ( 7.663935591546394619E-16, 0.000000000000000000, 1.000000000000000000 ) ) ;
#926 = ORIENTED_EDGE ( 'NONE', *, *, #2292, .F. ) ;
#927 = LINE ( 'NONE', #704, #1895 ) ;
#928 = LINE ( 'NONE', #2545, #515 ) ;
#929 = PLANE ( 'NONE',  #1993 ) ;
#930 = EDGE_LOOP ( 'NONE', ( #1117, #1384 ) ) ;
#931 = COORDINATED_UNIVERSAL_TIME_OFFSET ( 5, 30, .AHEAD. ) ;
#932 = EDGE_LOOP ( 'NONE', ( #993, #325, #144, #1960 ) ) ;
#933 = PLANE ( 'NONE',  #1525 ) ;
#934 = FACE_OUTER_BOUND ( 'NONE', #1636, .T. ) ;
#935 = ORIENTED_EDGE ( 'NONE', *, *, #1519, .T. ) ;
#936 = VECTOR ( 'NONE', #2354, 1000.000000000000000 ) ;
#937 = LINE ( 'NONE', #1603, #2191 ) ;
#938 = DIRECTION ( 'NONE',  ( -1.000000000000000000, 0.000000000000000000, 0.000000000000000000 ) ) ;
#939 = CARTESIAN_POINT ( 'NONE',  ( 19.56925219810040062, 9.000000000000000000, -11.27577121577282604 ) ) ;
#940 = VERTEX_POINT ( 'NONE', #2529 ) ;
#941 = CARTESIAN_POINT ( 'NONE',  ( 17.56925219810040417, 19.00000000000000000, -3.298553429276184719E-15 ) ) ;
#942 = DIRECTION ( 'NONE',  ( 1.000000000000000000, 0.000000000000000000, 0.000000000000000000 ) ) ;
#943 = ORIENTED_EDGE ( 'NONE', *, *, #2527, .F. ) ;
#944 = PERSON_AND_ORGANIZATION ( #2013, #877 ) ;
#945 = EDGE_CURVE ( 'NONE', #2742, #1894, #1065, .T. ) ;
#946 = VERTEX_POINT ( 'NONE', #2698 ) ;
#947 = ADVANCED_FACE ( 'NONE', ( #1684 ), #814, .F. ) ;
#948 = EDGE_LOOP ( 'NONE', ( #239, #1902, #1681, #318 ) ) ;
#949 = CARTESIAN_POINT ( 'NONE',  ( 5.599999999999938360, 17.00000000000000000, 17.50000000000000000 ) ) ;
#950 = ORIENTED_EDGE ( 'NONE', *, *, #1068, .F. ) ;
#951 = DIRECTION ( 'NONE',  ( 1.000000000000000000, -0.000000000000000000, 0.000000000000000000 ) ) ;
#952 = DIRECTION ( 'NONE',  ( -0.000000000000000000, 0.000000000000000000, 1.000000000000000000 ) ) ;
#953 = ORIENTED_EDGE ( 'NONE', *, *, #537, .T. ) ;
#954 = CARTESIAN_POINT ( 'NONE',  ( -5.577633906953678000, 17.00000000000000000, 17.99999999999997513 ) ) ;
#955 = DIRECTION ( 'NONE',  ( 1.000000000000000000, 0.000000000000000000, 0.000000000000000000 ) ) ;
#956 = AXIS2_PLACEMENT_3D ( 'NONE', #2449, #343, #1634 ) ;
#957 = ORIENTED_EDGE ( 'NONE', *, *, #2262, .F. ) ;
#958 = ORIENTED_EDGE ( 'NONE', *, *, #1392, .T. ) ;
#959 = VECTOR ( 'NONE', #305, 1000.000000000000000 ) ;
#960 = DATE_AND_TIME ( #1962, #1366 ) ;
#961 = EDGE_CURVE ( 'NONE', #2741, #1438, #1653, .T. ) ;
#962 = EDGE_LOOP ( 'NONE', ( #2209, #632 ) ) ;
#963 = AXIS2_PLACEMENT_3D ( 'NONE', #2593, #2612, #332 ) ;
#964 = CIRCLE ( 'NONE', #1229, 16.09999999999995879 ) ;
#965 = ORIENTED_EDGE ( 'NONE', *, *, #548, .T. ) ;
#966 = DIRECTION ( 'NONE',  ( 1.000000000000000000, 0.000000000000000000, -6.240078075933507005E-15 ) ) ;
#967 = ORIENTED_EDGE ( 'NONE', *, *, #282, .F. ) ;
#968 = CIRCLE ( 'NONE', #1627, 16.09999999999995879 ) ;
#969 = DIRECTION ( 'NONE',  ( 0.000000000000000000, 0.000000000000000000, 1.000000000000000000 ) ) ;
#970 = DIRECTION ( 'NONE',  ( 0.000000000000000000, 0.000000000000000000, 1.000000000000000000 ) ) ;
#971 = LINE ( 'NONE', #339, #959 ) ;
#972 = EDGE_CURVE ( 'NONE', #1754, #44, #2485, .T. ) ;
#973 = DIRECTION ( 'NONE',  ( 1.000000000000000000, 0.000000000000000000, 0.000000000000000000 ) ) ;
#974 = FACE_OUTER_BOUND ( 'NONE', #573, .T. ) ;
#975 = EDGE_CURVE ( 'NONE', #646, #1267, #2297, .T. ) ;
#976 = ORIENTED_EDGE ( 'NONE', *, *, #1605, .T. ) ;
#977 = APPROVAL_ROLE ( '' ) ;
#978 = ORIENTED_EDGE ( 'NONE', *, *, #1095, .F. ) ;
#979 = DIRECTION ( 'NONE',  ( -1.000000000000000000, 0.000000000000000000, -8.612350862727570134E-14 ) ) ;
#980 = ORIENTED_EDGE ( 'NONE', *, *, #729, .T. ) ;
#981 = DIRECTION ( 'NONE',  ( 0.000000000000000000, 0.000000000000000000, 1.000000000000000000 ) ) ;
#982 = CARTESIAN_POINT ( 'NONE',  ( 0.000000000000000000, 20.00000000000000000, 18.00000000000000000 ) ) ;
#983 = LINE ( 'NONE', #569, #907 ) ;
#984 = VECTOR ( 'NONE', #2074, 1000.000000000000000 ) ;
#985 = VERTEX_POINT ( 'NONE', #200 ) ;
#986 = DIRECTION ( 'NONE',  ( -0.000000000000000000, 0.000000000000000000, 1.000000000000000000 ) ) ;
#987 = CARTESIAN_POINT ( 'NONE',  ( -5.577633906953678000, 17.00000000000000000, 17.99999999999997513 ) ) ;
#988 = VECTOR ( 'NONE', #1218, 1000.000000000000000 ) ;
#989 = ORIENTED_EDGE ( 'NONE', *, *, #500, .T. ) ;
#990 = CYLINDRICAL_SURFACE ( 'NONE', #2039, 1.500000000000001332 ) ;
#991 = ORIENTED_EDGE ( 'NONE', *, *, #1913, .T. ) ;
#992 = DIRECTION ( 'NONE',  ( -2.891205793294679312E-16, 0.000000000000000000, -1.000000000000000000 ) ) ;
#993 = ORIENTED_EDGE ( 'NONE', *, *, #908, .F. ) ;
#994 = CARTESIAN_POINT ( 'NONE',  ( -5.599999999999938360, 9.000000000000000000, 12.94024729284566355 ) ) ;
#995 = DIRECTION ( 'NONE',  ( -0.000000000000000000, -1.000000000000000000, -0.000000000000000000 ) ) ;
#996 = VERTEX_POINT ( 'NONE', #186 ) ;
#997 = LINE ( 'NONE', #954, #988 ) ;
#998 = CARTESIAN_POINT ( 'NONE',  ( 17.56925219810040062, 13.99999999999999822, -9.275771215772826039 ) ) ;
#999 = ORIENTED_EDGE ( 'NONE', *, *, #906, .F. ) ;
#1000 = CARTESIAN_POINT ( 'NONE',  ( 0.000000000000000000, 17.00000000000000000, 0.000000000000000000 ) ) ;
#1001 = AXIS2_PLACEMENT_3D ( 'NONE', #2311, #2581, #1278 ) ;
#1002 = VECTOR ( 'NONE', #1789, 1000.000000000000000 ) ;
#1003 = VECTOR ( 'NONE', #22, 1000.000000000000000 ) ;
#1004 = ORIENTED_EDGE ( 'NONE', *, *, #173, .T. ) ;
#1005 = CARTESIAN_POINT ( 'NONE',  ( 0.000000000000000000, 20.00000000000000000, 17.50000000000000000 ) ) ;
#1006 = CARTESIAN_POINT ( 'NONE',  ( -7.700000000000040146, 19.00000000000000000, -5.424953531142940612E-16 ) ) ;
#1007 = AXIS2_PLACEMENT_3D ( 'NONE', #2098, #2528, #891 ) ;
#1008 = EDGE_CURVE ( 'NONE', #2073, #2455, #1225, .T. ) ;
#1009 = DIRECTION ( 'NONE',  ( -0.000000000000000000, -0.000000000000000000, 1.000000000000000000 ) ) ;
#1010 = EDGE_LOOP ( 'NONE', ( #2384, #839, #398, #443 ) ) ;
#1011 = CARTESIAN_POINT ( 'NONE',  ( 3.599999999999936584, 13.99999999999999822, -13.63268132100208874 ) ) ;
#1012 = CARTESIAN_POINT ( 'NONE',  ( -5.599999999999933920, 17.00000000000000000, -1.619075244245001285E-15 ) ) ;
#1013 = DIRECTION ( 'NONE',  ( 0.000000000000000000, 0.000000000000000000, 1.000000000000000000 ) ) ;
#1014 = FACE_BOUND ( 'NONE', #2346, .T. ) ;
#1015 = DIRECTION ( 'NONE',  ( 1.000000000000000000, 0.000000000000000000, 0.000000000000000000 ) ) ;
#1016 = AXIS2_PLACEMENT_3D ( 'NONE', #413, #1054, #1868 ) ;
#1017 = VERTEX_POINT ( 'NONE', #2079 ) ;
#1018 = DIRECTION ( 'NONE',  ( -1.543383232444437376E-16, 0.000000000000000000, -1.000000000000000000 ) ) ;
#1019 = VECTOR ( 'NONE', #556, 1000.000000000000000 ) ;
#1020 = VECTOR ( 'NONE', #425, 1000.000000000000000 ) ;
#1021 = EDGE_CURVE ( 'NONE', #1927, #170, #372, .T. ) ;
#1022 = EDGE_CURVE ( 'NONE', #2703, #2490, #2282, .T. ) ;
#1023 = CARTESIAN_POINT ( 'NONE',  ( 5.599999999999938360, 13.99999999999999822, -0.000000000000000000 ) ) ;
#1024 = DIRECTION ( 'NONE',  ( 0.000000000000000000, 0.000000000000000000, 1.000000000000000000 ) ) ;
#1025 = FACE_BOUND ( 'NONE', #2378, .T. ) ;
#1026 = CARTESIAN_POINT ( 'NONE',  ( 0.000000000000000000, 9.000000000000000000, 0.000000000000000000 ) ) ;
#1027 = ADVANCED_FACE ( 'NONE', ( #1037 ), #2114, .T. ) ;
#1028 = VERTEX_POINT ( 'NONE', #804 ) ;
#1029 = ORIENTED_EDGE ( 'NONE', *, *, #471, .F. ) ;
#1030 = CARTESIAN_POINT ( 'NONE',  ( 0.000000000000000000, 19.00000000000000000, 17.50000000000000000 ) ) ;
#1031 = LINE ( 'NONE', #1281, #914 ) ;
#1032 = VECTOR ( 'NONE', #1924, 1000.000000000000000 ) ;
#1033 = EDGE_CURVE ( 'NONE', #2543, #1955, #234, .T. ) ;
#1034 = VECTOR ( 'NONE', #2179, 1000.000000000000000 ) ;
#1035 = AXIS2_PLACEMENT_3D ( 'NONE', #135, #2468, #430 ) ;
#1036 = AXIS2_PLACEMENT_3D ( 'NONE', #1732, #688, #1356 ) ;
#1037 = FACE_OUTER_BOUND ( 'NONE', #1947, .T. ) ;
#1038 = EDGE_CURVE ( 'NONE', #1372, #851, #862, .T. ) ;
#1039 = LINE ( 'NONE', #2508, #1076 ) ;
#1040 = AXIS2_PLACEMENT_3D ( 'NONE', #2733, #1920, #624 ) ;
#1041 = EDGE_LOOP ( 'NONE', ( #1992, #208, #2235, #2595 ) ) ;
#1042 = AXIS2_PLACEMENT_3D ( 'NONE', #1966, #484, #1541 ) ;
#1043 = CARTESIAN_POINT ( 'NONE',  ( 0.000000000000000000, 20.00000000000000000, 0.000000000000000000 ) ) ;
#1044 = CARTESIAN_POINT ( 'NONE',  ( -16.09999999999995879, 7.000000000000001776, 15.00000000000000000 ) ) ;
#1045 = ORIENTED_EDGE ( 'NONE', *, *, #2527, .T. ) ;
#1046 = ORIENTED_EDGE ( 'NONE', *, *, #2277, .T. ) ;
#1047 = DIRECTION ( 'NONE',  ( 1.000000000000000000, 0.000000000000000000, 0.000000000000000000 ) ) ;
#1048 = LINE ( 'NONE', #1934, #647 ) ;
#1049 = CARTESIAN_POINT ( 'NONE',  ( -10.59999999999993925, 7.000000000000001776, 0.000000000000000000 ) ) ;
#1050 = DIRECTION ( 'NONE',  ( -1.543383232444437376E-16, 0.000000000000000000, -1.000000000000000000 ) ) ;
#1051 = CARTESIAN_POINT ( 'NONE',  ( -11.09999999999995701, 7.000000000000001776, -18.00000000000000000 ) ) ;
#1052 = ORIENTED_EDGE ( 'NONE', *, *, #2591, .F. ) ;
#1053 = VERTEX_POINT ( 'NONE', #665 ) ;
#1054 = DIRECTION ( 'NONE',  ( 0.000000000000000000, -0.000000000000000000, -1.000000000000000000 ) ) ;
#1055 = DIRECTION ( 'NONE',  ( 1.877458068268167797E-16, 0.000000000000000000, 1.000000000000000000 ) ) ;
#1056 = AXIS2_PLACEMENT_3D ( 'NONE', #2691, #2478, #313 ) ;
#1057 = DIRECTION ( 'NONE',  ( 1.877458068268167797E-16, 0.000000000000000000, 1.000000000000000000 ) ) ;
#1058 = ORIENTED_EDGE ( 'NONE', *, *, #1755, .T. ) ;
#1059 = ORIENTED_EDGE ( 'NONE', *, *, #1782, .F. ) ;
#1060 = CIRCLE ( 'NONE', #2481, 5.000000000000000000 ) ;
#1061 = DIRECTION ( 'NONE',  ( -0.000000000000000000, -0.000000000000000000, -1.000000000000000000 ) ) ;
#1062 = EDGE_CURVE ( 'NONE', #1666, #499, #1759, .T. ) ;
#1063 = AXIS2_PLACEMENT_3D ( 'NONE', #1080, #1923, #2116 ) ;
#1064 = DIRECTION ( 'NONE',  ( 0.000000000000000000, 0.000000000000000000, -1.000000000000000000 ) ) ;
#1065 = LINE ( 'NONE', #2324, #1181 ) ;
#1066 = DIRECTION ( 'NONE',  ( 1.000000000000000000, 0.000000000000000000, 0.000000000000000000 ) ) ;
#1067 = CARTESIAN_POINT ( 'NONE',  ( 5.599999999999936584, 13.99999999999999822, -12.94024729284564046 ) ) ;
#1068 = EDGE_CURVE ( 'NONE', #1979, #1298, #2163, .T. ) ;
#1069 = VERTEX_POINT ( 'NONE', #700 ) ;
#1070 = VERTEX_POINT ( 'NONE', #2129 ) ;
#1071 = DIRECTION ( 'NONE',  ( 1.000000000000000000, 0.000000000000000000, -5.369189995962806297E-15 ) ) ;
#1072 = LINE ( 'NONE', #1295, #58 ) ;
#1073 = FACE_OUTER_BOUND ( 'NONE', #881, .T. ) ;
#1074 = ORIENTED_EDGE ( 'NONE', *, *, #2709, .F. ) ;
#1075 = ORIENTED_EDGE ( 'NONE', *, *, #358, .T. ) ;
#1076 = VECTOR ( 'NONE', #2298, 1000.000000000000000 ) ;
#1077 = DIRECTION ( 'NONE',  ( 7.663935591546400536E-16, -0.000000000000000000, -1.000000000000000000 ) ) ;
#1078 = AXIS2_PLACEMENT_3D ( 'NONE', #1509, #1559, #453 ) ;
#1079 = DIRECTION ( 'NONE',  ( 0.000000000000000000, 0.000000000000000000, 1.000000000000000000 ) ) ;
#1080 = CARTESIAN_POINT ( 'NONE',  ( 0.000000000000000000, 13.99999999999999822, 17.50000000000000000 ) ) ;
#1081 = CARTESIAN_POINT ( 'NONE',  ( -7.700000000000040146, 20.00000000000000000, -5.424953531142940612E-16 ) ) ;
#1082 = ORIENTED_EDGE ( 'NONE', *, *, #2619, .T. ) ;
#1083 = ADVANCED_FACE ( 'NONE', ( #2566 ), #1922, .T. ) ;
#1084 = DIRECTION ( 'NONE',  ( 1.000000000000000000, -0.000000000000000000, -1.543383232444437376E-16 ) ) ;
#1085 = CARTESIAN_POINT ( 'NONE',  ( 0.000000000000000000, 13.99999999999999822, -23.10000000000006892 ) ) ;
#1086 = VERTEX_POINT ( 'NONE', #504 ) ;
#1087 = CIRCLE ( 'NONE', #1583, 5.599999999999938360 ) ;
#1088 = ORIENTED_EDGE ( 'NONE', *, *, #2190, .F. ) ;
#1089 = CARTESIAN_POINT ( 'NONE',  ( 5.848931526355816146, 17.00000000000000000, -15.00000000000000000 ) ) ;
#1090 = VERTEX_POINT ( 'NONE', #1906 ) ;
#1091 = APPROVAL ( #450, 'UNSPECIFIED' ) ;
#1092 = LINE ( 'NONE', #1937, #2456 ) ;
#1093 = DIRECTION ( 'NONE',  ( -0.000000000000000000, 1.000000000000000000, -0.000000000000000000 ) ) ;
#1094 = DIRECTION ( 'NONE',  ( 1.000000000000000000, 0.000000000000000000, -6.240078075933507005E-15 ) ) ;
#1095 = EDGE_CURVE ( 'NONE', #1070, #2263, #878, .T. ) ;
#1096 = DIRECTION ( 'NONE',  ( 0.000000000000000000, 0.000000000000000000, -1.000000000000000000 ) ) ;
#1097 = CARTESIAN_POINT ( 'NONE',  ( -11.09999999999995701, 2.000000000000001776, 0.000000000000000000 ) ) ;
#1098 = CYLINDRICAL_SURFACE ( 'NONE', #1206, 3.599999999999936584 ) ;
#1099 = EDGE_LOOP ( 'NONE', ( #2339, #1886, #616, #1746, #2625, #2537, #341, #250 ) ) ;
#1100 = ORIENTED_EDGE ( 'NONE', *, *, #1876, .F. ) ;
#1101 = EDGE_CURVE ( 'NONE', #946, #710, #291, .T. ) ;
#1102 = AXIS2_PLACEMENT_3D ( 'NONE', #1199, #1610, #2065 ) ;
#1103 = CARTESIAN_POINT ( 'NONE',  ( 0.000000000000000000, 17.00000000000000000, 0.000000000000000000 ) ) ;
#1104 = EDGE_LOOP ( 'NONE', ( #830, #1795, #2462, #1593, #1569, #1088, #1942, #2639, #356 ) ) ;
#1105 = FACE_OUTER_BOUND ( 'NONE', #1104, .T. ) ;
#1106 = DIRECTION ( 'NONE',  ( -7.663935591546394619E-16, 0.000000000000000000, -1.000000000000000000 ) ) ;
#1107 = CARTESIAN_POINT ( 'NONE',  ( -11.09999999999995701, 7.000000000000001776, 18.00000000000000000 ) ) ;
#1108 = VERTEX_POINT ( 'NONE', #1526 ) ;
#1109 = DIRECTION ( 'NONE',  ( 0.000000000000000000, 0.000000000000000000, 1.000000000000000000 ) ) ;
#1110 = DIRECTION ( 'NONE',  ( -0.000000000000000000, -0.000000000000000000, 1.000000000000000000 ) ) ;
#1111 = CARTESIAN_POINT ( 'NONE',  ( 0.000000000000000000, 20.00000000000000000, -17.50000000000000000 ) ) ;
#1112 = ORIENTED_EDGE ( 'NONE', *, *, #1915, .F. ) ;
#1113 = APPROVAL_DATE_TIME ( #2173, #1091 ) ;
#1114 = EDGE_CURVE ( 'NONE', #833, #1462, #1712, .T. ) ;
#1115 = EDGE_LOOP ( 'NONE', ( #1319, #1687, #1818, #442 ) ) ;
#1116 = CARTESIAN_POINT ( 'NONE',  ( 17.56925219810040417, 19.00000000000000000, 8.106894137130931099 ) ) ;
#1117 = ORIENTED_EDGE ( 'NONE', *, *, #420, .T. ) ;
#1118 = AXIS2_PLACEMENT_3D ( 'NONE', #2202, #768, #1608 ) ;
#1119 = DIRECTION ( 'NONE',  ( -1.000000000000000000, 0.000000000000000000, 0.000000000000000000 ) ) ;
#1120 = CARTESIAN_POINT ( 'NONE',  ( 0.000000000000000000, 20.00000000000000000, -18.00000000000000000 ) ) ;
#1121 = CARTESIAN_POINT ( 'NONE',  ( 10.59999999999994102, 2.000000000000001776, -18.00000000000000000 ) ) ;
#1122 = VECTOR ( 'NONE', #1191, 1000.000000000000000 ) ;
#1123 = ORIENTED_EDGE ( 'NONE', *, *, #1631, .T. ) ;
#1124 = ADVANCED_FACE ( 'NONE', ( #247 ), #2551, .F. ) ;
#1125 = LINE ( 'NONE', #941, #1379 ) ;
#1126 = DIRECTION ( 'NONE',  ( 0.000000000000000000, 0.000000000000000000, 1.000000000000000000 ) ) ;
#1127 = DIRECTION ( 'NONE',  ( -0.000000000000000000, -1.000000000000000000, 0.000000000000000000 ) ) ;
#1128 = VERTEX_POINT ( 'NONE', #716 ) ;
#1129 = ORIENTED_EDGE ( 'NONE', *, *, #18, .T. ) ;
#1130 = PERSON_AND_ORGANIZATION ( #2013, #877 ) ;
#1131 = ORIENTED_EDGE ( 'NONE', *, *, #1145, .F. ) ;
#1132 = AXIS2_PLACEMENT_3D ( 'NONE', #1507, #406, #470 ) ;
#1133 = ADVANCED_FACE ( 'NONE', ( #473 ), #227, .F. ) ;
#1134 = VECTOR ( 'NONE', #904, 1000.000000000000000 ) ;
#1135 = DIRECTION ( 'NONE',  ( 1.543383232444437376E-16, 0.000000000000000000, 1.000000000000000000 ) ) ;
#1136 = DIRECTION ( 'NONE',  ( -0.000000000000000000, 0.000000000000000000, 1.000000000000000000 ) ) ;
#1137 = VERTEX_POINT ( 'NONE', #260 ) ;
#1138 = DIRECTION ( 'NONE',  ( -0.000000000000000000, -1.000000000000000000, -0.000000000000000000 ) ) ;
#1139 = CARTESIAN_POINT ( 'NONE',  ( -5.577633906953804122, 20.00000000000000000, -17.99999999999998579 ) ) ;
#1140 = DIRECTION ( 'NONE',  ( 0.000000000000000000, 1.000000000000000000, 0.000000000000000000 ) ) ;
#1141 = ORIENTED_EDGE ( 'NONE', *, *, #2301, .T. ) ;
#1142 = EDGE_CURVE ( 'NONE', #528, #1754, #2092, .T. ) ;
#1143 = DIRECTION ( 'NONE',  ( 0.000000000000000000, 1.000000000000000000, -0.000000000000000000 ) ) ;
#1144 = CARTESIAN_POINT ( 'NONE',  ( 16.06925219810040772, 7.000000000000001776, 12.99999999999999822 ) ) ;
#1145 = EDGE_CURVE ( 'NONE', #2429, #2703, #1092, .T. ) ;
#1146 = CARTESIAN_POINT ( 'NONE',  ( 0.000000000000000000, 13.99999999999999822, 21.09999999999993747 ) ) ;
#1147 = ORIENTED_EDGE ( 'NONE', *, *, #1617, .F. ) ;
#1148 = ADVANCED_FACE ( 'NONE', ( #1105 ), #30, .T. ) ;
#1149 = VERTEX_POINT ( 'NONE', #438 ) ;
#1150 = EDGE_CURVE ( 'NONE', #539, #2543, #2597, .T. ) ;
#1151 = CARTESIAN_POINT ( 'NONE',  ( 0.000000000000000000, 20.00000000000000000, -17.50000000000000000 ) ) ;
#1152 = LINE ( 'NONE', #502, #1134 ) ;
#1153 = CIRCLE ( 'NONE', #128, 4.999999999999999112 ) ;
#1154 = VERTEX_POINT ( 'NONE', #1743 ) ;
#1155 = DIRECTION ( 'NONE',  ( 0.000000000000000000, 0.000000000000000000, 1.000000000000000000 ) ) ;
#1156 = DIRECTION ( 'NONE',  ( 0.000000000000000000, 1.000000000000000000, -0.000000000000000000 ) ) ;
#1157 = CARTESIAN_POINT ( 'NONE',  ( -3.599999999999936584, 13.99999999999999822, 13.63268132100208874 ) ) ;
#1158 = APPLICATION_CONTEXT ( 'configuration controlled 3d designs of mechanical parts and assemblies' ) ;
#1159 = AXIS2_PLACEMENT_3D ( 'NONE', #1263, #216, #1066 ) ;
#1160 = ORIENTED_EDGE ( 'NONE', *, *, #1326, .F. ) ;
#1161 = LINE ( 'NONE', #1607, #1286 ) ;
#1162 = EDGE_CURVE ( 'NONE', #528, #1894, #1348, .T. ) ;
#1163 = CARTESIAN_POINT ( 'NONE',  ( -7.700000000000040146, 20.00000000000000000, -5.424953531142940612E-16 ) ) ;
#1164 = EDGE_LOOP ( 'NONE', ( #526, #529, #2222, #724, #1428, #2606 ) ) ;
#1165 = ORIENTED_EDGE ( 'NONE', *, *, #238, .F. ) ;
#1166 = PLANE ( 'NONE',  #1056 ) ;
#1167 = APPROVAL_ROLE ( '' ) ;
#1168 = ORIENTED_EDGE ( 'NONE', *, *, #1289, .T. ) ;
#1169 = ADVANCED_FACE ( 'NONE', ( #2195 ), #1, .T. ) ;
#1170 = VERTEX_POINT ( 'NONE', #337 ) ;
#1171 = CARTESIAN_POINT ( 'NONE',  ( 0.000000000000000000, 19.00000000000000000, -19.50000000000000355 ) ) ;
#1172 = ORIENTED_EDGE ( 'NONE', *, *, #306, .T. ) ;
#1173 = DIRECTION ( 'NONE',  ( 0.000000000000000000, 1.000000000000000000, -0.000000000000000000 ) ) ;
#1174 = EDGE_CURVE ( 'NONE', #1463, #314, #78, .T. ) ;
#1175 = MANIFOLD_SOLID_BREP ( 'Mirror2', #2096 ) ;
#1176 = DIRECTION ( 'NONE',  ( 1.000000000000000000, 0.000000000000000000, 0.000000000000000000 ) ) ;
#1177 = CARTESIAN_POINT ( 'NONE',  ( -5.848931526355788613, 17.00000000000000000, 15.00000000000000000 ) ) ;
#1178 = ORIENTED_EDGE ( 'NONE', *, *, #1724, .T. ) ;
#1179 = CARTESIAN_POINT ( 'NONE',  ( -10.59999999999993925, 7.000000000000001776, -15.00000000000000000 ) ) ;
#1180 = DIRECTION ( 'NONE',  ( 0.000000000000000000, 0.000000000000000000, 1.000000000000000000 ) ) ;
#1181 = VECTOR ( 'NONE', #848, 1000.000000000000000 ) ;
#1182 = VERTEX_POINT ( 'NONE', #1573 ) ;
#1183 = ADVANCED_FACE ( 'NONE', ( #1202 ), #1380, .T. ) ;
#1184 = ORIENTED_EDGE ( 'NONE', *, *, #2097, .F. ) ;
#1185 = DIRECTION ( 'NONE',  ( -0.000000000000000000, -0.000000000000000000, 1.000000000000000000 ) ) ;
#1186 = CIRCLE ( 'NONE', #1530, 5.000000000000000000 ) ;
#1187 = AXIS2_PLACEMENT_3D ( 'NONE', #451, #1302, #2516 ) ;
#1188 = FACE_BOUND ( 'NONE', #2560, .T. ) ;
#1189 = EDGE_LOOP ( 'NONE', ( #2509, #268, #1178, #2038 ) ) ;
#1190 = AXIS2_PLACEMENT_3D ( 'NONE', #2540, #651, #1495 ) ;
#1191 = DIRECTION ( 'NONE',  ( -0.000000000000000000, 1.000000000000000000, -0.000000000000000000 ) ) ;
#1192 = DIRECTION ( 'NONE',  ( 0.000000000000000000, 0.000000000000000000, 1.000000000000000000 ) ) ;
#1193 = LINE ( 'NONE', #718, #2454 ) ;
#1194 = CC_DESIGN_DATE_AND_TIME_ASSIGNMENT ( #1553, #2234, ( #816 ) ) ;
#1195 = ORIENTED_EDGE ( 'NONE', *, *, #1174, .F. ) ;
#1196 = FACE_OUTER_BOUND ( 'NONE', #762, .T. ) ;
#1197 = CYLINDRICAL_SURFACE ( 'NONE', #2403, 14.09999999999996589 ) ;
#1198 = ORIENTED_EDGE ( 'NONE', *, *, #2700, .T. ) ;
#1199 = CARTESIAN_POINT ( 'NONE',  ( 0.000000000000000000, 19.00000000000000000, 17.50000000000000000 ) ) ;
#1200 = DIRECTION ( 'NONE',  ( 0.000000000000000000, 0.000000000000000000, -1.000000000000000000 ) ) ;
#1201 = ORIENTED_EDGE ( 'NONE', *, *, #83, .T. ) ;
#1202 = FACE_OUTER_BOUND ( 'NONE', #1632, .T. ) ;
#1203 = VECTOR ( 'NONE', #1405, 1000.000000000000000 ) ;
#1204 = CARTESIAN_POINT ( 'NONE',  ( -5.599999999999938360, 13.99999999999999822, -0.000000000000000000 ) ) ;
#1205 = FACE_BOUND ( 'NONE', #1865, .T. ) ;
#1206 = AXIS2_PLACEMENT_3D ( 'NONE', #1534, #1283, #70 ) ;
#1207 = EDGE_LOOP ( 'NONE', ( #2118, #1881, #2431, #2156 ) ) ;
#1208 = DIRECTION ( 'NONE',  ( -0.000000000000000000, -0.000000000000000000, 1.000000000000000000 ) ) ;
#1209 = VECTOR ( 'NONE', #1050, 1000.000000000000000 ) ;
#1210 = ORIENTED_EDGE ( 'NONE', *, *, #176, .T. ) ;
#1211 = PRODUCT_DEFINITION_SHAPE ( 'NONE', 'NONE',  #816 ) ;
#1212 = VERTEX_POINT ( 'NONE', #1614 ) ;
#1213 = LINE ( 'NONE', #1270, #605 ) ;
#1214 = ORIENTED_EDGE ( 'NONE', *, *, #25, .T. ) ;
#1215 = EDGE_CURVE ( 'NONE', #1722, #633, #520, .T. ) ;
#1216 = DIRECTION ( 'NONE',  ( 0.000000000000000000, 1.000000000000000000, 0.000000000000000000 ) ) ;
#1217 = FACE_BOUND ( 'NONE', #930, .T. ) ;
#1218 = DIRECTION ( 'NONE',  ( 0.000000000000000000, 1.000000000000000000, 0.000000000000000000 ) ) ;
#1219 = DIRECTION ( 'NONE',  ( -1.000000000000000000, 0.000000000000000000, 0.000000000000000000 ) ) ;
#1220 = ORIENTED_EDGE ( 'NONE', *, *, #2016, .F. ) ;
#1221 = ORIENTED_EDGE ( 'NONE', *, *, #903, .T. ) ;
#1222 = PLANE ( 'NONE',  #2731 ) ;
#1223 = CIRCLE ( 'NONE', #2494, 1.500000000000001332 ) ;
#1224 = EDGE_LOOP ( 'NONE', ( #209, #254, #589, #958, #754, #685, #102, #1074 ) ) ;
#1225 = CIRCLE ( 'NONE', #562, 5.000000000000000888 ) ;
#1226 = VECTOR ( 'NONE', #869, 1000.000000000000000 ) ;
#1227 = DIRECTION ( 'NONE',  ( 1.000000000000000000, 0.000000000000000000, -1.543383232444437129E-16 ) ) ;
#1228 = CARTESIAN_POINT ( 'NONE',  ( 0.000000000000000000, 17.00000000000000000, -17.50000000000000000 ) ) ;
#1229 = AXIS2_PLACEMENT_3D ( 'NONE', #1776, #1425, #1024 ) ;
#1230 = DIRECTION ( 'NONE',  ( 0.000000000000000000, 1.000000000000000000, -0.000000000000000000 ) ) ;
#1231 = FACE_OUTER_BOUND ( 'NONE', #299, .T. ) ;
#1232 = ORIENTED_EDGE ( 'NONE', *, *, #2115, .T. ) ;
#1233 = ADVANCED_FACE ( 'NONE', ( #1983 ), #2670, .T. ) ;
#1234 = CARTESIAN_POINT ( 'NONE',  ( 0.000000000000000000, 13.99999999999999822, 0.000000000000000000 ) ) ;
#1235 = EDGE_CURVE ( 'NONE', #1086, #1989, #105, .T. ) ;
#1236 = EDGE_CURVE ( 'NONE', #2526, #660, #937, .T. ) ;
#1237 = CARTESIAN_POINT ( 'NONE',  ( -9.599999999999955236, 7.000000000000001776, -15.00000000000000000 ) ) ;
#1238 = DIRECTION ( 'NONE',  ( 0.000000000000000000, 0.000000000000000000, -1.000000000000000000 ) ) ;
#1239 = DIRECTION ( 'NONE',  ( 0.000000000000000000, 1.000000000000000000, -0.000000000000000000 ) ) ;
#1240 = DIRECTION ( 'NONE',  ( 1.000000000000000000, 0.000000000000000000, 0.000000000000000000 ) ) ;
#1241 = ORIENTED_EDGE ( 'NONE', *, *, #2565, .F. ) ;
#1242 = VECTOR ( 'NONE', #981, 1000.000000000000000 ) ;
#1243 = ORIENTED_EDGE ( 'NONE', *, *, #1650, .T. ) ;
#1244 = EDGE_CURVE ( 'NONE', #2742, #1978, #2616, .T. ) ;
#1245 = DIRECTION ( 'NONE',  ( 0.000000000000000000, 0.000000000000000000, 1.000000000000000000 ) ) ;
#1246 = AXIS2_PLACEMENT_3D ( 'NONE', #2587, #900, #463 ) ;
#1247 = CARTESIAN_POINT ( 'NONE',  ( 3.599999999999936584, 13.99999999999999822, 17.50000000000000000 ) ) ;
#1248 = EDGE_CURVE ( 'NONE', #480, #378, #1365, .T. ) ;
#1249 = DIRECTION ( 'NONE',  ( 1.000000000000000000, 0.000000000000000000, 0.000000000000000000 ) ) ;
#1250 = DIRECTION ( 'NONE',  ( 1.000000000000000000, -0.000000000000000000, 0.000000000000000000 ) ) ;
#1251 = EDGE_LOOP ( 'NONE', ( #2026, #2548, #2248, #1369 ) ) ;
#1252 = ORIENTED_EDGE ( 'NONE', *, *, #1383, .F. ) ;
#1253 = CARTESIAN_POINT ( 'NONE',  ( 3.599999999999936584, 13.99999999999999822, -17.50000000000000000 ) ) ;
#1254 = CARTESIAN_POINT ( 'NONE',  ( 5.848931526355751309, 20.00000000000000000, -15.00000000000000000 ) ) ;
#1255 = EDGE_CURVE ( 'NONE', #2635, #1053, #1351, .T. ) ;
#1256 = ORIENTED_EDGE ( 'NONE', *, *, #2432, .T. ) ;
#1257 = DIRECTION ( 'NONE',  ( -0.000000000000000000, -0.000000000000000000, 1.000000000000000000 ) ) ;
#1258 = VECTOR ( 'NONE', #1230, 1000.000000000000000 ) ;
#1259 = VECTOR ( 'NONE', #2267, 1000.000000000000000 ) ;
#1260 = DIRECTION ( 'NONE',  ( 1.000000000000000000, 0.000000000000000000, 0.000000000000000000 ) ) ;
#1261 = EDGE_CURVE ( 'NONE', #1316, #902, #1991, .T. ) ;
#1262 = DIRECTION ( 'NONE',  ( -0.000000000000000000, -1.000000000000000000, -0.000000000000000000 ) ) ;
#1263 = CARTESIAN_POINT ( 'NONE',  ( -16.09999999999995879, 2.000000000000001776, 15.00000000000000000 ) ) ;
#1264 = DIRECTION ( 'NONE',  ( 1.000000000000000000, 0.000000000000000000, -0.000000000000000000 ) ) ;
#1265 = VECTOR ( 'NONE', #1790, 1000.000000000000000 ) ;
#1266 = ORIENTED_EDGE ( 'NONE', *, *, #1670, .T. ) ;
#1267 = VERTEX_POINT ( 'NONE', #1628 ) ;
#1268 = VECTOR ( 'NONE', #1757, 1000.000000000000000 ) ;
#1269 = LINE ( 'NONE', #1897, #1506 ) ;
#1270 = CARTESIAN_POINT ( 'NONE',  ( 0.000000000000000000, 9.000000000000000000, 9.203719807714863421 ) ) ;
#1271 = DIRECTION ( 'NONE',  ( 0.000000000000000000, 0.000000000000000000, 1.000000000000000000 ) ) ;
#1272 = VERTEX_POINT ( 'NONE', #1802 ) ;
#1273 = VERTEX_POINT ( 'NONE', #2648 ) ;
#1274 = ADVANCED_FACE ( 'NONE', ( #138 ), #2443, .T. ) ;
#1275 = DIRECTION ( 'NONE',  ( 0.000000000000000000, 0.000000000000000000, 1.000000000000000000 ) ) ;
#1276 = DIRECTION ( 'NONE',  ( 0.000000000000000000, -0.000000000000000000, -1.000000000000000000 ) ) ;
#1277 = CARTESIAN_POINT ( 'NONE',  ( -9.599999999999955236, 7.000000000000001776, 15.00000000000000000 ) ) ;
#1278 = DIRECTION ( 'NONE',  ( 1.000000000000000000, 0.000000000000000000, 0.000000000000000000 ) ) ;
#1279 = ORIENTED_EDGE ( 'NONE', *, *, #2230, .T. ) ;
#1280 = DIRECTION ( 'NONE',  ( 1.000000000000000000, -0.000000000000000000, 7.663935591546400536E-16 ) ) ;
#1281 = CARTESIAN_POINT ( 'NONE',  ( -16.09999999999995879, 17.00000000000000000, -15.00000000000000000 ) ) ;
#1282 = VECTOR ( 'NONE', #2105, 1000.000000000000000 ) ;
#1283 = DIRECTION ( 'NONE',  ( 0.000000000000000000, 1.000000000000000000, 0.000000000000000000 ) ) ;
#1284 = EDGE_LOOP ( 'NONE', ( #1677, #1441, #1172, #1210, #561, #2615, #2623, #1394 ) ) ;
#1285 = ORIENTED_EDGE ( 'NONE', *, *, #42, .F. ) ;
#1286 = VECTOR ( 'NONE', #2001, 1000.000000000000000 ) ;
#1287 = COORDINATED_UNIVERSAL_TIME_OFFSET ( 5, 30, .AHEAD. ) ;
#1288 = LINE ( 'NONE', #1671, #2679 ) ;
#1289 = EDGE_CURVE ( 'NONE', #2490, #1090, #1395, .T. ) ;
#1290 = CARTESIAN_POINT ( 'NONE',  ( -16.09999999999995879, 2.000000000000001776, -15.00000000000000000 ) ) ;
#1291 = CARTESIAN_POINT ( 'NONE',  ( 0.000000000000000000, 19.00000000000000000, -17.50000000000000000 ) ) ;
#1292 = DIRECTION ( 'NONE',  ( 0.000000000000000000, 0.000000000000000000, 1.000000000000000000 ) ) ;
#1293 = EDGE_LOOP ( 'NONE', ( #391, #218, #598, #1801 ) ) ;
#1294 = CARTESIAN_POINT ( 'NONE',  ( 0.000000000000000000, 17.00000000000000000, 0.000000000000000000 ) ) ;
#1295 = CARTESIAN_POINT ( 'NONE',  ( 14.56925219810040240, 19.00000000000000000, 8.106894137130931099 ) ) ;
#1296 = CYLINDRICAL_SURFACE ( 'NONE', #85, 5.600000000000067146 ) ;
#1297 = ORIENTED_EDGE ( 'NONE', *, *, #1921, .T. ) ;
#1298 = VERTEX_POINT ( 'NONE', #1815 ) ;
#1299 = DIRECTION ( 'NONE',  ( 1.000000000000000000, 0.000000000000000000, 0.000000000000000000 ) ) ;
#1300 = EDGE_CURVE ( 'NONE', #2265, #940, #29, .T. ) ;
#1301 = VECTOR ( 'NONE', #2231, 1000.000000000000000 ) ;
#1302 = DIRECTION ( 'NONE',  ( -0.000000000000000000, -1.000000000000000000, -0.000000000000000000 ) ) ;
#1303 = AXIS2_PLACEMENT_3D ( 'NONE', #2428, #1604, #140 ) ;
#1304 = CARTESIAN_POINT ( 'NONE',  ( -11.09999999999995701, 7.000000000000002665, -15.00000000000000000 ) ) ;
#1305 = CARTESIAN_POINT ( 'NONE',  ( -10.59999999999993925, 2.000000000000001776, -15.00000000000000000 ) ) ;
#1306 = CARTESIAN_POINT ( 'NONE',  ( -5.788153660091840728E-14, 13.99999999999999822, -9.275771215772715905 ) ) ;
#1307 = VECTOR ( 'NONE', #549, 1000.000000000000000 ) ;
#1308 = ORIENTED_EDGE ( 'NONE', *, *, #1426, .F. ) ;
#1309 = DIRECTION ( 'NONE',  ( -0.000000000000000000, 0.000000000000000000, 1.000000000000000000 ) ) ;
#1310 = CIRCLE ( 'NONE', #108, 5.599999999999938360 ) ;
#1311 = EDGE_CURVE ( 'NONE', #794, #1028, #211, .T. ) ;
#1312 = CARTESIAN_POINT ( 'NONE',  ( 11.56229486175719501, 20.00000000000000000, 11.20371980771486342 ) ) ;
#1313 = FACE_OUTER_BOUND ( 'NONE', #1967, .T. ) ;
#1314 = VERTEX_POINT ( 'NONE', #1423 ) ;
#1315 = CIRCLE ( 'NONE', #796, 5.000000000000000000 ) ;
#1316 = VERTEX_POINT ( 'NONE', #2683 ) ;
#1317 = DIRECTION ( 'NONE',  ( 7.663935591546393633E-16, 0.000000000000000000, 1.000000000000000000 ) ) ;
#1318 = LOCAL_TIME ( 18, 7, 43.00000000000000000, #2590 ) ;
#1319 = ORIENTED_EDGE ( 'NONE', *, *, #1904, .F. ) ;
#1320 = CARTESIAN_POINT ( 'NONE',  ( 0.000000000000000000, 9.000000000000000000, 11.20371980771486342 ) ) ;
#1321 = FACE_BOUND ( 'NONE', #61, .T. ) ;
#1322 = DIRECTION ( 'NONE',  ( 0.000000000000000000, 0.000000000000000000, -1.000000000000000000 ) ) ;
#1323 = CARTESIAN_POINT ( 'NONE',  ( -12.59999999999995879, 7.000000000000001776, -18.00000000000000000 ) ) ;
#1324 = CYLINDRICAL_SURFACE ( 'NONE', #2576, 1.500000000000001332 ) ;
#1325 = VERTEX_POINT ( 'NONE', #1237 ) ;
#1326 = EDGE_CURVE ( 'NONE', #170, #1927, #1600, .T. ) ;
#1327 = ORIENTED_EDGE ( 'NONE', *, *, #2425, .T. ) ;
#1328 = DATE_TIME_ROLE ( 'classification_date' ) ;
#1329 = VECTOR ( 'NONE', #1018, 1000.000000000000000 ) ;
#1330 = AXIS2_PLACEMENT_3D ( 'NONE', #2602, #1956, #50 ) ;
#1331 = CARTESIAN_POINT ( 'NONE',  ( -5.848931526355788613, 9.000000000000000000, 15.00000000000000000 ) ) ;
#1332 = DIRECTION ( 'NONE',  ( -1.000000000000000000, 0.000000000000000000, 0.000000000000000000 ) ) ;
#1333 = ORIENTED_EDGE ( 'NONE', *, *, #456, .F. ) ;
#1334 = DIRECTION ( 'NONE',  ( 0.000000000000000000, 0.000000000000000000, 1.000000000000000000 ) ) ;
#1335 = LINE ( 'NONE', #2444, #1925 ) ;
#1336 = PLANE ( 'NONE',  #1520 ) ;
#1337 = ORIENTED_EDGE ( 'NONE', *, *, #2370, .T. ) ;
#1338 = CARTESIAN_POINT ( 'NONE',  ( 0.000000000000000000, 9.000000000000000000, 15.00000000000000000 ) ) ;
#1339 = DIRECTION ( 'NONE',  ( 0.000000000000000000, 1.000000000000000000, -0.000000000000000000 ) ) ;
#1340 = LINE ( 'NONE', #9, #715 ) ;
#1341 = ORIENTED_EDGE ( 'NONE', *, *, #652, .T. ) ;
#1342 = ORIENTED_EDGE ( 'NONE', *, *, #162, .F. ) ;
#1343 = DESIGN_CONTEXT ( 'detailed design', #1523, 'design' ) ;
#1344 = DIRECTION ( 'NONE',  ( -1.000000000000000000, 0.000000000000000000, 1.543383232444437376E-16 ) ) ;
#1345 = CARTESIAN_POINT ( 'NONE',  ( -5.599999999999938360, 7.000000000000001776, 15.00000000000000000 ) ) ;
#1346 = VERTEX_POINT ( 'NONE', #812 ) ;
#1347 = AXIS2_PLACEMENT_3D ( 'NONE', #1350, #995, #2649 ) ;
#1348 = LINE ( 'NONE', #1290, #1443 ) ;
#1349 = LINE ( 'NONE', #2196, #1701 ) ;
#1350 = CARTESIAN_POINT ( 'NONE',  ( 0.000000000000000000, 20.00000000000000000, 17.50000000000000000 ) ) ;
#1351 = CIRCLE ( 'NONE', #1696, 4.999999999999999112 ) ;
#1352 = EDGE_CURVE ( 'NONE', #592, #1108, #1851, .T. ) ;
#1353 = VERTEX_POINT ( 'NONE', #603 ) ;
#1354 = FACE_OUTER_BOUND ( 'NONE', #28, .T. ) ;
#1355 = VECTOR ( 'NONE', #8, 1000.000000000000000 ) ;
#1356 = DIRECTION ( 'NONE',  ( 0.000000000000000000, 0.000000000000000000, 1.000000000000000000 ) ) ;
#1357 = DIRECTION ( 'NONE',  ( -1.000000000000000000, 0.000000000000000000, 0.000000000000000000 ) ) ;
#1358 = ORIENTED_EDGE ( 'NONE', *, *, #352, .F. ) ;
#1359 = EDGE_CURVE ( 'NONE', #326, #660, #2278, .T. ) ;
#1360 = CIRCLE ( 'NONE', #417, 2.000000000000000000 ) ;
#1361 = FACE_BOUND ( 'NONE', #1859, .T. ) ;
#1362 = CARTESIAN_POINT ( 'NONE',  ( 0.000000000000000000, 17.00000000000000000, 0.000000000000000000 ) ) ;
#1363 = ORIENTED_EDGE ( 'NONE', *, *, #593, .F. ) ;
#1364 = ADVANCED_FACE ( 'NONE', ( #2055 ), #2696, .T. ) ;
#1365 = LINE ( 'NONE', #2471, #2534 ) ;
#1366 = LOCAL_TIME ( 18, 7, 43.00000000000000000, #330 ) ;
#1367 = FACE_BOUND ( 'NONE', #690, .T. ) ;
#1368 = DIRECTION ( 'NONE',  ( 1.000000000000000000, 0.000000000000000000, 0.000000000000000000 ) ) ;
#1369 = ORIENTED_EDGE ( 'NONE', *, *, #1326, .T. ) ;
#1370 = LINE ( 'NONE', #752, #1019 ) ;
#1371 = CARTESIAN_POINT ( 'NONE',  ( -10.59999999999993925, 7.000000000000001776, -18.00000000000000000 ) ) ;
#1372 = VERTEX_POINT ( 'NONE', #802 ) ;
#1373 = CALENDAR_DATE ( 2026, 20, 6 ) ;
#1374 = ORIENTED_EDGE ( 'NONE', *, *, #2399, .F. ) ;
#1375 = DIRECTION ( 'NONE',  ( 1.000000000000000000, 0.000000000000000000, 0.000000000000000000 ) ) ;
#1376 = CARTESIAN_POINT ( 'NONE',  ( 0.000000000000000000, 9.000000000000000000, -15.00000000000000000 ) ) ;
#1377 = CIRCLE ( 'NONE', #538, 5.599999999999938360 ) ;
#1378 = EDGE_LOOP ( 'NONE', ( #2669, #2525, #2579, #620, #980, #1731, #1778, #1909, #2110, #2380, #1430, #2713, #203, #2645, #129, #1940, #547 ) ) ;
#1379 = VECTOR ( 'NONE', #2570, 1000.000000000000000 ) ;
#1380 = CYLINDRICAL_SURFACE ( 'NONE', #1478, 5.000000000000000000 ) ;
#1381 = CARTESIAN_POINT ( 'NONE',  ( 0.000000000000000000, 13.99999999999999822, -17.50000000000000000 ) ) ;
#1382 = DIRECTION ( 'NONE',  ( -0.000000000000000000, 1.000000000000000000, -0.000000000000000000 ) ) ;
#1383 = EDGE_CURVE ( 'NONE', #1518, #1591, #889, .T. ) ;
#1384 = ORIENTED_EDGE ( 'NONE', *, *, #2730, .T. ) ;
#1385 = DIRECTION ( 'NONE',  ( 0.000000000000000000, 0.000000000000000000, 1.000000000000000000 ) ) ;
#1386 = CARTESIAN_POINT ( 'NONE',  ( 3.599999999999936584, 13.99999999999999822, 13.63268132100208874 ) ) ;
#1387 = VERTEX_POINT ( 'NONE', #1640 ) ;
#1388 = EDGE_LOOP ( 'NONE', ( #33, #892, #871, #1363 ) ) ;
#1389 = DIRECTION ( 'NONE',  ( 0.000000000000000000, 0.000000000000000000, 1.000000000000000000 ) ) ;
#1390 = ORIENTED_EDGE ( 'NONE', *, *, #403, .T. ) ;
#1391 = PLANE ( 'NONE',  #963 ) ;
#1392 = EDGE_CURVE ( 'NONE', #922, #2356, #1153, .T. ) ;
#1393 = DIRECTION ( 'NONE',  ( -1.000000000000000000, 0.000000000000000000, 0.000000000000000000 ) ) ;
#1394 = ORIENTED_EDGE ( 'NONE', *, *, #810, .F. ) ;
#1395 = LINE ( 'NONE', #2241, #1242 ) ;
#1396 = DIRECTION ( 'NONE',  ( -1.543383232444437376E-16, 0.000000000000000000, -1.000000000000000000 ) ) ;
#1397 = DIRECTION ( 'NONE',  ( 1.000000000000000000, 0.000000000000000000, 0.000000000000000000 ) ) ;
#1398 = ORIENTED_EDGE ( 'NONE', *, *, #1352, .T. ) ;
#1399 = AXIS2_PLACEMENT_3D ( 'NONE', #1780, #2002, #143 ) ;
#1400 = DIRECTION ( 'NONE',  ( 1.543383232444437376E-16, -0.000000000000000000, 1.000000000000000000 ) ) ;
#1401 = PLANE ( 'NONE',  #1399 ) ;
#1402 = VECTOR ( 'NONE', #408, 1000.000000000000000 ) ;
#1403 = VERTEX_POINT ( 'NONE', #2482 ) ;
#1404 = ADVANCED_FACE ( 'NONE', ( #1433 ), #1651, .T. ) ;
#1405 = DIRECTION ( 'NONE',  ( 0.000000000000000000, 1.000000000000000000, 0.000000000000000000 ) ) ;
#1406 = EDGE_CURVE ( 'NONE', #2193, #480, #824, .T. ) ;
#1407 = AXIS2_PLACEMENT_3D ( 'NONE', #2261, #2677, #1180 ) ;
#1408 = VECTOR ( 'NONE', #321, 1000.000000000000000 ) ;
#1409 = CARTESIAN_POINT ( 'NONE',  ( 17.56925219810040417, 19.00000000000000000, -8.818471051988961307 ) ) ;
#1410 = ORIENTED_EDGE ( 'NONE', *, *, #1542, .T. ) ;
#1411 = CARTESIAN_POINT ( 'NONE',  ( 0.000000000000000000, 9.000000000000000000, 0.000000000000000000 ) ) ;
#1412 = DIRECTION ( 'NONE',  ( 0.000000000000000000, 0.000000000000000000, 1.000000000000000000 ) ) ;
#1413 = DIRECTION ( 'NONE',  ( -0.000000000000000000, -1.000000000000000000, -0.000000000000000000 ) ) ;
#1414 = ORIENTED_EDGE ( 'NONE', *, *, #1875, .F. ) ;
#1415 = DIRECTION ( 'NONE',  ( 0.000000000000000000, -0.000000000000000000, -1.000000000000000000 ) ) ;
#1416 = LINE ( 'NONE', #297, #192 ) ;
#1417 = CC_DESIGN_SECURITY_CLASSIFICATION ( #2031, ( #2257 ) ) ;
#1418 = ORIENTED_EDGE ( 'NONE', *, *, #1510, .F. ) ;
#1419 = DIRECTION ( 'NONE',  ( 0.000000000000000000, 1.000000000000000000, 0.000000000000000000 ) ) ;
#1420 = ADVANCED_FACE ( 'NONE', ( #757 ), #1166, .T. ) ;
#1421 = LINE ( 'NONE', #619, #2459 ) ;
#1422 = ORIENTED_EDGE ( 'NONE', *, *, #2328, .T. ) ;
#1423 = CARTESIAN_POINT ( 'NONE',  ( 19.56925219810040062, 20.00000000000000000, -18.00000000000000000 ) ) ;
#1424 = VECTOR ( 'NONE', #1796, 1000.000000000000000 ) ;
#1425 = DIRECTION ( 'NONE',  ( 0.000000000000000000, 1.000000000000000000, -0.000000000000000000 ) ) ;
#1426 = EDGE_CURVE ( 'NONE', #1979, #902, #590, .T. ) ;
#1427 = AXIS2_PLACEMENT_3D ( 'NONE', #415, #1692, #854 ) ;
#1428 = ORIENTED_EDGE ( 'NONE', *, *, #2695, .T. ) ;
#1429 = CARTESIAN_POINT ( 'NONE',  ( 0.000000000000000000, 20.00000000000000000, 18.00000000000000000 ) ) ;
#1430 = ORIENTED_EDGE ( 'NONE', *, *, #2153, .F. ) ;
#1431 = DIRECTION ( 'NONE',  ( -0.000000000000000000, 1.000000000000000000, -0.000000000000000000 ) ) ;
#1432 = ORIENTED_EDGE ( 'NONE', *, *, #1062, .T. ) ;
#1433 = FACE_OUTER_BOUND ( 'NONE', #2088, .T. ) ;
#1434 = CARTESIAN_POINT ( 'NONE',  ( 14.56925219810040595, 7.000000000000001776, 15.00000000000000000 ) ) ;
#1435 = EDGE_CURVE ( 'NONE', #190, #2103, #2005, .T. ) ;
#1436 = FACE_BOUND ( 'NONE', #962, .T. ) ;
#1437 = PLANE ( 'NONE',  #101 ) ;
#1438 = VERTEX_POINT ( 'NONE', #1649 ) ;
#1439 = CARTESIAN_POINT ( 'NONE',  ( 19.56925219810040417, 17.00000000000000000, -11.27577121577280295 ) ) ;
#1440 = AXIS2_PLACEMENT_3D ( 'NONE', #1306, #2149, #1094 ) ;
#1441 = ORIENTED_EDGE ( 'NONE', *, *, #395, .T. ) ;
#1442 = ADVANCED_FACE ( 'NONE', ( #130 ), #990, .F. ) ;
#1443 = VECTOR ( 'NONE', #2541, 1000.000000000000000 ) ;
#1444 = AXIS2_PLACEMENT_3D ( 'NONE', #1151, #1994, #742 ) ;
#1445 = DIRECTION ( 'NONE',  ( 0.000000000000000000, 0.000000000000000000, 1.000000000000000000 ) ) ;
#1446 = DIRECTION ( 'NONE',  ( -0.000000000000000000, -1.000000000000000000, 0.000000000000000000 ) ) ;
#1447 = VECTOR ( 'NONE', #1574, 1000.000000000000000 ) ;
#1448 = CARTESIAN_POINT ( 'NONE',  ( 14.56925219810039884, 7.000000000000002665, -18.00000000000000000 ) ) ;
#1449 = DIRECTION ( 'NONE',  ( 1.000000000000000000, 0.000000000000000000, 0.000000000000000000 ) ) ;
#1450 = ORIENTED_EDGE ( 'NONE', *, *, #97, .F. ) ;
#1451 = DIRECTION ( 'NONE',  ( -0.000000000000000000, -1.000000000000000000, -0.000000000000000000 ) ) ;
#1452 = ORIENTED_EDGE ( 'NONE', *, *, #225, .T. ) ;
#1453 = EDGE_CURVE ( 'NONE', #265, #153, #2233, .T. ) ;
#1454 = DIRECTION ( 'NONE',  ( 0.000000000000000000, 1.000000000000000000, -0.000000000000000000 ) ) ;
#1455 = CARTESIAN_POINT ( 'NONE',  ( -5.599999999999939249, 7.000000000000001776, -18.00000000000000000 ) ) ;
#1456 = EDGE_CURVE ( 'NONE', #2703, #1346, #145, .T. ) ;
#1457 = CARTESIAN_POINT ( 'NONE',  ( -11.09999999999995701, 7.000000000000001776, -15.00000000000000000 ) ) ;
#1458 = ORIENTED_EDGE ( 'NONE', *, *, #2506, .F. ) ;
#1459 = DIRECTION ( 'NONE',  ( 1.000000000000000000, 0.000000000000000000, 0.000000000000000000 ) ) ;
#1460 = AXIS2_PLACEMENT_3D ( 'NONE', #1294, #233, #1096 ) ;
#1461 = DIRECTION ( 'NONE',  ( 0.000000000000000000, 1.000000000000000000, 0.000000000000000000 ) ) ;
#1462 = VERTEX_POINT ( 'NONE', #2640 ) ;
#1463 = VERTEX_POINT ( 'NONE', #799 ) ;
#1464 = CC_DESIGN_PERSON_AND_ORGANIZATION_ASSIGNMENT ( #1538, #693, ( #2031 ) ) ;
#1465 = PLANE ( 'NONE',  #1974 ) ;
#1466 = ADVANCED_FACE ( 'NONE', ( #1595 ), #2037, .F. ) ;
#1467 = CARTESIAN_POINT ( 'NONE',  ( 0.000000000000000000, 13.99999999999999822, 17.50000000000000000 ) ) ;
#1468 = PLANE ( 'NONE',  #1001 ) ;
#1469 = ORIENTED_EDGE ( 'NONE', *, *, #1456, .T. ) ;
#1470 = CARTESIAN_POINT ( 'NONE',  ( 17.56925219810040417, 9.000000000000000000, -8.818471051988963083 ) ) ;
#1471 = DIRECTION ( 'NONE',  ( -0.000000000000000000, 1.000000000000000000, -0.000000000000000000 ) ) ;
#1472 = CYLINDRICAL_SURFACE ( 'NONE', #1427, 2.000000000000001776 ) ;
#1473 = ORIENTED_EDGE ( 'NONE', *, *, #2565, .T. ) ;
#1474 = ORIENTED_EDGE ( 'NONE', *, *, #182, .T. ) ;
#1475 = CIRCLE ( 'NONE', #1829, 16.09999999999995879 ) ;
#1476 = EDGE_CURVE ( 'NONE', #1137, #2198, #713, .T. ) ;
#1477 = APPLICATION_PROTOCOL_DEFINITION ( 'international standard', 'config_control_design', 1994, #1523 ) ;
#1478 = AXIS2_PLACEMENT_3D ( 'NONE', #349, #1775, #2411 ) ;
#1479 = VECTOR ( 'NONE', #181, 1000.000000000000000 ) ;
#1480 = LINE ( 'NONE', #2112, #696 ) ;
#1481 = PLANE ( 'NONE',  #461 ) ;
#1482 = DIRECTION ( 'NONE',  ( 0.000000000000000000, 1.000000000000000000, -0.000000000000000000 ) ) ;
#1483 = DIRECTION ( 'NONE',  ( -0.000000000000000000, -1.000000000000000000, -0.000000000000000000 ) ) ;
#1484 = CIRCLE ( 'NONE', #1838, 16.09999999999996945 ) ;
#1485 = EDGE_LOOP ( 'NONE', ( #2447, #179, #680, #1756 ) ) ;
#1486 = ORIENTED_EDGE ( 'NONE', *, *, #972, .F. ) ;
#1487 = CIRCLE ( 'NONE', #2027, 14.09999999999993570 ) ;
#1488 = CARTESIAN_POINT ( 'NONE',  ( 0.000000000000000000, 20.00000000000000000, 15.50000000000000178 ) ) ;
#1489 = LINE ( 'NONE', #2740, #2711 ) ;
#1490 = CARTESIAN_POINT ( 'NONE',  ( -7.700000000000040146, 19.00000000000000000, -5.424953531142940612E-16 ) ) ;
#1491 = EDGE_LOOP ( 'NONE', ( #2450, #1452, #856, #472 ) ) ;
#1492 = VERTEX_POINT ( 'NONE', #2252 ) ;
#1493 =( NAMED_UNIT ( * ) SI_UNIT ( $, .STERADIAN. ) SOLID_ANGLE_UNIT ( ) );
#1494 = EDGE_CURVE ( 'NONE', #1693, #281, #842, .T. ) ;
#1495 = DIRECTION ( 'NONE',  ( 1.000000000000000000, 0.000000000000000000, -1.543383232444437376E-16 ) ) ;
#1496 = DIRECTION ( 'NONE',  ( 0.000000000000000000, 1.000000000000000000, 0.000000000000000000 ) ) ;
#1497 = CARTESIAN_POINT ( 'NONE',  ( 5.599999999999937472, 2.000000000000001776, 18.00000000000000000 ) ) ;
#1498 = ORIENTED_EDGE ( 'NONE', *, *, #1753, .F. ) ;
#1499 = ORIENTED_EDGE ( 'NONE', *, *, #2727, .T. ) ;
#1500 = LINE ( 'NONE', #496, #2319 ) ;
#1501 = AXIS2_PLACEMENT_3D ( 'NONE', #1005, #163, #1445 ) ;
#1502 = CARTESIAN_POINT ( 'NONE',  ( 0.000000000000000000, 19.00000000000000000, 15.50000000000000178 ) ) ;
#1503 = ORIENTED_EDGE ( 'NONE', *, *, #676, .F. ) ;
#1504 = VERTEX_POINT ( 'NONE', #368 ) ;
#1505 = ADVANCED_FACE ( 'NONE', ( #328 ), #1222, .T. ) ;
#1506 = VECTOR ( 'NONE', #2342, 1000.000000000000000 ) ;
#1507 = CARTESIAN_POINT ( 'NONE',  ( -11.09999999999995701, 7.000000000000001776, 15.00000000000000000 ) ) ;
#1508 = EDGE_CURVE ( 'NONE', #1154, #1149, #2655, .T. ) ;
#1509 = CARTESIAN_POINT ( 'NONE',  ( 0.000000000000000000, 17.00000000000000000, 0.000000000000000000 ) ) ;
#1510 = EDGE_CURVE ( 'NONE', #2166, #1936, #2600, .T. ) ;
#1511 = DIRECTION ( 'NONE',  ( 0.000000000000000000, 0.000000000000000000, 1.000000000000000000 ) ) ;
#1512 = DIRECTION ( 'NONE',  ( -0.000000000000000000, 0.000000000000000000, 1.000000000000000000 ) ) ;
#1513 = ORIENTED_EDGE ( 'NONE', *, *, #1901, .T. ) ;
#1514 = VERTEX_POINT ( 'NONE', #1439 ) ;
#1515 = CARTESIAN_POINT ( 'NONE',  ( 5.848931526355751309, 9.000000000000000000, -15.00000000000000000 ) ) ;
#1516 = LINE ( 'NONE', #2355, #2409 ) ;
#1517 = CYLINDRICAL_SURFACE ( 'NONE', #1246, 14.09999999999995879 ) ;
#1518 = VERTEX_POINT ( 'NONE', #346 ) ;
#1519 = EDGE_CURVE ( 'NONE', #499, #132, #559, .T. ) ;
#1520 = AXIS2_PLACEMENT_3D ( 'NONE', #1700, #491, #925 ) ;
#1521 = AXIS2_PLACEMENT_3D ( 'NONE', #2687, #1879, #2721 ) ;
#1522 = CARTESIAN_POINT ( 'NONE',  ( 3.599999999999936584, 19.00000000000000000, -0.000000000000000000 ) ) ;
#1523 = APPLICATION_CONTEXT ( 'configuration controlled 3d designs of mechanical parts and assemblies' ) ;
#1524 = EDGE_LOOP ( 'NONE', ( #1562, #2057, #1058, #1601 ) ) ;
#1525 = AXIS2_PLACEMENT_3D ( 'NONE', #1738, #2627, #2577 ) ;
#1526 = CARTESIAN_POINT ( 'NONE',  ( 19.56925219810040062, 20.00000000000000000, 18.00000000000000000 ) ) ;
#1527 = FACE_OUTER_BOUND ( 'NONE', #2275, .T. ) ;
#1528 = CARTESIAN_POINT ( 'NONE',  ( 14.56925219810040595, 7.000000000000001776, 18.00000000000000000 ) ) ;
#1529 = ADVANCED_FACE ( 'NONE', ( #1822 ), #1621, .F. ) ;
#1530 = AXIS2_PLACEMENT_3D ( 'NONE', #1371, #557, #942 ) ;
#1531 = ORIENTED_EDGE ( 'NONE', *, *, #629, .F. ) ;
#1532 = AXIS2_PLACEMENT_3D ( 'NONE', #1877, #2078, #1412 ) ;
#1533 = CARTESIAN_POINT ( 'NONE',  ( -9.599999999999955236, 7.000000000000001776, -18.00000000000000000 ) ) ;
#1534 = CARTESIAN_POINT ( 'NONE',  ( 0.000000000000000000, 13.99999999999999822, 17.50000000000000000 ) ) ;
#1535 = ORIENTED_EDGE ( 'NONE', *, *, #530, .T. ) ;
#1536 = CIRCLE ( 'NONE', #1663, 2.000000000000000000 ) ;
#1537 = ORIENTED_EDGE ( 'NONE', *, *, #1646, .T. ) ;
#1538 = PERSON_AND_ORGANIZATION ( #2013, #877 ) ;
#1539 = EDGE_CURVE ( 'NONE', #1872, #2126, #2113, .T. ) ;
#1540 = ORIENTED_EDGE ( 'NONE', *, *, #2127, .F. ) ;
#1541 = DIRECTION ( 'NONE',  ( -1.000000000000000000, 0.000000000000000000, 0.000000000000000000 ) ) ;
#1542 = EDGE_CURVE ( 'NONE', #190, #1514, #1704, .T. ) ;
#1543 = ORIENTED_EDGE ( 'NONE', *, *, #1539, .T. ) ;
#1544 = DIRECTION ( 'NONE',  ( 0.000000000000000000, 0.000000000000000000, 1.000000000000000000 ) ) ;
#1545 = LINE ( 'NONE', #64, #1408 ) ;
#1546 = CARTESIAN_POINT ( 'NONE',  ( 0.000000000000000000, 17.00000000000000000, -15.00000000000000000 ) ) ;
#1547 = ORIENTED_EDGE ( 'NONE', *, *, #2175, .F. ) ;
#1548 = DIRECTION ( 'NONE',  ( 1.000000000000000000, 8.673617379884037444E-16, 0.000000000000000000 ) ) ;
#1549 = DIRECTION ( 'NONE',  ( -1.000000000000000000, -0.000000000000000000, 0.000000000000000000 ) ) ;
#1550 = DIRECTION ( 'NONE',  ( -0.000000000000000000, -0.000000000000000000, 1.000000000000000000 ) ) ;
#1551 = VERTEX_POINT ( 'NONE', #1678 ) ;
#1552 = AXIS2_PLACEMENT_3D ( 'NONE', #579, #122, #552 ) ;
#1553 = DATE_AND_TIME ( #2187, #1318 ) ;
#1554 = AXIS2_PLACEMENT_3D ( 'NONE', #1490, #222, #267 ) ;
#1555 = DIRECTION ( 'NONE',  ( -0.000000000000000000, -1.000000000000000000, -0.000000000000000000 ) ) ;
#1556 = DIRECTION ( 'NONE',  ( -0.000000000000000000, -1.000000000000000000, -0.000000000000000000 ) ) ;
#1557 = ADVANCED_FACE ( 'NONE', ( #2544 ), #2702, .T. ) ;
#1558 = EDGE_LOOP ( 'NONE', ( #1823, #1637, #232, #2723, #2145, #2239, #141, #1243 ) ) ;
#1559 = DIRECTION ( 'NONE',  ( 0.000000000000000000, 1.000000000000000000, -0.000000000000000000 ) ) ;
#1560 = CARTESIAN_POINT ( 'NONE',  ( 0.000000000000000000, 13.99999999999999822, 0.000000000000000000 ) ) ;
#1561 = LINE ( 'NONE', #124, #2089 ) ;
#1562 = ORIENTED_EDGE ( 'NONE', *, *, #18, .F. ) ;
#1563 = LINE ( 'NONE', #37, #1873 ) ;
#1564 = CARTESIAN_POINT ( 'NONE',  ( 0.000000000000000000, 13.99999999999999822, 0.000000000000000000 ) ) ;
#1565 = ORIENTED_EDGE ( 'NONE', *, *, #1836, .T. ) ;
#1566 = ORIENTED_EDGE ( 'NONE', *, *, #1453, .T. ) ;
#1567 = ADVANCED_FACE ( 'NONE', ( #2120 ), #1910, .T. ) ;
#1568 = EDGE_LOOP ( 'NONE', ( #759, #302, #1075, #2653, #2620, #1046, #1688, #807 ) ) ;
#1569 = ORIENTED_EDGE ( 'NONE', *, *, #1244, .T. ) ;
#1570 = DIRECTION ( 'NONE',  ( 1.000000000000000000, 0.000000000000000000, 0.000000000000000000 ) ) ;
#1571 = ORIENTED_EDGE ( 'NONE', *, *, #1542, .F. ) ;
#1572 = CIRCLE ( 'NONE', #2668, 5.000000000000000888 ) ;
#1573 = CARTESIAN_POINT ( 'NONE',  ( -11.09999999999995701, 2.000000000000001776, 15.00000000000000000 ) ) ;
#1574 = DIRECTION ( 'NONE',  ( 1.000000000000000000, -0.000000000000000000, -1.543383232444437376E-16 ) ) ;
#1575 = LINE ( 'NONE', #293, #1739 ) ;
#1576 = AXIS2_PLACEMENT_3D ( 'NONE', #2445, #554, #1397 ) ;
#1577 = ORIENTED_EDGE ( 'NONE', *, *, #352, .T. ) ;
#1578 = CARTESIAN_POINT ( 'NONE',  ( -12.59999999999995879, 7.000000000000001776, 15.00000000000000000 ) ) ;
#1579 = PLANE ( 'NONE',  #1407 ) ;
#1580 = VERTEX_POINT ( 'NONE', #205 ) ;
#1581 = ORIENTED_EDGE ( 'NONE', *, *, #1670, .F. ) ;
#1582 = ORIENTED_EDGE ( 'NONE', *, *, #1062, .F. ) ;
#1583 = AXIS2_PLACEMENT_3D ( 'NONE', #1228, #363, #1238 ) ;
#1584 = EDGE_CURVE ( 'NONE', #996, #1070, #2739, .T. ) ;
#1585 = CARTESIAN_POINT ( 'NONE',  ( 2.449293598294706414E-16, 20.00000000000000000, 19.50000000000000355 ) ) ;
#1586 = CARTESIAN_POINT ( 'NONE',  ( 0.000000000000000000, 13.99999999999999822, -17.50000000000000000 ) ) ;
#1587 = ORIENTED_EDGE ( 'NONE', *, *, #1352, .F. ) ;
#1588 = DIRECTION ( 'NONE',  ( 1.000000000000000000, 0.000000000000000000, 0.000000000000000000 ) ) ;
#1589 = CYLINDRICAL_SURFACE ( 'NONE', #1797, 1.500000000000001332 ) ;
#1590 = DIRECTION ( 'NONE',  ( 1.000000000000000000, -0.000000000000000000, 0.000000000000000000 ) ) ;
#1591 = VERTEX_POINT ( 'NONE', #1488 ) ;
#1592 = LINE ( 'NONE', #2475, #1948 ) ;
#1593 = ORIENTED_EDGE ( 'NONE', *, *, #945, .F. ) ;
#1594 = ORIENTED_EDGE ( 'NONE', *, *, #176, .F. ) ;
#1595 = FACE_OUTER_BOUND ( 'NONE', #1787, .T. ) ;
#1596 = ORIENTED_EDGE ( 'NONE', *, *, #471, .T. ) ;
#1597 = EDGE_CURVE ( 'NONE', #2738, #1387, #380, .T. ) ;
#1598 = LINE ( 'NONE', #1964, #1307 ) ;
#1599 = CARTESIAN_POINT ( 'NONE',  ( 3.599999999999936584, 13.99999999999999822, 0.000000000000000000 ) ) ;
#1600 = CIRCLE ( 'NONE', #1675, 1.500000000000001332 ) ;
#1601 = ORIENTED_EDGE ( 'NONE', *, *, #1638, .T. ) ;
#1602 = AXIS2_PLACEMENT_3D ( 'NONE', #296, #1747, #1548 ) ;
#1603 = CARTESIAN_POINT ( 'NONE',  ( 5.599999999999936584, 9.000000000000000000, -12.94024729284564046 ) ) ;
#1604 = DIRECTION ( 'NONE',  ( 0.000000000000000000, 1.000000000000000000, -0.000000000000000000 ) ) ;
#1605 = EDGE_CURVE ( 'NONE', #1272, #1212, #818, .T. ) ;
#1606 = VERTEX_POINT ( 'NONE', #1470 ) ;
#1607 = CARTESIAN_POINT ( 'NONE',  ( -1.361028035743641928E-15, 9.000000000000000000, -8.818471051988959530 ) ) ;
#1608 = DIRECTION ( 'NONE',  ( 0.000000000000000000, 0.000000000000000000, -1.000000000000000000 ) ) ;
#1609 = ORIENTED_EDGE ( 'NONE', *, *, #1741, .T. ) ;
#1610 = DIRECTION ( 'NONE',  ( -0.000000000000000000, -1.000000000000000000, 0.000000000000000000 ) ) ;
#1611 = EDGE_LOOP ( 'NONE', ( #621, #275, #457, #1473, #866, #2364, #191, #39 ) ) ;
#1612 = LINE ( 'NONE', #194, #2360 ) ;
#1613 = ORIENTED_EDGE ( 'NONE', *, *, #2100, .T. ) ;
#1614 = CARTESIAN_POINT ( 'NONE',  ( 14.56925219810040595, 2.000000000000001776, 15.00000000000000000 ) ) ;
#1615 = DIRECTION ( 'NONE',  ( 0.000000000000000000, 0.000000000000000000, 1.000000000000000000 ) ) ;
#1616 = CYLINDRICAL_SURFACE ( 'NONE', #1347, 5.599999999999938360 ) ;
#1617 = EDGE_CURVE ( 'NONE', #2738, #265, #2218, .T. ) ;
#1618 = DIRECTION ( 'NONE',  ( 0.000000000000000000, 1.000000000000000000, 0.000000000000000000 ) ) ;
#1619 = ORIENTED_EDGE ( 'NONE', *, *, #679, .F. ) ;
#1620 = EDGE_LOOP ( 'NONE', ( #1708, #1540, #1266, #838 ) ) ;
#1621 = PLANE ( 'NONE',  #588 ) ;
#1622 = ORIENTED_EDGE ( 'NONE', *, *, #1236, .T. ) ;
#1623 = EDGE_CURVE ( 'NONE', #2356, #2073, #656, .T. ) ;
#1624 = VECTOR ( 'NONE', #813, 1000.000000000000000 ) ;
#1625 = CARTESIAN_POINT ( 'NONE',  ( 11.49204000556685301, 17.00000000000000000, -11.27577121577278163 ) ) ;
#1626 = ORIENTED_EDGE ( 'NONE', *, *, #1519, .F. ) ;
#1627 = AXIS2_PLACEMENT_3D ( 'NONE', #1362, #2208, #550 ) ;
#1628 = CARTESIAN_POINT ( 'NONE',  ( 5.599999999999938360, 9.000000000000000000, 15.00000000000000000 ) ) ;
#1629 = FACE_OUTER_BOUND ( 'NONE', #1568, .T. ) ;
#1630 = PLANE ( 'NONE',  #55 ) ;
#1631 = EDGE_CURVE ( 'NONE', #1504, #314, #2500, .T. ) ;
#1632 = EDGE_LOOP ( 'NONE', ( #2638, #1052, #418, #2487 ) ) ;
#1633 = DIRECTION ( 'NONE',  ( -0.000000000000000000, 0.000000000000000000, 1.000000000000000000 ) ) ;
#1634 = DIRECTION ( 'NONE',  ( 1.000000000000000000, 0.000000000000000000, 0.000000000000000000 ) ) ;
#1635 = ORIENTED_EDGE ( 'NONE', *, *, #2489, .F. ) ;
#1636 = EDGE_LOOP ( 'NONE', ( #96, #1333, #1758, #2138 ) ) ;
#1637 = ORIENTED_EDGE ( 'NONE', *, *, #611, .T. ) ;
#1638 = EDGE_CURVE ( 'NONE', #1936, #2166, #1641, .T. ) ;
#1639 = DIRECTION ( 'NONE',  ( -1.000000000000000000, 0.000000000000000000, 1.877458068268167797E-16 ) ) ;
#1640 = CARTESIAN_POINT ( 'NONE',  ( 3.599999999999936584, 13.99999999999999822, 17.50000000000000000 ) ) ;
#1641 = CIRCLE ( 'NONE', #435, 2.000000000000001776 ) ;
#1642 = DIRECTION ( 'NONE',  ( 0.000000000000000000, 0.000000000000000000, 1.000000000000000000 ) ) ;
#1643 = CIRCLE ( 'NONE', #1814, 14.09999999999995879 ) ;
#1644 = LINE ( 'NONE', #2086, #2017 ) ;
#1645 = CARTESIAN_POINT ( 'NONE',  ( 0.000000000000000000, 17.00000000000000000, -18.00000000000000000 ) ) ;
#1646 = EDGE_CURVE ( 'NONE', #1955, #1069, #390, .T. ) ;
#1647 = ORIENTED_EDGE ( 'NONE', *, *, #2737, .F. ) ;
#1648 = ORIENTED_EDGE ( 'NONE', *, *, #1008, .F. ) ;
#1649 = CARTESIAN_POINT ( 'NONE',  ( -7.700000000000040146, 19.00000000000000000, -5.036784605883437571 ) ) ;
#1650 = EDGE_CURVE ( 'NONE', #1403, #1212, #662, .T. ) ;
#1651 = CYLINDRICAL_SURFACE ( 'NONE', #485, 5.000000000000000888 ) ;
#1652 = LINE ( 'NONE', #2697, #1624 ) ;
#1653 = LINE ( 'NONE', #2495, #602 ) ;
#1654 = DIRECTION ( 'NONE',  ( -0.000000000000000000, -0.000000000000000000, 1.000000000000000000 ) ) ;
#1655 = AXIS2_PLACEMENT_3D ( 'NONE', #1026, #2102, #1863 ) ;
#1656 = ORIENTED_EDGE ( 'NONE', *, *, #2292, .T. ) ;
#1657 = DIRECTION ( 'NONE',  ( -0.000000000000000000, 0.000000000000000000, 1.000000000000000000 ) ) ;
#1658 = AXIS2_PLACEMENT_3D ( 'NONE', #1081, #1745, #3 ) ;
#1659 = ADVANCED_FACE ( 'NONE', ( #2715 ), #1667, .F. ) ;
#1660 = EDGE_CURVE ( 'NONE', #2193, #378, #1377, .T. ) ;
#1661 = VECTOR ( 'NONE', #1852, 1000.000000000000000 ) ;
#1662 = CARTESIAN_POINT ( 'NONE',  ( 13.06925219810040417, 7.000000000000001776, -18.00000000000000000 ) ) ;
#1663 = AXIS2_PLACEMENT_3D ( 'NONE', #2223, #1950, #517 ) ;
#1664 = CARTESIAN_POINT ( 'NONE',  ( 0.000000000000000000, 19.00000000000000000, 0.000000000000000000 ) ) ;
#1665 = DIRECTION ( 'NONE',  ( 1.000000000000000000, -0.000000000000000000, -1.543383232444437376E-16 ) ) ;
#1666 = VERTEX_POINT ( 'NONE', #1253 ) ;
#1667 = CYLINDRICAL_SURFACE ( 'NONE', #1719, 1.500000000000001332 ) ;
#1668 = LINE ( 'NONE', #2716, #2631 ) ;
#1669 = ORIENTED_EDGE ( 'NONE', *, *, #823, .T. ) ;
#1670 = EDGE_CURVE ( 'NONE', #1462, #1069, #2091, .T. ) ;
#1671 = CARTESIAN_POINT ( 'NONE',  ( 5.599999999999926814, 9.000000000000000000, -4.291803931265924662E-15 ) ) ;
#1672 = AXIS2_PLACEMENT_3D ( 'NONE', #1411, #790, #2044 ) ;
#1673 = DIRECTION ( 'NONE',  ( 0.000000000000000000, 1.000000000000000000, -0.000000000000000000 ) ) ;
#1674 = CARTESIAN_POINT ( 'NONE',  ( 19.56925219810040062, 7.000000000000002665, 18.00000000000000000 ) ) ;
#1675 = AXIS2_PLACEMENT_3D ( 'NONE', #2076, #174, #373 ) ;
#1676 = EDGE_CURVE ( 'NONE', #344, #1693, #1269, .T. ) ;
#1677 = ORIENTED_EDGE ( 'NONE', *, *, #2425, .F. ) ;
#1678 = CARTESIAN_POINT ( 'NONE',  ( 16.06925219810040772, 7.000000000000001776, 15.00000000000000000 ) ) ;
#1679 = AXIS2_PLACEMENT_3D ( 'NONE', #1819, #986, #973 ) ;
#1680 = CARTESIAN_POINT ( 'NONE',  ( 0.000000000000000000, 13.99999999999999822, 0.000000000000000000 ) ) ;
#1681 = ORIENTED_EDGE ( 'NONE', *, *, #238, .T. ) ;
#1682 = ORIENTED_EDGE ( 'NONE', *, *, #214, .F. ) ;
#1683 = FACE_OUTER_BOUND ( 'NONE', #2082, .T. ) ;
#1684 = FACE_OUTER_BOUND ( 'NONE', #1620, .T. ) ;
#1685 = CARTESIAN_POINT ( 'NONE',  ( 2.449293598294703949E-16, 19.00000000000000000, 19.50000000000000355 ) ) ;
#1686 = DIRECTION ( 'NONE',  ( 1.000000000000000000, 8.673617379884033500E-16, 0.000000000000000000 ) ) ;
#1687 = ORIENTED_EDGE ( 'NONE', *, *, #2512, .T. ) ;
#1688 = ORIENTED_EDGE ( 'NONE', *, *, #706, .F. ) ;
#1689 = EDGE_CURVE ( 'NONE', #1086, #2263, #359, .T. ) ;
#1690 = DIRECTION ( 'NONE',  ( 0.000000000000000000, 0.000000000000000000, -1.000000000000000000 ) ) ;
#1691 = CARTESIAN_POINT ( 'NONE',  ( -3.600000000001110756, 13.99999999999999822, -3.100446310582881777E-13 ) ) ;
#1692 = DIRECTION ( 'NONE',  ( -0.000000000000000000, -1.000000000000000000, -0.000000000000000000 ) ) ;
#1693 = VERTEX_POINT ( 'NONE', #1323 ) ;
#1694 = ORIENTED_EDGE ( 'NONE', *, *, #386, .T. ) ;
#1695 = VECTOR ( 'NONE', #113, 1000.000000000000000 ) ;
#1696 = AXIS2_PLACEMENT_3D ( 'NONE', #747, #567, #1588 ) ;
#1697 = DIRECTION ( 'NONE',  ( 0.000000000000000000, 1.000000000000000000, 0.000000000000000000 ) ) ;
#1698 = DIRECTION ( 'NONE',  ( 1.000000000000000000, -0.000000000000000000, 0.000000000000000000 ) ) ;
#1699 = DIRECTION ( 'NONE',  ( 1.000000000000000000, 0.000000000000000000, 0.000000000000000000 ) ) ;
#1700 = CARTESIAN_POINT ( 'NONE',  ( 5.599999999999926814, 9.000000000000000000, -4.291803931265924662E-15 ) ) ;
#1701 = VECTOR ( 'NONE', #292, 1000.000000000000000 ) ;
#1702 = ORIENTED_EDGE ( 'NONE', *, *, #1638, .F. ) ;
#1703 = ORIENTED_EDGE ( 'NONE', *, *, #2663, .F. ) ;
#1704 = LINE ( 'NONE', #868, #2656 ) ;
#1705 = DIRECTION ( 'NONE',  ( 0.000000000000000000, 0.000000000000000000, -1.000000000000000000 ) ) ;
#1706 = CARTESIAN_POINT ( 'NONE',  ( -16.09999999999995879, 17.00000000000000000, 15.00000000000000000 ) ) ;
#1707 = ORIENTED_EDGE ( 'NONE', *, *, #198, .T. ) ;
#1708 = ORIENTED_EDGE ( 'NONE', *, *, #1986, .F. ) ;
#1709 = EDGE_CURVE ( 'NONE', #655, #1807, #488, .T. ) ;
#1710 = FACE_OUTER_BOUND ( 'NONE', #432, .T. ) ;
#1711 = EDGE_CURVE ( 'NONE', #2171, #153, #2517, .T. ) ;
#1712 = LINE ( 'NONE', #923, #740 ) ;
#1713 = DIRECTION ( 'NONE',  ( 0.000000000000000000, 0.000000000000000000, 1.000000000000000000 ) ) ;
#1714 = DIRECTION ( 'NONE',  ( -1.000000000000000000, 0.000000000000000000, 0.000000000000000000 ) ) ;
#1715 = ORIENTED_EDGE ( 'NONE', *, *, #737, .T. ) ;
#1716 = DIRECTION ( 'NONE',  ( -5.104920417925074992E-16, 0.000000000000000000, 1.000000000000000000 ) ) ;
#1717 = ADVANCED_FACE ( 'NONE', ( #1354 ), #82, .F. ) ;
#1718 = CYLINDRICAL_SURFACE ( 'NONE', #2064, 5.036784605883436683 ) ;
#1719 = AXIS2_PLACEMENT_3D ( 'NONE', #2510, #618, #1459 ) ;
#1720 = DIRECTION ( 'NONE',  ( 0.000000000000000000, 0.000000000000000000, -1.000000000000000000 ) ) ;
#1721 = ORIENTED_EDGE ( 'NONE', *, *, #810, .T. ) ;
#1722 = VERTEX_POINT ( 'NONE', #1928 ) ;
#1723 = AXIS2_PLACEMENT_3D ( 'NONE', #673, #1127, #2170 ) ;
#1724 = EDGE_CURVE ( 'NONE', #2265, #2666, #2167, .T. ) ;
#1725 = CYLINDRICAL_SURFACE ( 'NONE', #1187, 5.036784605883436683 ) ;
#1726 = VERTEX_POINT ( 'NONE', #2183 ) ;
#1727 = DIRECTION ( 'NONE',  ( -1.543383232444437376E-16, 0.000000000000000000, -1.000000000000000000 ) ) ;
#1728 = CARTESIAN_POINT ( 'NONE',  ( 5.599999999999926814, 9.000000000000000000, 4.291803931265928606E-15 ) ) ;
#1729 = CARTESIAN_POINT ( 'NONE',  ( 5.599999999999938360, 7.000000000000001776, 15.00000000000000000 ) ) ;
#1730 = EDGE_LOOP ( 'NONE', ( #1241, #950, #1337 ) ) ;
#1731 = ORIENTED_EDGE ( 'NONE', *, *, #2348, .F. ) ;
#1732 = CARTESIAN_POINT ( 'NONE',  ( 0.000000000000000000, 13.99999999999999822, 0.000000000000000000 ) ) ;
#1733 = PLANE ( 'NONE',  #890 ) ;
#1734 = EDGE_LOOP ( 'NONE', ( #2630, #674, #523, #2305 ) ) ;
#1735 = ORIENTED_EDGE ( 'NONE', *, *, #395, .F. ) ;
#1736 = EDGE_CURVE ( 'NONE', #2686, #67, #1125, .T. ) ;
#1737 = CIRCLE ( 'NONE', #560, 1.500000000000001332 ) ;
#1738 = CARTESIAN_POINT ( 'NONE',  ( 0.000000000000000000, 17.00000000000000000, 18.00000000000000000 ) ) ;
#1739 = VECTOR ( 'NONE', #1368, 1000.000000000000000 ) ;
#1740 = PLANE ( 'NONE',  #2681 ) ;
#1741 = EDGE_CURVE ( 'NONE', #1182, #2490, #478, .T. ) ;
#1742 = EDGE_LOOP ( 'NONE', ( #1609, #1168, #2228, #1577 ) ) ;
#1743 = CARTESIAN_POINT ( 'NONE',  ( 5.577633906953673559, 17.00000000000000000, -18.00000000000000000 ) ) ;
#1744 = CARTESIAN_POINT ( 'NONE',  ( -5.599999999999939249, 17.00000000000000000, 17.50000000000000000 ) ) ;
#1745 = DIRECTION ( 'NONE',  ( 0.000000000000000000, 1.000000000000000000, -0.000000000000000000 ) ) ;
#1746 = ORIENTED_EDGE ( 'NONE', *, *, #1631, .F. ) ;
#1747 = DIRECTION ( 'NONE',  ( -0.000000000000000000, -0.000000000000000000, -1.000000000000000000 ) ) ;
#1748 = AXIS2_PLACEMENT_3D ( 'NONE', #2363, #1697, #1275 ) ;
#1749 = CARTESIAN_POINT ( 'NONE',  ( -5.599999999999938360, 7.000000000000001776, -18.00000000000000000 ) ) ;
#1750 = CARTESIAN_POINT ( 'NONE',  ( -5.599999999999939249, 13.99999999999999822, -17.49999830211801211 ) ) ;
#1751 = EDGE_LOOP ( 'NONE', ( #2312, #1766, #161, #1933, #2584, #2601 ) ) ;
#1752 = CALENDAR_DATE ( 2026, 20, 6 ) ;
#1753 = EDGE_CURVE ( 'NONE', #558, #801, #1779, .T. ) ;
#1754 = VERTEX_POINT ( 'NONE', #671 ) ;
#1755 = EDGE_CURVE ( 'NONE', #1591, #1936, #927, .T. ) ;
#1756 = ORIENTED_EDGE ( 'NONE', *, *, #2700, .F. ) ;
#1757 = DIRECTION ( 'NONE',  ( -0.000000000000000000, 1.000000000000000000, -0.000000000000000000 ) ) ;
#1758 = ORIENTED_EDGE ( 'NONE', *, *, #1597, .T. ) ;
#1759 = LINE ( 'NONE', #489, #1870 ) ;
#1760 = CYLINDRICAL_SURFACE ( 'NONE', #2503, 1.500000000000001332 ) ;
#1761 = DIRECTION ( 'NONE',  ( 0.000000000000000000, 1.000000000000000000, -0.000000000000000000 ) ) ;
#1762 = EDGE_LOOP ( 'NONE', ( #2689, #2050, #1141, #1770, #1622, #897, #1285, #1682 ) ) ;
#1763 = LINE ( 'NONE', #2603, #1226 ) ;
#1764 = EDGE_CURVE ( 'NONE', #544, #922, #2135, .T. ) ;
#1765 = LINE ( 'NONE', #707, #591 ) ;
#1766 = ORIENTED_EDGE ( 'NONE', *, *, #1921, .F. ) ;
#1767 = ORIENTED_EDGE ( 'NONE', *, *, #2664, .F. ) ;
#1768 = VECTOR ( 'NONE', #1431, 1000.000000000000000 ) ;
#1769 = PERSON_AND_ORGANIZATION ( #2013, #877 ) ;
#1770 = ORIENTED_EDGE ( 'NONE', *, *, #2199, .F. ) ;
#1771 = VECTOR ( 'NONE', #1912, 1000.000000000000000 ) ;
#1772 = PLANE ( 'NONE',  #687 ) ;
#1773 = LINE ( 'NONE', #1376, #571 ) ;
#1774 = VERTEX_POINT ( 'NONE', #1515 ) ;
#1775 = DIRECTION ( 'NONE',  ( 7.663935591546400536E-16, 0.000000000000000000, -1.000000000000000000 ) ) ;
#1776 = CARTESIAN_POINT ( 'NONE',  ( 0.000000000000000000, 9.000000000000000000, 0.000000000000000000 ) ) ;
#1777 = FACE_OUTER_BOUND ( 'NONE', #1558, .T. ) ;
#1778 = ORIENTED_EDGE ( 'NONE', *, *, #657, .F. ) ;
#1779 = LINE ( 'NONE', #251, #2172 ) ;
#1780 = CARTESIAN_POINT ( 'NONE',  ( 5.599999999999938360, 2.000000000000001776, -15.00000000000000000 ) ) ;
#1781 = ORIENTED_EDGE ( 'NONE', *, *, #366, .F. ) ;
#1782 = EDGE_CURVE ( 'NONE', #1267, #87, #460, .T. ) ;
#1783 = ORIENTED_EDGE ( 'NONE', *, *, #2221, .F. ) ;
#1784 = PERSON_AND_ORGANIZATION_ROLE ( 'design_supplier' ) ;
#1785 = FACE_OUTER_BOUND ( 'NONE', #388, .T. ) ;
#1786 = DIRECTION ( 'NONE',  ( 1.000000000000000000, 0.000000000000000000, 0.000000000000000000 ) ) ;
#1787 = EDGE_LOOP ( 'NONE', ( #2451, #1626, #1781, #2260, #628, #1707 ) ) ;
#1788 = CIRCLE ( 'NONE', #600, 1.500000000000001332 ) ;
#1789 = DIRECTION ( 'NONE',  ( 0.000000000000000000, 0.000000000000000000, 1.000000000000000000 ) ) ;
#1790 = DIRECTION ( 'NONE',  ( 1.000000000000000000, 0.000000000000000000, 0.000000000000000000 ) ) ;
#1791 = CARTESIAN_POINT ( 'NONE',  ( 19.56925219810040062, 17.00000000000000000, 15.00000000000000000 ) ) ;
#1792 = ORIENTED_EDGE ( 'NONE', *, *, #246, .T. ) ;
#1793 = AXIS2_PLACEMENT_3D ( 'NONE', #1691, #979, #832 ) ;
#1794 = DIRECTION ( 'NONE',  ( 0.000000000000000000, 1.000000000000000000, -0.000000000000000000 ) ) ;
#1795 = ORIENTED_EDGE ( 'NONE', *, *, #745, .T. ) ;
#1796 = DIRECTION ( 'NONE',  ( 0.000000000000000000, 0.000000000000000000, 1.000000000000000000 ) ) ;
#1797 = AXIS2_PLACEMENT_3D ( 'NONE', #2617, #1803, #2243 ) ;
#1798 = DIRECTION ( 'NONE',  ( -0.000000000000000000, -1.000000000000000000, -0.000000000000000000 ) ) ;
#1799 = EDGE_CURVE ( 'NONE', #739, #544, #311, .T. ) ;
#1800 = CARTESIAN_POINT ( 'NONE',  ( -10.59999999999993925, 7.000000000000001776, 18.00000000000000000 ) ) ;
#1801 = ORIENTED_EDGE ( 'NONE', *, *, #2408, .F. ) ;
#1802 = CARTESIAN_POINT ( 'NONE',  ( 10.59999999999993925, 2.000000000000001776, 15.00000000000000000 ) ) ;
#1803 = DIRECTION ( 'NONE',  ( -0.000000000000000000, -0.000000000000000000, -1.000000000000000000 ) ) ;
#1804 = CARTESIAN_POINT ( 'NONE',  ( -3.599999999999936584, 13.99999999999999822, 13.63268132100208874 ) ) ;
#1805 = EDGE_LOOP ( 'NONE', ( #2224, #1131, #54, #2317 ) ) ;
#1806 = DIRECTION ( 'NONE',  ( -5.369189995962806297E-15, 0.000000000000000000, -1.000000000000000000 ) ) ;
#1807 = VERTEX_POINT ( 'NONE', #2369 ) ;
#1808 = ORIENTED_EDGE ( 'NONE', *, *, #403, .F. ) ;
#1809 = DIRECTION ( 'NONE',  ( 0.000000000000000000, 0.000000000000000000, -1.000000000000000000 ) ) ;
#1810 = CYLINDRICAL_SURFACE ( 'NONE', #333, 2.000000000000000000 ) ;
#1811 = AXIS2_PLACEMENT_3D ( 'NONE', #1043, #1883, #1690 ) ;
#1812 = ORIENTED_EDGE ( 'NONE', *, *, #1142, .F. ) ;
#1813 = EDGE_CURVE ( 'NONE', #326, #1989, #2119, .T. ) ;
#1814 = AXIS2_PLACEMENT_3D ( 'NONE', #1564, #431, #236 ) ;
#1815 = CARTESIAN_POINT ( 'NONE',  ( 5.599999999999938360, 17.00000000000000000, 18.00000000000000000 ) ) ;
#1816 = CARTESIAN_POINT ( 'NONE',  ( -11.09999999999995701, 7.000000000000001776, -12.99999999999999822 ) ) ;
#1817 = FACE_OUTER_BOUND ( 'NONE', #2499, .T. ) ;
#1818 = ORIENTED_EDGE ( 'NONE', *, *, #264, .F. ) ;
#1819 = CARTESIAN_POINT ( 'NONE',  ( 14.56925219810040595, 7.000000000000001776, 15.00000000000000000 ) ) ;
#1820 = DIRECTION ( 'NONE',  ( -0.000000000000000000, -0.000000000000000000, 1.000000000000000000 ) ) ;
#1821 = VERTEX_POINT ( 'NONE', #495 ) ;
#1822 = FACE_OUTER_BOUND ( 'NONE', #1762, .T. ) ;
#1823 = ORIENTED_EDGE ( 'NONE', *, *, #1605, .F. ) ;
#1824 = DIRECTION ( 'NONE',  ( -8.612350862727570134E-14, 0.000000000000000000, 1.000000000000000000 ) ) ;
#1825 = VERTEX_POINT ( 'NONE', #111 ) ;
#1826 = DIRECTION ( 'NONE',  ( 0.000000000000000000, 1.000000000000000000, 0.000000000000000000 ) ) ;
#1827 = CARTESIAN_POINT ( 'NONE',  ( 14.56925219810040240, 19.00000000000000000, -8.818471051988961307 ) ) ;
#1828 = ORIENTED_EDGE ( 'NONE', *, *, #2221, .T. ) ;
#1829 = AXIS2_PLACEMENT_3D ( 'NONE', #322, #351, #2618 ) ;
#1830 = DIRECTION ( 'NONE',  ( -1.000000000000000000, 0.000000000000000000, 5.369189995962806297E-15 ) ) ;
#1831 = PLANE ( 'NONE',  #1118 ) ;
#1832 = AXIS2_PLACEMENT_3D ( 'NONE', #731, #2457, #1155 ) ;
#1833 = ORIENTED_EDGE ( 'NONE', *, *, #486, .T. ) ;
#1834 = AXIS2_PLACEMENT_3D ( 'NONE', #884, #1339, #1929 ) ;
#1835 = CARTESIAN_POINT ( 'NONE',  ( -11.09999999999995701, 7.000000000000001776, -18.00000000000000000 ) ) ;
#1836 = EDGE_CURVE ( 'NONE', #378, #1316, #997, .T. ) ;
#1837 = EDGE_CURVE ( 'NONE', #2182, #1463, #1060, .T. ) ;
#1838 = AXIS2_PLACEMENT_3D ( 'NONE', #2321, #2143, #226 ) ;
#1839 = PLANE ( 'NONE',  #2436 ) ;
#1840 = ORIENTED_EDGE ( 'NONE', *, *, #2277, .F. ) ;
#1841 = AXIS2_PLACEMENT_3D ( 'NONE', #404, #41, #1299 ) ;
#1842 = EDGE_CURVE ( 'NONE', #2455, #655, #1846, .T. ) ;
#1843 = DIRECTION ( 'NONE',  ( -0.000000000000000000, 0.000000000000000000, 1.000000000000000000 ) ) ;
#1844 = DIRECTION ( 'NONE',  ( 1.000000000000000000, 0.000000000000000000, -0.000000000000000000 ) ) ;
#1845 = ORIENTED_EDGE ( 'NONE', *, *, #1837, .F. ) ;
#1846 = LINE ( 'NONE', #2019, #663 ) ;
#1847 = LINE ( 'NONE', #1429, #149 ) ;
#1848 = ORIENTED_EDGE ( 'NONE', *, *, #1617, .T. ) ;
#1849 = ADVANCED_FACE ( 'NONE', ( #2048 ), #2461, .T. ) ;
#1850 = CARTESIAN_POINT ( 'NONE',  ( 5.599999999999926814, 9.000000000000000000, 4.291803931265928606E-15 ) ) ;
#1851 = LINE ( 'NONE', #2068, #1890 ) ;
#1852 = DIRECTION ( 'NONE',  ( 0.000000000000000000, 1.000000000000000000, 0.000000000000000000 ) ) ;
#1853 = AXIS2_PLACEMENT_3D ( 'NONE', #68, #1309, #2385 ) ;
#1854 = LINE ( 'NONE', #2281, #458 ) ;
#1855 = CARTESIAN_POINT ( 'NONE',  ( 3.599999999999936584, 13.99999999999999822, -13.63268132100208874 ) ) ;
#1856 = EDGE_LOOP ( 'NONE', ( #1059, #1458, #1896, #843, #1450, #1279, #1783, #2569, #256 ) ) ;
#1857 = DIRECTION ( 'NONE',  ( 7.663935591546400536E-16, 0.000000000000000000, -1.000000000000000000 ) ) ;
#1858 = EDGE_CURVE ( 'NONE', #1591, #1518, #392, .T. ) ;
#1859 = EDGE_LOOP ( 'NONE', ( #2674, #2066 ) ) ;
#1860 = CARTESIAN_POINT ( 'NONE',  ( 14.56925219810040062, 7.000000000000002665, -15.00000000000000000 ) ) ;
#1861 = CARTESIAN_POINT ( 'NONE',  ( 19.56925219810040062, 7.000000000000002665, -15.00000000000000000 ) ) ;
#1862 = DIRECTION ( 'NONE',  ( -0.000000000000000000, 1.000000000000000000, -0.000000000000000000 ) ) ;
#1863 = DIRECTION ( 'NONE',  ( 0.000000000000000000, 0.000000000000000000, 1.000000000000000000 ) ) ;
#1864 = CC_DESIGN_PERSON_AND_ORGANIZATION_ASSIGNMENT ( #2376, #1784, ( #2257 ) ) ;
#1865 = EDGE_LOOP ( 'NONE', ( #1256, #817 ) ) ;
#1866 = CIRCLE ( 'NONE', #2313, 14.09999999999996589 ) ;
#1867 = ORIENTED_EDGE ( 'NONE', *, *, #1741, .F. ) ;
#1868 = DIRECTION ( 'NONE',  ( 1.000000000000000000, 0.000000000000000000, 0.000000000000000000 ) ) ;
#1869 = EDGE_CURVE ( 'NONE', #1182, #204, #543, .T. ) ;
#1870 = VECTOR ( 'NONE', #1544, 1000.000000000000000 ) ;
#1871 = CARTESIAN_POINT ( 'NONE',  ( -7.700000000000039257, 20.00000000000000000, 5.036784605883435795 ) ) ;
#1872 = VERTEX_POINT ( 'NONE', #1578 ) ;
#1873 = VECTOR ( 'NONE', #266, 1000.000000000000000 ) ;
#1874 = AXIS2_PLACEMENT_3D ( 'NONE', #304, #106, #732 ) ;
#1875 = EDGE_CURVE ( 'NONE', #1914, #1551, #809, .T. ) ;
#1876 = EDGE_CURVE ( 'NONE', #1514, #798, #1370, .T. ) ;
#1877 = CARTESIAN_POINT ( 'NONE',  ( 0.000000000000000000, 2.000000000000001776, 0.000000000000000000 ) ) ;
#1878 = VECTOR ( 'NONE', #1077, 1000.000000000000000 ) ;
#1879 = DIRECTION ( 'NONE',  ( -1.000000000000000000, 0.000000000000000000, 0.000000000000000000 ) ) ;
#1880 = DIRECTION ( 'NONE',  ( 0.000000000000000000, -0.000000000000000000, -1.000000000000000000 ) ) ;
#1881 = ORIENTED_EDGE ( 'NONE', *, *, #2704, .T. ) ;
#1882 = ORIENTED_EDGE ( 'NONE', *, *, #83, .F. ) ;
#1883 = DIRECTION ( 'NONE',  ( -0.000000000000000000, -1.000000000000000000, -0.000000000000000000 ) ) ;
#1884 = CARTESIAN_POINT ( 'NONE',  ( 0.000000000000000000, 20.00000000000000000, 17.50000000000000000 ) ) ;
#1885 = LOCAL_TIME ( 18, 7, 43.00000000000000000, #1287 ) ;
#1886 = ORIENTED_EDGE ( 'NONE', *, *, #1837, .T. ) ;
#1887 = ORIENTED_EDGE ( 'NONE', *, *, #420, .F. ) ;
#1888 = LINE ( 'NONE', #2308, #379 ) ;
#1889 = EDGE_CURVE ( 'NONE', #1492, #1606, #1161, .T. ) ;
#1890 = VECTOR ( 'NONE', #1216, 1000.000000000000000 ) ;
#1891 = DIRECTION ( 'NONE',  ( 0.000000000000000000, 0.000000000000000000, 1.000000000000000000 ) ) ;
#1892 = CARTESIAN_POINT ( 'NONE',  ( 19.56925219810040062, 7.000000000000002665, -18.00000000000000000 ) ) ;
#1893 = LINE ( 'NONE', #815, #1916 ) ;
#1894 = VERTEX_POINT ( 'NONE', #2214 ) ;
#1895 = VECTOR ( 'NONE', #2621, 1000.000000000000000 ) ;
#1896 = ORIENTED_EDGE ( 'NONE', *, *, #697, .T. ) ;
#1897 = CARTESIAN_POINT ( 'NONE',  ( -12.59999999999995879, 7.000000000000001776, -12.99999999999999822 ) ) ;
#1898 = VECTOR ( 'NONE', #1093, 1000.000000000000000 ) ;
#1899 = DIRECTION ( 'NONE',  ( 0.000000000000000000, 1.000000000000000000, 0.000000000000000000 ) ) ;
#1900 = ORIENTED_EDGE ( 'NONE', *, *, #706, .T. ) ;
#1901 = EDGE_CURVE ( 'NONE', #10, #1346, #2651, .T. ) ;
#1902 = ORIENTED_EDGE ( 'NONE', *, *, #120, .T. ) ;
#1903 = CARTESIAN_POINT ( 'NONE',  ( -16.09999999999995879, 17.00000000000000000, 0.000000000000000000 ) ) ;
#1904 = EDGE_CURVE ( 'NONE', #87, #1137, #1592, .T. ) ;
#1905 = FACE_OUTER_BOUND ( 'NONE', #1491, .T. ) ;
#1906 = CARTESIAN_POINT ( 'NONE',  ( -10.59999999999993925, 2.000000000000001776, 18.00000000000000000 ) ) ;
#1907 = CARTESIAN_POINT ( 'NONE',  ( 11.56229486175719501, 17.00000000000000000, 11.20371980771486342 ) ) ;
#1908 = CYLINDRICAL_SURFACE ( 'NONE', #231, 1.500000000000001332 ) ;
#1909 = ORIENTED_EDGE ( 'NONE', *, *, #1646, .F. ) ;
#1910 = CYLINDRICAL_SURFACE ( 'NONE', #1811, 16.09999999999995879 ) ;
#1911 = CARTESIAN_POINT ( 'NONE',  ( 0.000000000000000000, 17.00000000000000000, 0.000000000000000000 ) ) ;
#1912 = DIRECTION ( 'NONE',  ( -0.000000000000000000, -0.000000000000000000, 1.000000000000000000 ) ) ;
#1913 = EDGE_CURVE ( 'NONE', #1070, #710, #541, .T. ) ;
#1914 = VERTEX_POINT ( 'NONE', #2229 ) ;
#1915 = EDGE_CURVE ( 'NONE', #2455, #922, #323, .T. ) ;
#1916 = VECTOR ( 'NONE', #1240, 1000.000000000000000 ) ;
#1917 = AXIS2_PLACEMENT_3D ( 'NONE', #836, #1673, #1079 ) ;
#1918 = ADVANCED_FACE ( 'NONE', ( #1196 ), #1472, .F. ) ;
#1919 = VECTOR ( 'NONE', #1555, 1000.000000000000000 ) ;
#1920 = DIRECTION ( 'NONE',  ( 0.000000000000000000, -0.000000000000000000, -1.000000000000000000 ) ) ;
#1921 = EDGE_CURVE ( 'NONE', #1149, #1086, #769, .T. ) ;
#1922 = CYLINDRICAL_SURFACE ( 'NONE', #684, 5.000000000000000888 ) ;
#1923 = DIRECTION ( 'NONE',  ( 0.000000000000000000, 1.000000000000000000, -0.000000000000000000 ) ) ;
#1924 = DIRECTION ( 'NONE',  ( 0.000000000000000000, 1.000000000000000000, 0.000000000000000000 ) ) ;
#1925 = VECTOR ( 'NONE', #1396, 1000.000000000000000 ) ;
#1926 = ORIENTED_EDGE ( 'NONE', *, *, #148, .F. ) ;
#1927 = VERTEX_POINT ( 'NONE', #2108 ) ;
#1928 = CARTESIAN_POINT ( 'NONE',  ( 19.56925219810040417, 19.00000000000000000, -8.818471051988961307 ) ) ;
#1929 = DIRECTION ( 'NONE',  ( 0.000000000000000000, 0.000000000000000000, 1.000000000000000000 ) ) ;
#1930 = FACE_OUTER_BOUND ( 'NONE', #607, .T. ) ;
#1931 = ORIENTED_EDGE ( 'NONE', *, *, #160, .F. ) ;
#1932 = ADVANCED_FACE ( 'NONE', ( #147 ), #1839, .T. ) ;
#1933 = ORIENTED_EDGE ( 'NONE', *, *, #2420, .T. ) ;
#1934 = CARTESIAN_POINT ( 'NONE',  ( 19.56925219810040062, 2.000000000000001776, 15.00000000000000000 ) ) ;
#1935 = EDGE_CURVE ( 'NONE', #1438, #361, #2296, .T. ) ;
#1936 = VERTEX_POINT ( 'NONE', #1502 ) ;
#1937 = CARTESIAN_POINT ( 'NONE',  ( -5.599999999999938360, 7.000000000000001776, 0.000000000000000000 ) ) ;
#1938 = DIRECTION ( 'NONE',  ( 0.000000000000000000, 0.000000000000000000, -1.000000000000000000 ) ) ;
#1939 = LINE ( 'NONE', #32, #2531 ) ;
#1940 = ORIENTED_EDGE ( 'NONE', *, *, #593, .T. ) ;
#1941 = ADVANCED_FACE ( 'NONE', ( #1073 ), #1098, .F. ) ;
#1942 = ORIENTED_EDGE ( 'NONE', *, *, #2489, .T. ) ;
#1943 = DIRECTION ( 'NONE',  ( 0.000000000000000000, 0.000000000000000000, -1.000000000000000000 ) ) ;
#1944 = VECTOR ( 'NONE', #2264, 1000.000000000000000 ) ;
#1945 = DIRECTION ( 'NONE',  ( 0.000000000000000000, 1.000000000000000000, 0.000000000000000000 ) ) ;
#1946 = ORIENTED_EDGE ( 'NONE', *, *, #2006, .F. ) ;
#1947 = EDGE_LOOP ( 'NONE', ( #727, #476, #1432, #935 ) ) ;
#1948 = VECTOR ( 'NONE', #584, 1000.000000000000000 ) ;
#1949 = EDGE_CURVE ( 'NONE', #2126, #170, #2344, .T. ) ;
#1950 = DIRECTION ( 'NONE',  ( -0.000000000000000000, -1.000000000000000000, 0.000000000000000000 ) ) ;
#1951 = ORIENTED_EDGE ( 'NONE', *, *, #750, .T. ) ;
#1952 = CARTESIAN_POINT ( 'NONE',  ( -16.09999999999995879, 17.00000000000000000, 0.000000000000000000 ) ) ;
#1953 = FACE_OUTER_BOUND ( 'NONE', #518, .T. ) ;
#1954 = DIRECTION ( 'NONE',  ( 1.000000000000000000, -0.000000000000000000, 0.000000000000000000 ) ) ;
#1955 = VERTEX_POINT ( 'NONE', #497 ) ;
#1956 = DIRECTION ( 'NONE',  ( 0.000000000000000000, 1.000000000000000000, -0.000000000000000000 ) ) ;
#1957 = EDGE_CURVE ( 'NONE', #1017, #67, #1340, .T. ) ;
#1958 = DIRECTION ( 'NONE',  ( 1.000000000000000000, 0.000000000000000000, 0.000000000000000000 ) ) ;
#1959 = CARTESIAN_POINT ( 'NONE',  ( 13.06925219810040417, 7.000000000000001776, 12.99999999999999822 ) ) ;
#1960 = ORIENTED_EDGE ( 'NONE', *, *, #1736, .F. ) ;
#1961 = EDGE_CURVE ( 'NONE', #1914, #2094, #2185, .T. ) ;
#1962 = CALENDAR_DATE ( 2026, 20, 6 ) ;
#1963 = CIRCLE ( 'NONE', #371, 1.500000000000001332 ) ;
#1964 = CARTESIAN_POINT ( 'NONE',  ( 19.56925219810040417, 20.00000000000000000, -3.020285571402461003E-15 ) ) ;
#1965 = AXIS2_PLACEMENT_3D ( 'NONE', #1049, #1891, #165 ) ;
#1966 = CARTESIAN_POINT ( 'NONE',  ( -11.09999999999995701, 7.000000000000001776, -12.99999999999999822 ) ) ;
#1967 = EDGE_LOOP ( 'NONE', ( #167, #1474, #755 ) ) ;
#1968 = CIRCLE ( 'NONE', #787, 16.09999999999994458 ) ;
#1969 = ADVANCED_FACE ( 'NONE', ( #2155 ), #929, .F. ) ;
#1970 = CARTESIAN_POINT ( 'NONE',  ( -16.09999999999995879, 17.00000000000000000, 18.00000000000000000 ) ) ;
#1971 = CARTESIAN_POINT ( 'NONE',  ( 5.599999999999938360, 9.000000000000000000, -15.00000000000000000 ) ) ;
#1972 = CARTESIAN_POINT ( 'NONE',  ( 0.000000000000000000, 19.00000000000000000, 17.50000000000000000 ) ) ;
#1973 = ORIENTED_EDGE ( 'NONE', *, *, #2493, .T. ) ;
#1974 = AXIS2_PLACEMENT_3D ( 'NONE', #1103, #14, #1064 ) ;
#1975 = DIRECTION ( 'NONE',  ( 0.000000000000000000, 1.000000000000000000, 0.000000000000000000 ) ) ;
#1976 = CYLINDRICAL_SURFACE ( 'NONE', #2043, 2.000000000000000000 ) ;
#1977 = VECTOR ( 'NONE', #966, 1000.000000000000000 ) ;
#1978 = VERTEX_POINT ( 'NONE', #1706 ) ;
#1979 = VERTEX_POINT ( 'NONE', #2546 ) ;
#1980 = ORIENTED_EDGE ( 'NONE', *, *, #2730, .F. ) ;
#1981 = CYLINDRICAL_SURFACE ( 'NONE', #1042, 1.500000000000001332 ) ;
#1982 = ORIENTED_EDGE ( 'NONE', *, *, #2323, .T. ) ;
#1983 = FACE_OUTER_BOUND ( 'NONE', #1207, .T. ) ;
#1984 = DIRECTION ( 'NONE',  ( 0.000000000000000000, 1.000000000000000000, -0.000000000000000000 ) ) ;
#1985 = CARTESIAN_POINT ( 'NONE',  ( 17.56925219810040417, 9.000000000000000000, -3.298553429276184719E-15 ) ) ;
#1986 = EDGE_CURVE ( 'NONE', #2054, #127, #1765, .T. ) ;
#1987 = VERTEX_POINT ( 'NONE', #1750 ) ;
#1988 = LINE ( 'NONE', #572, #336 ) ;
#1989 = VERTEX_POINT ( 'NONE', #1085 ) ;
#1990 = ORIENTED_EDGE ( 'NONE', *, *, #961, .F. ) ;
#1991 = CIRCLE ( 'NONE', #2335, 5.599999999999938360 ) ;
#1992 = ORIENTED_EDGE ( 'NONE', *, *, #1764, .F. ) ;
#1993 = AXIS2_PLACEMENT_3D ( 'NONE', #870, #53, #2124 ) ;
#1994 = DIRECTION ( 'NONE',  ( -0.000000000000000000, -1.000000000000000000, -0.000000000000000000 ) ) ;
#1995 = CARTESIAN_POINT ( 'NONE',  ( 0.000000000000000000, 9.000000000000000000, 0.000000000000000000 ) ) ;
#1996 = ORIENTED_EDGE ( 'NONE', *, *, #1150, .T. ) ;
#1997 = ADVANCED_FACE ( 'NONE', ( #659 ), #1296, .T. ) ;
#1998 = FACE_OUTER_BOUND ( 'NONE', #1099, .T. ) ;
#1999 = LINE ( 'NONE', #1985, #2061 ) ;
#2000 = EDGE_LOOP ( 'NONE', ( #1848, #1566, #726, #2474, #1201, #2151, #196, #642, #882 ) ) ;
#2001 = DIRECTION ( 'NONE',  ( -1.000000000000000000, 0.000000000000000000, 1.543383232444437376E-16 ) ) ;
#2002 = DIRECTION ( 'NONE',  ( -0.000000000000000000, 0.000000000000000000, 1.000000000000000000 ) ) ;
#2003 = EDGE_LOOP ( 'NONE', ( #146, #2034, #2442, #1833 ) ) ;
#2004 = ADVANCED_FACE ( 'NONE', ( #253 ), #38, .T. ) ;
#2005 = LINE ( 'NONE', #782, #1944 ) ;
#2006 = EDGE_CURVE ( 'NONE', #539, #98, #1643, .T. ) ;
#2007 = CARTESIAN_POINT ( 'NONE',  ( -16.09999999999995879, 2.000000000000001776, -15.00000000000000000 ) ) ;
#2008 = PLANE ( 'NONE',  #2718 ) ;
#2009 = VECTOR ( 'NONE', #95, 1000.000000000000000 ) ;
#2010 = ORIENTED_EDGE ( 'NONE', *, *, #2437, .T. ) ;
#2011 = AXIS2_PLACEMENT_3D ( 'NONE', #1467, #606, #638 ) ;
#2012 = CARTESIAN_POINT ( 'NONE',  ( 0.000000000000000000, 2.000000000000001776, 0.000000000000000000 ) ) ;
#2013 = PERSON ( 'UNSPECIFIED', 'UNSPECIFIED', 'UNSPECIFIED', ('UNSPECIFIED'), ('UNSPECIFIED'), ('UNSPECIFIED') ) ;
#2014 = LINE ( 'NONE', #2382, #873 ) ;
#2015 = PLANE ( 'NONE',  #2358 ) ;
#2016 = EDGE_CURVE ( 'NONE', #2666, #2139, #2340, .T. ) ;
#2017 = VECTOR ( 'NONE', #385, 1000.000000000000000 ) ;
#2018 = ORIENTED_EDGE ( 'NONE', *, *, #906, .T. ) ;
#2019 = CARTESIAN_POINT ( 'NONE',  ( 5.599999999999937472, 2.000000000000001776, -18.00000000000000000 ) ) ;
#2020 = CIRCLE ( 'NONE', #240, 14.09999999999995879 ) ;
#2021 = LINE ( 'NONE', #84, #1695 ) ;
#2022 = ORIENTED_EDGE ( 'NONE', *, *, #2414, .F. ) ;
#2023 = AXIS2_PLACEMENT_3D ( 'NONE', #1006, #2505, #2671 ) ;
#2024 = CARTESIAN_POINT ( 'NONE',  ( -5.599999999999938360, 9.000000000000000000, 0.000000000000000000 ) ) ;
#2025 = ADVANCED_FACE ( 'NONE', ( #1930 ), #1976, .F. ) ;
#2026 = ORIENTED_EDGE ( 'NONE', *, *, #402, .F. ) ;
#2027 = AXIS2_PLACEMENT_3D ( 'NONE', #1995, #89, #271 ) ;
#2028 = FACE_OUTER_BOUND ( 'NONE', #669, .T. ) ;
#2029 = ORIENTED_EDGE ( 'NONE', *, *, #2348, .T. ) ;
#2030 = DIRECTION ( 'NONE',  ( 0.000000000000000000, 1.000000000000000000, 0.000000000000000000 ) ) ;
#2031 = SECURITY_CLASSIFICATION ( '', '', #546 ) ;
#2032 = PLANE ( 'NONE',  #2417 ) ;
#2033 = CARTESIAN_POINT ( 'NONE',  ( 14.56925219810040595, 7.000000000000001776, 18.00000000000000000 ) ) ;
#2034 = ORIENTED_EDGE ( 'NONE', *, *, #2432, .F. ) ;
#2035 = CARTESIAN_POINT ( 'NONE',  ( 0.000000000000000000, 13.99999999999999822, 0.000000000000000000 ) ) ;
#2036 = ORIENTED_EDGE ( 'NONE', *, *, #1711, .T. ) ;
#2037 = CYLINDRICAL_SURFACE ( 'NONE', #2434, 14.09999999999993570 ) ;
#2038 = ORIENTED_EDGE ( 'NONE', *, *, #2016, .T. ) ;
#2039 = AXIS2_PLACEMENT_3D ( 'NONE', #357, #99, #808 ) ;
#2040 = CARTESIAN_POINT ( 'NONE',  ( -9.599999999999955236, 7.000000000000001776, 18.00000000000000000 ) ) ;
#2041 = VECTOR ( 'NONE', #1400, 1000.000000000000000 ) ;
#2042 = ORIENTED_EDGE ( 'NONE', *, *, #198, .F. ) ;
#2043 = AXIS2_PLACEMENT_3D ( 'NONE', #23, #885, #1720 ) ;
#2044 = DIRECTION ( 'NONE',  ( 0.000000000000000000, 0.000000000000000000, 1.000000000000000000 ) ) ;
#2045 = DIRECTION ( 'NONE',  ( 0.000000000000000000, 0.000000000000000000, 1.000000000000000000 ) ) ;
#2046 = PLANE ( 'NONE',  #1303 ) ;
#2047 = ORIENTED_EDGE ( 'NONE', *, *, #2704, .F. ) ;
#2048 = FACE_OUTER_BOUND ( 'NONE', #481, .T. ) ;
#2049 = ADVANCED_FACE ( 'NONE', ( #2559 ), #1517, .F. ) ;
#2050 = ORIENTED_EDGE ( 'NONE', *, *, #2644, .T. ) ;
#2051 = CARTESIAN_POINT ( 'NONE',  ( 0.000000000000000000, 13.99999999999999822, 0.000000000000000000 ) ) ;
#2052 = ADVANCED_FACE ( 'NONE', ( #1313 ), #1733, .F. ) ;
#2053 = DIRECTION ( 'NONE',  ( 0.000000000000000000, 1.000000000000000000, -0.000000000000000000 ) ) ;
#2054 = VERTEX_POINT ( 'NONE', #1146 ) ;
#2055 = FACE_OUTER_BOUND ( 'NONE', #295, .T. ) ;
#2056 = LINE ( 'NONE', #2295, #793 ) ;
#2057 = ORIENTED_EDGE ( 'NONE', *, *, #1858, .F. ) ;
#2058 = AXIS2_PLACEMENT_3D ( 'NONE', #1163, #354, #2622 ) ;
#2059 = DIRECTION ( 'NONE',  ( 1.000000000000000000, 0.000000000000000000, 0.000000000000000000 ) ) ;
#2060 = FACE_OUTER_BOUND ( 'NONE', #1284, .T. ) ;
#2061 = VECTOR ( 'NONE', #93, 1000.000000000000000 ) ;
#2062 = EDGE_LOOP ( 'NONE', ( #2470, #136, #820, #1596, #286, #412, #901, #2642, #487 ) ) ;
#2063 = EDGE_LOOP ( 'NONE', ( #887, #1535 ) ) ;
#2064 = AXIS2_PLACEMENT_3D ( 'NONE', #2558, #2398, #508 ) ;
#2065 = DIRECTION ( 'NONE',  ( 0.000000000000000000, 0.000000000000000000, 1.000000000000000000 ) ) ;
#2066 = ORIENTED_EDGE ( 'NONE', *, *, #2610, .T. ) ;
#2067 = AXIS2_PLACEMENT_3D ( 'NONE', #2633, #1984, #1192 ) ;
#2068 = CARTESIAN_POINT ( 'NONE',  ( 19.56925219810040062, 17.00000000000000000, 18.00000000000000000 ) ) ;
#2069 = DIRECTION ( 'NONE',  ( 1.000000000000000000, 0.000000000000000000, 0.000000000000000000 ) ) ;
#2070 = CARTESIAN_POINT ( 'NONE',  ( 17.56925219810040417, 9.000000000000001776, 8.106894137130931099 ) ) ;
#2071 = ADVANCED_FACE ( 'NONE', ( #2400 ), #510, .F. ) ;
#2072 = DIRECTION ( 'NONE',  ( 0.000000000000000000, 0.000000000000000000, 1.000000000000000000 ) ) ;
#2073 = VERTEX_POINT ( 'NONE', #1892 ) ;
#2074 = DIRECTION ( 'NONE',  ( 0.000000000000000000, 0.000000000000000000, 1.000000000000000000 ) ) ;
#2075 = CC_DESIGN_DATE_AND_TIME_ASSIGNMENT ( #57, #1328, ( #2031 ) ) ;
#2076 = CARTESIAN_POINT ( 'NONE',  ( -11.09999999999995701, 7.000000000000001776, 18.00000000000000000 ) ) ;
#2077 = VECTOR ( 'NONE', #2314, 1000.000000000000000 ) ;
#2078 = DIRECTION ( 'NONE',  ( 0.000000000000000000, -1.000000000000000000, 0.000000000000000000 ) ) ;
#2079 = CARTESIAN_POINT ( 'NONE',  ( 17.56925219810040417, 9.000000000000000000, 9.203719807714863421 ) ) ;
#2080 = DIRECTION ( 'NONE',  ( 0.000000000000000000, -0.000000000000000000, -1.000000000000000000 ) ) ;
#2081 = AXIS2_PLACEMENT_3D ( 'NONE', #1291, #666, #2552 ) ;
#2082 = EDGE_LOOP ( 'NONE', ( #2692, #498, #1694, #2161 ) ) ;
#2083 = DIRECTION ( 'NONE',  ( 0.000000000000000000, 0.000000000000000000, 1.000000000000000000 ) ) ;
#2084 = LINE ( 'NONE', #360, #2361 ) ;
#2085 = LINE ( 'NONE', #1247, #1661 ) ;
#2086 = CARTESIAN_POINT ( 'NONE',  ( -5.599999999999938360, 20.00000000000000000, 17.50000000000000000 ) ) ;
#2087 = FACE_BOUND ( 'NONE', #2063, .T. ) ;
#2088 = EDGE_LOOP ( 'NONE', ( #73, #1112, #1648, #533 ) ) ;
#2089 = VECTOR ( 'NONE', #522, 1000.000000000000000 ) ;
#2090 = EDGE_LOOP ( 'NONE', ( #2460, #2589, #1887, #1647 ) ) ;
#2091 = LINE ( 'NONE', #193, #2077 ) ;
#2092 = CIRCLE ( 'NONE', #912, 5.000000000000000000 ) ;
#2093 = CARTESIAN_POINT ( 'NONE',  ( 5.848931526355816146, 9.000000000000000000, 15.00000000000000000 ) ) ;
#2094 = VERTEX_POINT ( 'NONE', #2366 ) ;
#2095 = VERTEX_POINT ( 'NONE', #2337 ) ;
#2096 = CLOSED_SHELL ( 'NONE', ( #2290, #670, #1659, #370, #1941, #1918, #290, #2025, #2004, #477, #1717, #1997, #1557, #1849, #1567, #634, #835, #375, #2549, #586, #1133, #2144, #2122, #1420, #445, #872, #2071, #1505, #771, #56, #168, #2465, #72, #36, #2049, #2217, #2685, #947, #2613, #492, #1969, #1932, #723, #1466, #1027, #2484, #137, #695, #1529, #1124, #2582, #860, #1148, #615, #49, #2132, #1274, #789, #1169, #888, #1364, #1083, #516, #1442, #580, #563, #2052, #2410, #2498, #2242, #1233, #424, #2388, #846, #1183, #1404, #2213, #2249, #2596 ) ) ;
#2097 = EDGE_CURVE ( 'NONE', #2133, #2724, #2325, .T. ) ;
#2098 = CARTESIAN_POINT ( 'NONE',  ( 0.000000000000000000, 17.00000000000000000, 0.000000000000000000 ) ) ;
#2099 = DIRECTION ( 'NONE',  ( 0.000000000000000000, 0.000000000000000000, 1.000000000000000000 ) ) ;
#2100 = EDGE_CURVE ( 'NONE', #1492, #798, #2130, .T. ) ;
#2101 = CARTESIAN_POINT ( 'NONE',  ( 11.49204000556680683, 9.000000000000000000, -11.27577121577278163 ) ) ;
#2102 = DIRECTION ( 'NONE',  ( 0.000000000000000000, 1.000000000000000000, -0.000000000000000000 ) ) ;
#2103 = VERTEX_POINT ( 'NONE', #2101 ) ;
#2104 = EDGE_LOOP ( 'NONE', ( #766, #1767, #886, #1669 ) ) ;
#2105 = DIRECTION ( 'NONE',  ( 0.000000000000000000, 1.000000000000000000, 0.000000000000000000 ) ) ;
#2106 = DIRECTION ( 'NONE',  ( 1.000000000000000000, -0.000000000000000000, 0.000000000000000000 ) ) ;
#2107 = CC_DESIGN_APPROVAL ( #1091, ( #816 ) ) ;
#2108 = CARTESIAN_POINT ( 'NONE',  ( -12.59999999999995879, 7.000000000000001776, 18.00000000000000000 ) ) ;
#2109 = EDGE_LOOP ( 'NONE', ( #2212, #1703, #77, #1341, #1147, #2607 ) ) ;
#2110 = ORIENTED_EDGE ( 'NONE', *, *, #1033, .F. ) ;
#2111 = EDGE_CURVE ( 'NONE', #2429, #480, #440, .T. ) ;
#2112 = CARTESIAN_POINT ( 'NONE',  ( 5.599999999999937472, 17.00000000000000000, 18.00000000000000000 ) ) ;
#2113 = CIRCLE ( 'NONE', #171, 1.500000000000001332 ) ;
#2114 = PLANE ( 'NONE',  #1521 ) ;
#2115 = EDGE_CURVE ( 'NONE', #627, #1504, #201, .T. ) ;
#2116 = DIRECTION ( 'NONE',  ( 0.000000000000000000, 0.000000000000000000, 1.000000000000000000 ) ) ;
#2117 = LINE ( 'NONE', #1546, #509 ) ;
#2118 = ORIENTED_EDGE ( 'NONE', *, *, #306, .F. ) ;
#2119 = CIRCLE ( 'NONE', #1330, 5.600000000000067146 ) ;
#2120 = FACE_OUTER_BOUND ( 'NONE', #104, .T. ) ;
#2121 = CIRCLE ( 'NONE', #1063, 3.599999999999936584 ) ;
#2122 = ADVANCED_FACE ( 'NONE', ( #2350 ), #2164, .F. ) ;
#2123 = DIRECTION ( 'NONE',  ( 1.000000000000000000, 0.000000000000000000, 0.000000000000000000 ) ) ;
#2124 = DIRECTION ( 'NONE',  ( 1.000000000000000000, 0.000000000000000000, 0.000000000000000000 ) ) ;
#2125 = ORIENTED_EDGE ( 'NONE', *, *, #2619, .F. ) ;
#2126 = VERTEX_POINT ( 'NONE', #1277 ) ;
#2127 = EDGE_CURVE ( 'NONE', #1462, #2054, #2121, .T. ) ;
#2128 = LINE ( 'NONE', #1522, #340 ) ;
#2129 = CARTESIAN_POINT ( 'NONE',  ( -16.09999999999995879, 20.00000000000000000, -18.00000000000000000 ) ) ;
#2130 = LINE ( 'NONE', #248, #1209 ) ;
#2131 = LINE ( 'NONE', #229, #1032 ) ;
#2132 = ADVANCED_FACE ( 'NONE', ( #1321, #31 ), #895, .F. ) ;
#2133 = VERTEX_POINT ( 'NONE', #2580 ) ;
#2134 = ORIENTED_EDGE ( 'NONE', *, *, #2446, .T. ) ;
#2135 = LINE ( 'NONE', #2556, #936 ) ;
#2136 = DIRECTION ( 'NONE',  ( 0.000000000000000000, 1.000000000000000000, -0.000000000000000000 ) ) ;
#2137 = DIRECTION ( 'NONE',  ( -0.000000000000000000, -1.000000000000000000, -0.000000000000000000 ) ) ;
#2138 = ORIENTED_EDGE ( 'NONE', *, *, #2372, .T. ) ;
#2139 = VERTEX_POINT ( 'NONE', #849 ) ;
#2140 = CIRCLE ( 'NONE', #956, 1.500000000000001332 ) ;
#2141 = CARTESIAN_POINT ( 'NONE',  ( 3.599999999999936584, 13.99999999999999822, 13.63268132100208874 ) ) ;
#2142 = VECTOR ( 'NONE', #1496, 1000.000000000000000 ) ;
#2143 = DIRECTION ( 'NONE',  ( 0.000000000000000000, 1.000000000000000000, -0.000000000000000000 ) ) ;
#2144 = ADVANCED_FACE ( 'NONE', ( #1953 ), #474, .F. ) ;
#2145 = ORIENTED_EDGE ( 'NONE', *, *, #1904, .T. ) ;
#2146 = AXIS2_PLACEMENT_3D ( 'NONE', #2258, #1454, #1615 ) ;
#2147 = DIRECTION ( 'NONE',  ( 1.000000000000000000, 0.000000000000000000, 0.000000000000000000 ) ) ;
#2148 = LINE ( 'NONE', #1728, #893 ) ;
#2149 = DIRECTION ( 'NONE',  ( 6.240078075933507005E-15, -0.000000000000000000, 1.000000000000000000 ) ) ;
#2150 = AXIS2_PLACEMENT_3D ( 'NONE', #1381, #2210, #92 ) ;
#2151 = ORIENTED_EDGE ( 'NONE', *, *, #1114, .T. ) ;
#2152 = ORIENTED_EDGE ( 'NONE', *, *, #327, .T. ) ;
#2153 = EDGE_CURVE ( 'NONE', #2291, #223, #811, .T. ) ;
#2154 = CARTESIAN_POINT ( 'NONE',  ( -12.59999999999995879, 7.000000000000001776, -15.00000000000000000 ) ) ;
#2155 = FACE_OUTER_BOUND ( 'NONE', #17, .T. ) ;
#2156 = ORIENTED_EDGE ( 'NONE', *, *, #972, .T. ) ;
#2157 = ORIENTED_EDGE ( 'NONE', *, *, #629, .T. ) ;
#2158 = CARTESIAN_POINT ( 'NONE',  ( -7.700000000000040146, 20.00000000000000000, -5.036784605883437571 ) ) ;
#2159 = APPROVAL_PERSON_ORGANIZATION ( #1130, #610, #977 ) ;
#2160 = DIRECTION ( 'NONE',  ( -0.000000000000000000, -0.000000000000000000, 1.000000000000000000 ) ) ;
#2161 = ORIENTED_EDGE ( 'NONE', *, *, #1753, .T. ) ;
#2162 = APPROVAL ( #117, 'UNSPECIFIED' ) ;
#2163 = LINE ( 'NONE', #894, #2240 ) ;
#2164 = PLANE ( 'NONE',  #2174 ) ;
#2165 = CARTESIAN_POINT ( 'NONE',  ( 14.56925219810040595, 2.000000000000001776, 18.00000000000000000 ) ) ;
#2166 = VERTEX_POINT ( 'NONE', #1685 ) ;
#2167 = LINE ( 'NONE', #720, #2268 ) ;
#2168 = CARTESIAN_POINT ( 'NONE',  ( 14.56925219810040595, 7.000000000000001776, 12.99999999999999822 ) ) ;
#2169 = VECTOR ( 'NONE', #2433, 1000.000000000000000 ) ;
#2170 = DIRECTION ( 'NONE',  ( 0.000000000000000000, 0.000000000000000000, 1.000000000000000000 ) ) ;
#2171 = VERTEX_POINT ( 'NONE', #2530 ) ;
#2172 = VECTOR ( 'NONE', #1716, 1000.000000000000000 ) ;
#2173 = DATE_AND_TIME ( #1752, #1885 ) ;
#2174 = AXIS2_PLACEMENT_3D ( 'NONE', #409, #1938, #2735 ) ;
#2175 = EDGE_CURVE ( 'NONE', #1053, #1272, #261, .T. ) ;
#2176 = LINE ( 'NONE', #1585, #188 ) ;
#2177 = DIRECTION ( 'NONE',  ( 1.877458068268167797E-16, 0.000000000000000000, 1.000000000000000000 ) ) ;
#2178 = ORIENTED_EDGE ( 'NONE', *, *, #1426, .T. ) ;
#2179 = DIRECTION ( 'NONE',  ( 1.000000000000000000, 0.000000000000000000, 0.000000000000000000 ) ) ;
#2180 = CARTESIAN_POINT ( 'NONE',  ( -16.09999999999995879, 2.000000000000001776, -15.00000000000000000 ) ) ;
#2181 = FACE_OUTER_BOUND ( 'NONE', #1115, .T. ) ;
#2182 = VERTEX_POINT ( 'NONE', #1305 ) ;
#2183 = CARTESIAN_POINT ( 'NONE',  ( 14.56925219810040595, 2.000000000000001776, 18.00000000000000000 ) ) ;
#2184 = FACE_OUTER_BOUND ( 'NONE', #245, .T. ) ;
#2185 = LINE ( 'NONE', #1959, #212 ) ;
#2186 = ORIENTED_EDGE ( 'NONE', *, *, #157, .F. ) ;
#2187 = CALENDAR_DATE ( 2026, 20, 6 ) ;
#2188 = ORIENTED_EDGE ( 'NONE', *, *, #1813, .F. ) ;
#2189 = CIRCLE ( 'NONE', #1658, 5.036784605883436683 ) ;
#2190 = EDGE_CURVE ( 'NONE', #204, #1978, #910, .T. ) ;
#2191 = VECTOR ( 'NONE', #2030, 1000.000000000000000 ) ;
#2192 = DIRECTION ( 'NONE',  ( -0.000000000000000000, -0.000000000000000000, 1.000000000000000000 ) ) ;
#2193 = VERTEX_POINT ( 'NONE', #1744 ) ;
#2194 = AXIS2_PLACEMENT_3D ( 'NONE', #658, #2136, #2343 ) ;
#2195 = FACE_OUTER_BOUND ( 'NONE', #714, .T. ) ;
#2196 = CARTESIAN_POINT ( 'NONE',  ( -7.700000000000039257, 20.00000000000000000, 5.036784605883435795 ) ) ;
#2197 = CARTESIAN_POINT ( 'NONE',  ( -5.599999999999938360, 9.000000000000000000, -12.94024729284566355 ) ) ;
#2198 = VERTEX_POINT ( 'NONE', #1907 ) ;
#2199 = EDGE_CURVE ( 'NONE', #2526, #2216, #2148, .T. ) ;
#2200 = DIRECTION ( 'NONE',  ( 0.000000000000000000, 1.000000000000000000, -0.000000000000000000 ) ) ;
#2201 = VECTOR ( 'NONE', #1260, 1000.000000000000000 ) ;
#2202 = CARTESIAN_POINT ( 'NONE',  ( 0.000000000000000000, 17.00000000000000000, 0.000000000000000000 ) ) ;
#2203 = DIRECTION ( 'NONE',  ( 0.000000000000000000, 0.000000000000000000, -1.000000000000000000 ) ) ;
#2204 = VERTEX_POINT ( 'NONE', #701 ) ;
#2205 = ORIENTED_EDGE ( 'NONE', *, *, #1623, .T. ) ;
#2206 = EDGE_CURVE ( 'NONE', #2133, #583, #2438, .T. ) ;
#2207 = FACE_OUTER_BOUND ( 'NONE', #1189, .T. ) ;
#2208 = DIRECTION ( 'NONE',  ( -0.000000000000000000, -1.000000000000000000, -0.000000000000000000 ) ) ;
#2209 = ORIENTED_EDGE ( 'NONE', *, *, #1935, .T. ) ;
#2210 = DIRECTION ( 'NONE',  ( 0.000000000000000000, 1.000000000000000000, -0.000000000000000000 ) ) ;
#2211 = LINE ( 'NONE', #1157, #407 ) ;
#2212 = ORIENTED_EDGE ( 'NONE', *, *, #2286, .T. ) ;
#2213 = ADVANCED_FACE ( 'NONE', ( #1527 ), #2542, .T. ) ;
#2214 = CARTESIAN_POINT ( 'NONE',  ( -16.09999999999995879, 17.00000000000000000, -15.00000000000000000 ) ) ;
#2215 = DIRECTION ( 'NONE',  ( -0.000000000000000000, -0.000000000000000000, 1.000000000000000000 ) ) ;
#2216 = VERTEX_POINT ( 'NONE', #1971 ) ;
#2217 = ADVANCED_FACE ( 'NONE', ( #521 ), #2032, .F. ) ;
#2218 = CIRCLE ( 'NONE', #2693, 14.09999999999996589 ) ;
#2219 = ORIENTED_EDGE ( 'NONE', *, *, #2654, .T. ) ;
#2220 = AXIS2_PLACEMENT_3D ( 'NONE', #2273, #735, #2675 ) ;
#2221 = EDGE_CURVE ( 'NONE', #851, #1580, #1335, .T. ) ;
#2222 = ORIENTED_EDGE ( 'NONE', *, *, #2262, .T. ) ;
#2223 = CARTESIAN_POINT ( 'NONE',  ( 0.000000000000000000, 20.00000000000000000, -17.50000000000000000 ) ) ;
#2224 = ORIENTED_EDGE ( 'NONE', *, *, #1022, .F. ) ;
#2225 = CARTESIAN_POINT ( 'NONE',  ( 19.56925219810040417, 19.00000000000000000, 8.106894137130931099 ) ) ;
#2226 = DIRECTION ( 'NONE',  ( -0.000000000000000000, -0.000000000000000000, -1.000000000000000000 ) ) ;
#2227 = CARTESIAN_POINT ( 'NONE',  ( 5.599999999999937472, 17.00000000000000000, -18.00000000000000000 ) ) ;
#2228 = ORIENTED_EDGE ( 'NONE', *, *, #2414, .T. ) ;
#2229 = CARTESIAN_POINT ( 'NONE',  ( 13.06925219810040417, 7.000000000000001776, 15.00000000000000000 ) ) ;
#2230 = EDGE_CURVE ( 'NONE', #920, #1580, #535, .T. ) ;
#2231 = DIRECTION ( 'NONE',  ( 0.000000000000000000, 1.000000000000000000, 0.000000000000000000 ) ) ;
#2232 = VERTEX_POINT ( 'NONE', #2427 ) ;
#2233 = LINE ( 'NONE', #599, #1424 ) ;
#2234 = DATE_TIME_ROLE ( 'creation_date' ) ;
#2235 = ORIENTED_EDGE ( 'NONE', *, *, #1842, .F. ) ;
#2236 = EDGE_CURVE ( 'NONE', #710, #1316, #2412, .T. ) ;
#2237 = FACE_BOUND ( 'NONE', #2318, .T. ) ;
#2238 = CARTESIAN_POINT ( 'NONE',  ( 10.68183231946076006, 13.99999999999999822, 9.203719807714863421 ) ) ;
#2239 = ORIENTED_EDGE ( 'NONE', *, *, #319, .T. ) ;
#2240 = VECTOR ( 'NONE', #1698, 1000.000000000000000 ) ;
#2241 = CARTESIAN_POINT ( 'NONE',  ( -10.59999999999993925, 2.000000000000001776, 0.000000000000000000 ) ) ;
#2242 = ADVANCED_FACE ( 'NONE', ( #1367, #1998 ), #748, .T. ) ;
#2243 = DIRECTION ( 'NONE',  ( -1.000000000000000000, 0.000000000000000000, 0.000000000000000000 ) ) ;
#2244 = CARTESIAN_POINT ( 'NONE',  ( 19.56925219810040417, 9.000000000000000000, 11.20371980771486342 ) ) ;
#2245 = CIRCLE ( 'NONE', #1035, 5.000000000000000000 ) ;
#2246 = CIRCLE ( 'NONE', #2058, 5.036784605883436683 ) ;
#2247 = CARTESIAN_POINT ( 'NONE',  ( -5.599999999999939249, 17.00000000000000000, 18.00000000000000000 ) ) ;
#2248 = ORIENTED_EDGE ( 'NONE', *, *, #1949, .T. ) ;
#2249 = ADVANCED_FACE ( 'NONE', ( #490 ), #1589, .F. ) ;
#2250 = ORIENTED_EDGE ( 'NONE', *, *, #819, .T. ) ;
#2251 = VECTOR ( 'NONE', #2483, 1000.000000000000000 ) ;
#2252 = CARTESIAN_POINT ( 'NONE',  ( 19.56925219810040417, 9.000000000000001776, -8.818471051988961307 ) ) ;
#2253 = AXIS2_PLACEMENT_3D ( 'NONE', #76, #2594, #2423 ) ;
#2254 = DIRECTION ( 'NONE',  ( -0.000000000000000000, -1.000000000000000000, -0.000000000000000000 ) ) ;
#2255 = EDGE_LOOP ( 'NONE', ( #2345, #2574, #401, #570 ) ) ;
#2256 = DIRECTION ( 'NONE',  ( 0.000000000000000000, 0.000000000000000000, 1.000000000000000000 ) ) ;
#2257 = PRODUCT_DEFINITION_FORMATION_WITH_SPECIFIED_SOURCE ( 'ANY', '', #2439, .NOT_KNOWN. ) ;
#2258 = CARTESIAN_POINT ( 'NONE',  ( 0.000000000000000000, 19.00000000000000000, 17.50000000000000000 ) ) ;
#2259 = CARTESIAN_POINT ( 'NONE',  ( -5.599999999999938360, 20.00000000000000000, -17.49999830211801211 ) ) ;
#2260 = ORIENTED_EDGE ( 'NONE', *, *, #1236, .F. ) ;
#2261 = CARTESIAN_POINT ( 'NONE',  ( 0.000000000000000000, 17.00000000000000000, 0.000000000000000000 ) ) ;
#2262 = EDGE_CURVE ( 'NONE', #1989, #1987, #608, .T. ) ;
#2263 = VERTEX_POINT ( 'NONE', #1139 ) ;
#2264 = DIRECTION ( 'NONE',  ( -0.000000000000000000, -1.000000000000000000, -0.000000000000000000 ) ) ;
#2265 = VERTEX_POINT ( 'NONE', #274 ) ;
#2266 = AXIS2_PLACEMENT_3D ( 'NONE', #1835, #1185, #2276 ) ;
#2267 = DIRECTION ( 'NONE',  ( 2.891205793294679312E-16, 0.000000000000000000, 1.000000000000000000 ) ) ;
#2268 = VECTOR ( 'NONE', #898, 1000.000000000000000 ) ;
#2269 = ORIENTED_EDGE ( 'NONE', *, *, #1676, .F. ) ;
#2270 = DIRECTION ( 'NONE',  ( 0.000000000000000000, -0.000000000000000000, -1.000000000000000000 ) ) ;
#2271 = DIRECTION ( 'NONE',  ( -1.000000000000000000, -0.000000000000000000, -0.000000000000000000 ) ) ;
#2272 = EDGE_LOOP ( 'NONE', ( #1531, #1635, #507, #1358 ) ) ;
#2273 = CARTESIAN_POINT ( 'NONE',  ( 0.000000000000000000, 20.00000000000000000, 17.50000000000000000 ) ) ;
#2274 = CARTESIAN_POINT ( 'NONE',  ( -16.09999999999995879, 7.000000000000002665, -15.00000000000000000 ) ) ;
#2275 = EDGE_LOOP ( 'NONE', ( #1594, #1486, #1812, #511 ) ) ;
#2276 = DIRECTION ( 'NONE',  ( 1.000000000000000000, 0.000000000000000000, 0.000000000000000000 ) ) ;
#2277 = EDGE_CURVE ( 'NONE', #1149, #1314, #338, .T. ) ;
#2278 = LINE ( 'NONE', #1023, #355 ) ;
#2279 = DIRECTION ( 'NONE',  ( -0.000000000000000000, 0.000000000000000000, 1.000000000000000000 ) ) ;
#2280 = AXIS2_PLACEMENT_3D ( 'NONE', #377, #1654, #1449 ) ;
#2281 = CARTESIAN_POINT ( 'NONE',  ( -5.599999999999938360, 9.000000000000000000, -12.94024729284566355 ) ) ;
#2282 = CIRCLE ( 'NONE', #185, 5.000000000000000000 ) ;
#2283 = ORIENTED_EDGE ( 'NONE', *, *, #1724, .F. ) ;
#2284 = CARTESIAN_POINT ( 'NONE',  ( 3.599999999999936584, 13.99999999999999822, -0.000000000000000000 ) ) ;
#2285 = VECTOR ( 'NONE', #1826, 1000.000000000000000 ) ;
#2286 = EDGE_CURVE ( 'NONE', #1825, #464, #289, .T. ) ;
#2287 = DIRECTION ( 'NONE',  ( 0.000000000000000000, 0.000000000000000000, 1.000000000000000000 ) ) ;
#2288 = LINE ( 'NONE', #350, #2717 ) ;
#2289 = DIRECTION ( 'NONE',  ( 1.000000000000000000, 0.000000000000000000, 0.000000000000000000 ) ) ;
#2290 = ADVANCED_FACE ( 'NONE', ( #123 ), #1760, .F. ) ;
#2291 = VERTEX_POINT ( 'NONE', #2661 ) ;
#2292 = EDGE_CURVE ( 'NONE', #1821, #223, #1545, .T. ) ;
#2293 = DIRECTION ( 'NONE',  ( 1.000000000000000000, 0.000000000000000000, 0.000000000000000000 ) ) ;
#2294 = AXIS2_PLACEMENT_3D ( 'NONE', #1000, #159, #1389 ) ;
#2295 = CARTESIAN_POINT ( 'NONE',  ( -9.599999999999955236, 7.000000000000001776, -12.99999999999999822 ) ) ;
#2296 = CIRCLE ( 'NONE', #1554, 5.036784605883436683 ) ;
#2297 = LINE ( 'NONE', #596, #2405 ) ;
#2298 = DIRECTION ( 'NONE',  ( 0.000000000000000000, 1.000000000000000000, 0.000000000000000000 ) ) ;
#2299 = ORIENTED_EDGE ( 'NONE', *, *, #2737, .T. ) ;
#2300 = ORIENTED_EDGE ( 'NONE', *, *, #1935, .F. ) ;
#2301 = EDGE_CURVE ( 'NONE', #739, #2216, #2014, .T. ) ;
#2302 = CARTESIAN_POINT ( 'NONE',  ( 0.000000000000000000, 17.00000000000000000, 17.50000000000000000 ) ) ;
#2303 = CARTESIAN_POINT ( 'NONE',  ( 5.599999999999937472, 17.00000000000000000, -18.00000000000000000 ) ) ;
#2304 = ORIENTED_EDGE ( 'NONE', *, *, #650, .T. ) ;
#2305 = ORIENTED_EDGE ( 'NONE', *, *, #650, .F. ) ;
#2306 = APPLICATION_PROTOCOL_DEFINITION ( 'international standard', 'config_control_design', 1994, #1158 ) ;
#2307 = EDGE_CURVE ( 'NONE', #940, #2139, #2598, .T. ) ;
#2308 = CARTESIAN_POINT ( 'NONE',  ( -16.09999999999995879, 7.000000000000002665, 0.000000000000000000 ) ) ;
#2309 = DIRECTION ( 'NONE',  ( 0.000000000000000000, 0.000000000000000000, 1.000000000000000000 ) ) ;
#2310 = DIRECTION ( 'NONE',  ( 0.000000000000000000, -0.000000000000000000, -1.000000000000000000 ) ) ;
#2311 = CARTESIAN_POINT ( 'NONE',  ( 0.000000000000000000, 17.00000000000000000, 18.00000000000000000 ) ) ;
#2312 = ORIENTED_EDGE ( 'NONE', *, *, #1235, .F. ) ;
#2313 = AXIS2_PLACEMENT_3D ( 'NONE', #2338, #1761, #1292 ) ;
#2314 = DIRECTION ( 'NONE',  ( 0.000000000000000000, 1.000000000000000000, 0.000000000000000000 ) ) ;
#2315 = AXIS2_PLACEMENT_3D ( 'NONE', #2012, #534, #2270 ) ;
#2316 = FACE_OUTER_BOUND ( 'NONE', #11, .T. ) ;
#2317 = ORIENTED_EDGE ( 'NONE', *, *, #1289, .F. ) ;
#2318 = EDGE_LOOP ( 'NONE', ( #2701, #514 ) ) ;
#2319 = VECTOR ( 'NONE', #2586, 1000.000000000000000 ) ;
#2320 = CIRCLE ( 'NONE', #1132, 1.500000000000001332 ) ;
#2321 = CARTESIAN_POINT ( 'NONE',  ( 0.000000000000000000, 9.000000000000000000, 0.000000000000000000 ) ) ;
#2322 = VECTOR ( 'NONE', #2578, 1000.000000000000000 ) ;
#2323 = EDGE_CURVE ( 'NONE', #94, #361, #1349, .T. ) ;
#2324 = CARTESIAN_POINT ( 'NONE',  ( -16.09999999999995879, 17.00000000000000000, 0.000000000000000000 ) ) ;
#2325 = LINE ( 'NONE', #454, #393 ) ;
#2326 = DIRECTION ( 'NONE',  ( 1.000000000000000000, 0.000000000000000000, 0.000000000000000000 ) ) ;
#2327 = DIRECTION ( 'NONE',  ( 1.000000000000000000, 0.000000000000000000, 0.000000000000000000 ) ) ;
#2328 = EDGE_CURVE ( 'NONE', #1504, #10, #964, .T. ) ;
#2329 = DIRECTION ( 'NONE',  ( 0.000000000000000000, 0.000000000000000000, -1.000000000000000000 ) ) ;
#2330 = ORIENTED_EDGE ( 'NONE', *, *, #2333, .T. ) ;
#2331 = ORIENTED_EDGE ( 'NONE', *, *, #2663, .T. ) ;
#2332 = MECHANICAL_CONTEXT ( 'NONE', #1158, 'mechanical' ) ;
#2333 = EDGE_CURVE ( 'NONE', #1273, #2171, #2684, .T. ) ;
#2334 = CARTESIAN_POINT ( 'NONE',  ( 10.59999999999994102, 2.000000000000001776, -17.99999999999999645 ) ) ;
#2335 = AXIS2_PLACEMENT_3D ( 'NONE', #2426, #1173, #969 ) ;
#2336 = DIRECTION ( 'NONE',  ( 0.000000000000000000, 0.000000000000000000, 1.000000000000000000 ) ) ;
#2337 = CARTESIAN_POINT ( 'NONE',  ( -11.09999999999995701, 2.000000000000001776, 18.00000000000000000 ) ) ;
#2338 = CARTESIAN_POINT ( 'NONE',  ( 0.000000000000000000, 9.000000000000000000, 0.000000000000000000 ) ) ;
#2339 = ORIENTED_EDGE ( 'NONE', *, *, #5, .T. ) ;
#2340 = CIRCLE ( 'NONE', #1723, 2.000000000000000000 ) ;
#2341 = ORIENTED_EDGE ( 'NONE', *, *, #366, .T. ) ;
#2342 = DIRECTION ( 'NONE',  ( -0.000000000000000000, -0.000000000000000000, -1.000000000000000000 ) ) ;
#2343 = DIRECTION ( 'NONE',  ( 0.000000000000000000, 0.000000000000000000, 1.000000000000000000 ) ) ;
#2344 = LINE ( 'NONE', #722, #1771 ) ;
#2345 = ORIENTED_EDGE ( 'NONE', *, *, #1539, .F. ) ;
#2346 = EDGE_LOOP ( 'NONE', ( #1702, #1418 ) ) ;
#2347 = FACE_OUTER_BOUND ( 'NONE', #1293, .T. ) ;
#2348 = EDGE_CURVE ( 'NONE', #127, #2401, #158, .T. ) ;
#2349 = DIRECTION ( 'NONE',  ( 1.000000000000000000, -0.000000000000000000, 0.000000000000000000 ) ) ;
#2350 = FACE_OUTER_BOUND ( 'NONE', #1485, .T. ) ;
#2351 = PLANE ( 'NONE',  #1440 ) ;
#2352 = ORIENTED_EDGE ( 'NONE', *, *, #1215, .F. ) ;
#2353 = ORIENTED_EDGE ( 'NONE', *, *, #2190, .T. ) ;
#2354 = DIRECTION ( 'NONE',  ( 1.000000000000000000, 0.000000000000000000, 0.000000000000000000 ) ) ;
#2355 = CARTESIAN_POINT ( 'NONE',  ( 3.599999999999936584, 13.99999999999999822, -17.50000000000000000 ) ) ;
#2356 = VERTEX_POINT ( 'NONE', #1861 ) ;
#2357 = VERTEX_POINT ( 'NONE', #2707 ) ;
#2358 = AXIS2_PLACEMENT_3D ( 'NONE', #2413, #952, #107 ) ;
#2359 =( NAMED_UNIT ( * ) PLANE_ANGLE_UNIT ( ) SI_UNIT ( $, .RADIAN. ) );
#2360 = VECTOR ( 'NONE', #1824, 1000.000000000000000 ) ;
#2361 = VECTOR ( 'NONE', #1055, 1000.000000000000000 ) ;
#2362 = EDGE_CURVE ( 'NONE', #1325, #281, #2056, .T. ) ;
#2363 = CARTESIAN_POINT ( 'NONE',  ( 0.000000000000000000, 13.99999999999999822, -17.50000000000000000 ) ) ;
#2364 = ORIENTED_EDGE ( 'NONE', *, *, #1453, .F. ) ;
#2365 = DIRECTION ( 'NONE',  ( 0.000000000000000000, 1.000000000000000000, -0.000000000000000000 ) ) ;
#2366 = CARTESIAN_POINT ( 'NONE',  ( 13.06925219810040417, 7.000000000000001776, 18.00000000000000000 ) ) ;
#2367 = DIRECTION ( 'NONE',  ( 0.000000000000000000, 0.000000000000000000, 1.000000000000000000 ) ) ;
#2368 = ORIENTED_EDGE ( 'NONE', *, *, #327, .F. ) ;
#2369 = CARTESIAN_POINT ( 'NONE',  ( 5.599999999999937472, 7.000000000000001776, -18.00000000000000000 ) ) ;
#2370 = EDGE_CURVE ( 'NONE', #1979, #2682, #1310, .T. ) ;
#2371 = CARTESIAN_POINT ( 'NONE',  ( -5.577633906953804122, 17.00000000000000000, -18.00000000000000000 ) ) ;
#2372 = EDGE_CURVE ( 'NONE', #1387, #2401, #2085, .T. ) ;
#2373 = CARTESIAN_POINT ( 'NONE',  ( 0.000000000000000000, 20.00000000000000000, -17.50000000000000000 ) ) ;
#2374 = ORIENTED_EDGE ( 'NONE', *, *, #2502, .T. ) ;
#2375 = ORIENTED_EDGE ( 'NONE', *, *, #857, .T. ) ;
#2376 = PERSON_AND_ORGANIZATION ( #2013, #877 ) ;
#2377 = CC_DESIGN_APPROVAL ( #610, ( #2031 ) ) ;
#2378 = EDGE_LOOP ( 'NONE', ( #1220, #675 ) ) ;
#2379 = DIRECTION ( 'NONE',  ( 0.000000000000000000, 0.000000000000000000, 1.000000000000000000 ) ) ;
#2380 = ORIENTED_EDGE ( 'NONE', *, *, #2446, .F. ) ;
#2381 = CARTESIAN_POINT ( 'NONE',  ( 0.000000000000000000, 9.000000000000000000, 0.000000000000000000 ) ) ;
#2382 = CARTESIAN_POINT ( 'NONE',  ( 5.599999999999938360, 2.000000000000001776, -15.00000000000000000 ) ) ;
#2383 = DIRECTION ( 'NONE',  ( 0.000000000000000000, 0.000000000000000000, 1.000000000000000000 ) ) ;
#2384 = ORIENTED_EDGE ( 'NONE', *, *, #2362, .F. ) ;
#2385 = DIRECTION ( 'NONE',  ( 1.000000000000000000, 0.000000000000000000, 0.000000000000000000 ) ) ;
#2386 = CARTESIAN_POINT ( 'NONE',  ( 5.599999999999936584, 13.99999999999999822, 12.94024729284567243 ) ) ;
#2387 = DIRECTION ( 'NONE',  ( -0.000000000000000000, -1.000000000000000000, -0.000000000000000000 ) ) ;
#2388 = ADVANCED_FACE ( 'NONE', ( #184 ), #568, .T. ) ;
#2389 = EDGE_LOOP ( 'NONE', ( #1160, #699 ) ) ;
#2390 = CARTESIAN_POINT ( 'NONE',  ( 19.56925219810040417, 20.00000000000000000, -3.020285571402461003E-15 ) ) ;
#2391 = FACE_OUTER_BOUND ( 'NONE', #668, .T. ) ;
#2392 = EDGE_CURVE ( 'NONE', #98, #1987, #2288, .T. ) ;
#2393 = ORIENTED_EDGE ( 'NONE', *, *, #1836, .F. ) ;
#2394 = CARTESIAN_POINT ( 'NONE',  ( -3.599999999999936584, 13.99999999999999822, -13.63268132100208874 ) ) ;
#2395 = DIRECTION ( 'NONE',  ( -0.000000000000000000, 0.000000000000000000, 1.000000000000000000 ) ) ;
#2396 = DIRECTION ( 'NONE',  ( -0.000000000000000000, -1.000000000000000000, -0.000000000000000000 ) ) ;
#2397 = ORIENTED_EDGE ( 'NONE', *, *, #1101, .F. ) ;
#2398 = DIRECTION ( 'NONE',  ( -0.000000000000000000, -1.000000000000000000, -0.000000000000000000 ) ) ;
#2399 = EDGE_CURVE ( 'NONE', #1028, #1273, #825, .T. ) ;
#2400 = FACE_OUTER_BOUND ( 'NONE', #2554, .T. ) ;
#2401 = VERTEX_POINT ( 'NONE', #613 ) ;
#2402 = VERTEX_POINT ( 'NONE', #1662 ) ;
#2403 = AXIS2_PLACEMENT_3D ( 'NONE', #2035, #1618, #837 ) ;
#2404 = CARTESIAN_POINT ( 'NONE',  ( 17.56925219810040417, 19.00000000000000000, 9.203719807714863421 ) ) ;
#2405 = VECTOR ( 'NONE', #1862, 1000.000000000000000 ) ;
#2406 = CARTESIAN_POINT ( 'NONE',  ( 14.56925219810040595, 7.000000000000001776, -18.00000000000000000 ) ) ;
#2407 = ORIENTED_EDGE ( 'NONE', *, *, #2562, .F. ) ;
#2408 = EDGE_CURVE ( 'NONE', #361, #1438, #468, .T. ) ;
#2409 = VECTOR ( 'NONE', #1975, 1000.000000000000000 ) ;
#2410 = ADVANCED_FACE ( 'NONE', ( #1217, #1629 ), #2472, .F. ) ;
#2411 = DIRECTION ( 'NONE',  ( -1.000000000000000000, 0.000000000000000000, -7.663935591546401522E-16 ) ) ;
#2412 = LINE ( 'NONE', #982, #519 ) ;
#2413 = CARTESIAN_POINT ( 'NONE',  ( 5.599999999999938360, 2.000000000000001776, 15.00000000000000000 ) ) ;
#2414 = EDGE_CURVE ( 'NONE', #1090, #2095, #175, .T. ) ;
#2415 = ORIENTED_EDGE ( 'NONE', *, *, #1660, .F. ) ;
#2416 = DIRECTION ( 'NONE',  ( -1.000000000000000000, -0.000000000000000000, 0.000000000000000000 ) ) ;
#2417 = AXIS2_PLACEMENT_3D ( 'NONE', #1560, #1156, #970 ) ;
#2418 = CARTESIAN_POINT ( 'NONE',  ( 14.56925219810040595, 7.000000000000001776, -18.00000000000000000 ) ) ;
#2419 = ORIENTED_EDGE ( 'NONE', *, *, #1255, .F. ) ;
#2420 = EDGE_CURVE ( 'NONE', #1154, #551, #1087, .T. ) ;
#2421 = ORIENTED_EDGE ( 'NONE', *, *, #1150, .F. ) ;
#2422 = LINE ( 'NONE', #501, #466 ) ;
#2423 = DIRECTION ( 'NONE',  ( 0.000000000000000000, 0.000000000000000000, -1.000000000000000000 ) ) ;
#2424 = ORIENTED_EDGE ( 'NONE', *, *, #2610, .F. ) ;
#2425 = EDGE_CURVE ( 'NONE', #905, #985, #604, .T. ) ;
#2426 = CARTESIAN_POINT ( 'NONE',  ( 0.000000000000000000, 20.00000000000000000, 17.50000000000000000 ) ) ;
#2427 = CARTESIAN_POINT ( 'NONE',  ( 19.56925219810040417, 17.00000000000000000, -15.00000000000000000 ) ) ;
#2428 = CARTESIAN_POINT ( 'NONE',  ( 0.000000000000000000, 9.000000000000000000, 0.000000000000000000 ) ) ;
#2429 = VERTEX_POINT ( 'NONE', #595 ) ;
#2430 = LINE ( 'NONE', #1386, #1301 ) ;
#2431 = ORIENTED_EDGE ( 'NONE', *, *, #5, .F. ) ;
#2432 = EDGE_CURVE ( 'NONE', #1551, #1914, #2539, .T. ) ;
#2433 = DIRECTION ( 'NONE',  ( -2.891205793294679312E-16, 0.000000000000000000, 1.000000000000000000 ) ) ;
#2434 = AXIS2_PLACEMENT_3D ( 'NONE', #2051, #2464, #545 ) ;
#2435 = ORIENTED_EDGE ( 'NONE', *, *, #750, .F. ) ;
#2436 = AXIS2_PLACEMENT_3D ( 'NONE', #207, #1639, #1057 ) ;
#2437 = EDGE_CURVE ( 'NONE', #2139, #2666, #1360, .T. ) ;
#2438 = CIRCLE ( 'NONE', #243, 1.500000000000001332 ) ;
#2439 = PRODUCT ( 'Part20^Assem6 - Copy', 'Part20^Assem6 - Copy', '', ( #2332 ) ) ;
#2440 = FACE_BOUND ( 'NONE', #2555, .T. ) ;
#2441 = LINE ( 'NONE', #2238, #2322 ) ;
#2442 = ORIENTED_EDGE ( 'NONE', *, *, #434, .T. ) ;
#2443 = PLANE ( 'NONE',  #1552 ) ;
#2444 = CARTESIAN_POINT ( 'NONE',  ( 19.56925219810040417, 9.000000000000000000, -3.020285571402461003E-15 ) ) ;
#2445 = CARTESIAN_POINT ( 'NONE',  ( -10.59999999999993925, 7.000000000000001776, 0.000000000000000000 ) ) ;
#2446 = EDGE_CURVE ( 'NONE', #223, #2543, #1652, .T. ) ;
#2447 = ORIENTED_EDGE ( 'NONE', *, *, #386, .F. ) ;
#2448 = CARTESIAN_POINT ( 'NONE',  ( -6.054175800849225710E-14, 20.00000000000000000, -11.27577121577271946 ) ) ;
#2449 = CARTESIAN_POINT ( 'NONE',  ( 14.56925219810040595, 7.000000000000001776, 18.00000000000000000 ) ) ;
#2450 = ORIENTED_EDGE ( 'NONE', *, *, #908, .T. ) ;
#2451 = ORIENTED_EDGE ( 'NONE', *, *, #255, .T. ) ;
#2452 = PLANE ( 'NONE',  #1793 ) ;
#2453 = CC_DESIGN_PERSON_AND_ORGANIZATION_ASSIGNMENT ( #1769, #482, ( #816 ) ) ;
#2454 = VECTOR ( 'NONE', #1413, 1000.000000000000000 ) ;
#2455 = VERTEX_POINT ( 'NONE', #2492 ) ;
#2456 = VECTOR ( 'NONE', #63, 1000.000000000000000 ) ;
#2457 = DIRECTION ( 'NONE',  ( 0.000000000000000000, -1.000000000000000000, 0.000000000000000000 ) ) ;
#2458 = FACE_OUTER_BOUND ( 'NONE', #1388, .T. ) ;
#2459 = VECTOR ( 'NONE', #1461, 1000.000000000000000 ) ;
#2460 = ORIENTED_EDGE ( 'NONE', *, *, #2206, .F. ) ;
#2461 = PLANE ( 'NONE',  #2604 ) ;
#2462 = ORIENTED_EDGE ( 'NONE', *, *, #1162, .T. ) ;
#2463 = ORIENTED_EDGE ( 'NONE', *, *, #1957, .F. ) ;
#2464 = DIRECTION ( 'NONE',  ( 0.000000000000000000, 1.000000000000000000, 0.000000000000000000 ) ) ;
#2465 = ADVANCED_FACE ( 'NONE', ( #2347 ), #1725, .F. ) ;
#2466 = ORIENTED_EDGE ( 'NONE', *, *, #1311, .T. ) ;
#2467 = VECTOR ( 'NONE', #2192, 1000.000000000000000 ) ;
#2468 = DIRECTION ( 'NONE',  ( -0.000000000000000000, -0.000000000000000000, -1.000000000000000000 ) ) ;
#2469 = CARTESIAN_POINT ( 'NONE',  ( 0.000000000000000000, 20.00000000000000000, -17.50000000000000000 ) ) ;
#2470 = ORIENTED_EDGE ( 'NONE', *, *, #2199, .T. ) ;
#2471 = CARTESIAN_POINT ( 'NONE',  ( 0.000000000000000000, 17.00000000000000000, 18.00000000000000000 ) ) ;
#2472 = PLANE ( 'NONE',  #13 ) ;
#2473 = CARTESIAN_POINT ( 'NONE',  ( 5.599999999999936584, 9.000000000000000000, 12.94024729284567243 ) ) ;
#2474 = ORIENTED_EDGE ( 'NONE', *, *, #2333, .F. ) ;
#2475 = CARTESIAN_POINT ( 'NONE',  ( 5.848931526355816146, 20.00000000000000000, 15.00000000000000000 ) ) ;
#2476 = FACE_OUTER_BOUND ( 'NONE', #2109, .T. ) ;
#2477 = ORIENTED_EDGE ( 'NONE', *, *, #2111, .T. ) ;
#2478 = DIRECTION ( 'NONE',  ( -1.000000000000000000, 0.000000000000000000, 1.877458068268167797E-16 ) ) ;
#2479 = EDGE_CURVE ( 'NONE', #2291, #132, #2128, .T. ) ;
#2480 = AXIS2_PLACEMENT_3D ( 'NONE', #852, #1451, #630 ) ;
#2481 = AXIS2_PLACEMENT_3D ( 'NONE', #1179, #1633, #2059 ) ;
#2482 = CARTESIAN_POINT ( 'NONE',  ( 19.56925219810040062, 7.000000000000001776, 15.00000000000000000 ) ) ;
#2483 = DIRECTION ( 'NONE',  ( -0.000000000000000000, 1.000000000000000000, -0.000000000000000000 ) ) ;
#2484 = ADVANCED_FACE ( 'NONE', ( #2563 ), #199, .F. ) ;
#2485 = LINE ( 'NONE', #423, #1402 ) ;
#2486 = FACE_OUTER_BOUND ( 'NONE', #1251, .T. ) ;
#2487 = ORIENTED_EDGE ( 'NONE', *, *, #2644, .F. ) ;
#2488 = CARTESIAN_POINT ( 'NONE',  ( 5.577633906953673559, 17.00000000000000000, 18.00000000000000000 ) ) ;
#2489 = EDGE_CURVE ( 'NONE', #204, #946, #1888, .T. ) ;
#2490 = VERTEX_POINT ( 'NONE', #678 ) ;
#2491 = DIRECTION ( 'NONE',  ( 1.543383232444437376E-16, 0.000000000000000000, 1.000000000000000000 ) ) ;
#2492 = CARTESIAN_POINT ( 'NONE',  ( 14.56925219810040240, 2.000000000000001776, -18.00000000000000000 ) ) ;
#2493 = EDGE_CURVE ( 'NONE', #344, #1325, #2636, .T. ) ;
#2494 = AXIS2_PLACEMENT_3D ( 'NONE', #1051, #1009, #2722 ) ;
#2495 = CARTESIAN_POINT ( 'NONE',  ( -7.700000000000040146, 20.00000000000000000, -5.036784605883437571 ) ) ;
#2496 = PLANE ( 'NONE',  #1655 ) ;
#2497 = VECTOR ( 'NONE', #1590, 1000.000000000000000 ) ;
#2498 = ADVANCED_FACE ( 'NONE', ( #1710 ), #1465, .F. ) ;
#2499 = EDGE_LOOP ( 'NONE', ( #1845, #2047, #1735, #2368 ) ) ;
#2500 = LINE ( 'NONE', #609, #80 ) ;
#2501 = ORIENTED_EDGE ( 'NONE', *, *, #25, .F. ) ;
#2502 = EDGE_CURVE ( 'NONE', #2126, #1872, #2320, .T. ) ;
#2503 = AXIS2_PLACEMENT_3D ( 'NONE', #1816, #2226, #938 ) ;
#2504 = AXIS2_PLACEMENT_3D ( 'NONE', #2406, #1257, #1047 ) ;
#2505 = DIRECTION ( 'NONE',  ( 0.000000000000000000, 1.000000000000000000, -0.000000000000000000 ) ) ;
#2506 = EDGE_CURVE ( 'NONE', #867, #1267, #1288, .T. ) ;
#2507 = CARTESIAN_POINT ( 'NONE',  ( 14.56925219810040062, 2.000000000000001776, -15.00000000000000000 ) ) ;
#2508 = CARTESIAN_POINT ( 'NONE',  ( -5.577633906953678000, 17.00000000000000000, -17.99999999999997513 ) ) ;
#2509 = ORIENTED_EDGE ( 'NONE', *, *, #2307, .F. ) ;
#2510 = CARTESIAN_POINT ( 'NONE',  ( -11.09999999999995701, 7.000000000000001776, 12.99999999999999822 ) ) ;
#2511 = LINE ( 'NONE', #206, #565 ) ;
#2512 = EDGE_CURVE ( 'NONE', #87, #1372, #1484, .T. ) ;
#2513 = VERTEX_POINT ( 'NONE', #1089 ) ;
#2514 = EDGE_CURVE ( 'NONE', #1403, #801, #1048, .T. ) ;
#2515 = VECTOR ( 'NONE', #772, 1000.000000000000000 ) ;
#2516 = DIRECTION ( 'NONE',  ( 0.000000000000000000, 0.000000000000000000, -1.000000000000000000 ) ) ;
#2517 = CIRCLE ( 'NONE', #2694, 5.599999999999938360 ) ;
#2518 = CYLINDRICAL_SURFACE ( 'NONE', #1965, 5.000000000000000000 ) ;
#2519 = FACE_BOUND ( 'NONE', #2389, .T. ) ;
#2520 = VECTOR ( 'NONE', #1106, 1000.000000000000000 ) ;
#2521 = ORIENTED_EDGE ( 'NONE', *, *, #1961, .T. ) ;
#2522 = VERTEX_POINT ( 'NONE', #2720 ) ;
#2523 = DIRECTION ( 'NONE',  ( 0.000000000000000000, 0.000000000000000000, 1.000000000000000000 ) ) ;
#2524 = LINE ( 'NONE', #786, #826 ) ;
#2525 = ORIENTED_EDGE ( 'NONE', *, *, #1736, .T. ) ;
#2526 = VERTEX_POINT ( 'NONE', #847 ) ;
#2527 = EDGE_CURVE ( 'NONE', #1978, #776, #834, .T. ) ;
#2528 = DIRECTION ( 'NONE',  ( 0.000000000000000000, 1.000000000000000000, -0.000000000000000000 ) ) ;
#2529 = CARTESIAN_POINT ( 'NONE',  ( 2.449293598294706414E-16, 20.00000000000000000, -15.50000000000000178 ) ) ;
#2530 = CARTESIAN_POINT ( 'NONE',  ( -5.599999999999939249, 13.99999999999999822, 17.50000000000000000 ) ) ;
#2531 = VECTOR ( 'NONE', #2568, 1000.000000000000000 ) ;
#2532 = ORIENTED_EDGE ( 'NONE', *, *, #486, .F. ) ;
#2533 = CARTESIAN_POINT ( 'NONE',  ( 19.56925219810040062, 7.000000000000002665, -18.00000000000000000 ) ) ;
#2534 = VECTOR ( 'NONE', #2632, 1000.000000000000000 ) ;
#2535 = CARTESIAN_POINT ( 'NONE',  ( 0.000000000000000000, 19.00000000000000000, 21.09999999999993747 ) ) ;
#2536 = EDGE_LOOP ( 'NONE', ( #465, #272, #1867, #587, #2353, #1045, #2659, #1513 ) ) ;
#2537 = ORIENTED_EDGE ( 'NONE', *, *, #182, .F. ) ;
#2538 = AXIS2_PLACEMENT_3D ( 'NONE', #1911, #915, #51 ) ;
#2539 = CIRCLE ( 'NONE', #694, 1.500000000000001332 ) ;
#2540 = CARTESIAN_POINT ( 'NONE',  ( 14.56925219810040240, 19.00000000000000000, 8.106894137130931099 ) ) ;
#2541 = DIRECTION ( 'NONE',  ( -0.000000000000000000, 1.000000000000000000, -0.000000000000000000 ) ) ;
#2542 = CYLINDRICAL_SURFACE ( 'NONE', #1874, 5.000000000000000000 ) ;
#2543 = VERTEX_POINT ( 'NONE', #27 ) ;
#2544 = FACE_OUTER_BOUND ( 'NONE', #948, .T. ) ;
#2545 = CARTESIAN_POINT ( 'NONE',  ( -16.09999999999995879, 2.000000000000001776, -18.00000000000000000 ) ) ;
#2546 = CARTESIAN_POINT ( 'NONE',  ( 5.577633906953673559, 17.00000000000000000, 18.00000000000000000 ) ) ;
#2547 = ORIENTED_EDGE ( 'NONE', *, *, #2006, .T. ) ;
#2548 = ORIENTED_EDGE ( 'NONE', *, *, #2502, .F. ) ;
#2549 = ADVANCED_FACE ( 'NONE', ( #1683 ), #437, .F. ) ;
#2550 = DIRECTION ( 'NONE',  ( 0.000000000000000000, -1.000000000000000000, 0.000000000000000000 ) ) ;
#2551 = PLANE ( 'NONE',  #861 ) ;
#2552 = DIRECTION ( 'NONE',  ( 0.000000000000000000, 0.000000000000000000, 1.000000000000000000 ) ) ;
#2553 = CARTESIAN_POINT ( 'NONE',  ( 10.68183231946076006, 9.000000000000000000, 9.203719807714863421 ) ) ;
#2554 = EDGE_LOOP ( 'NONE', ( #1195, #2152, #1327, #86, #35, #2611, #999, #81 ) ) ;
#2555 = EDGE_LOOP ( 'NONE', ( #1808, #1503 ) ) ;
#2556 = CARTESIAN_POINT ( 'NONE',  ( 5.599999999999938360, 2.000000000000001776, -15.00000000000000000 ) ) ;
#2557 = CC_DESIGN_PERSON_AND_ORGANIZATION_ASSIGNMENT ( #944, #2641, ( #2257 ) ) ;
#2558 = CARTESIAN_POINT ( 'NONE',  ( -7.700000000000040146, 20.00000000000000000, -5.424953531142940612E-16 ) ) ;
#2559 = FACE_OUTER_BOUND ( 'NONE', #648, .T. ) ;
#2560 = EDGE_LOOP ( 'NONE', ( #2532, #643 ) ) ;
#2561 = ORIENTED_EDGE ( 'NONE', *, *, #679, .T. ) ;
#2562 = EDGE_CURVE ( 'NONE', #633, #1580, #876, .T. ) ;
#2563 = FACE_OUTER_BOUND ( 'NONE', #779, .T. ) ;
#2564 = ORIENTED_EDGE ( 'NONE', *, *, #1261, .T. ) ;
#2565 = EDGE_CURVE ( 'NONE', #1298, #2682, #1480, .T. ) ;
#2566 = FACE_OUTER_BOUND ( 'NONE', #1734, .T. ) ;
#2567 = DIRECTION ( 'NONE',  ( 7.663935591546400536E-16, 0.000000000000000000, -1.000000000000000000 ) ) ;
#2568 = DIRECTION ( 'NONE',  ( 0.000000000000000000, 0.000000000000000000, 1.000000000000000000 ) ) ;
#2569 = ORIENTED_EDGE ( 'NONE', *, *, #1038, .F. ) ;
#2570 = DIRECTION ( 'NONE',  ( 1.877458068268167797E-16, 0.000000000000000000, 1.000000000000000000 ) ) ;
#2571 = AXIS2_PLACEMENT_3D ( 'NONE', #202, #2699, #1219 ) ;
#2572 = CARTESIAN_POINT ( 'NONE',  ( 0.000000000000000000, 17.00000000000000000, 0.000000000000000000 ) ) ;
#2573 = ORIENTED_EDGE ( 'NONE', *, *, #214, .T. ) ;
#2574 = ORIENTED_EDGE ( 'NONE', *, *, #402, .T. ) ;
#2575 = CIRCLE ( 'NONE', #2628, 5.000000000000000888 ) ;
#2576 = AXIS2_PLACEMENT_3D ( 'NONE', #2168, #1110, #1958 ) ;
#2577 = DIRECTION ( 'NONE',  ( 1.000000000000000000, 0.000000000000000000, 0.000000000000000000 ) ) ;
#2578 = DIRECTION ( 'NONE',  ( 0.000000000000000000, 1.000000000000000000, 0.000000000000000000 ) ) ;
#2579 = ORIENTED_EDGE ( 'NONE', *, *, #785, .F. ) ;
#2580 = CARTESIAN_POINT ( 'NONE',  ( 16.06925219810040772, 7.000000000000001776, -15.00000000000000000 ) ) ;
#2581 = DIRECTION ( 'NONE',  ( -0.000000000000000000, 0.000000000000000000, 1.000000000000000000 ) ) ;
#2582 = ADVANCED_FACE ( 'NONE', ( #1905 ), #859, .F. ) ;
#2583 = VECTOR ( 'NONE', #1556, 1000.000000000000000 ) ;
#2584 = ORIENTED_EDGE ( 'NONE', *, *, #42, .T. ) ;
#2585 = DIRECTION ( 'NONE',  ( 1.000000000000000000, 0.000000000000000000, 0.000000000000000000 ) ) ;
#2586 = DIRECTION ( 'NONE',  ( 0.000000000000000000, 0.000000000000000000, 1.000000000000000000 ) ) ;
#2587 = CARTESIAN_POINT ( 'NONE',  ( 0.000000000000000000, 9.000000000000000000, 0.000000000000000000 ) ) ;
#2588 = EDGE_LOOP ( 'NONE', ( #1414, #2521, #1715, #503 ) ) ;
#2589 = ORIENTED_EDGE ( 'NONE', *, *, #2097, .T. ) ;
#2590 = COORDINATED_UNIVERSAL_TIME_OFFSET ( 5, 30, .AHEAD. ) ;
#2591 = EDGE_CURVE ( 'NONE', #544, #655, #664, .T. ) ;
#2592 = ORIENTED_EDGE ( 'NONE', *, *, #649, .T. ) ;
#2593 = CARTESIAN_POINT ( 'NONE',  ( 0.000000000000000000, 20.00000000000000000, 0.000000000000000000 ) ) ;
#2594 = DIRECTION ( 'NONE',  ( -0.000000000000000000, -1.000000000000000000, -0.000000000000000000 ) ) ;
#2595 = ORIENTED_EDGE ( 'NONE', *, *, #1915, .T. ) ;
#2596 = ADVANCED_FACE ( 'NONE', ( #743 ), #1981, .F. ) ;
#2597 = LINE ( 'NONE', #2394, #512 ) ;
#2598 = LINE ( 'NONE', #717, #746 ) ;
#2599 = CYLINDRICAL_SURFACE ( 'NONE', #1576, 5.000000000000000000 ) ;
#2600 = CIRCLE ( 'NONE', #1102, 2.000000000000001776 ) ;
#2601 = ORIENTED_EDGE ( 'NONE', *, *, #1813, .T. ) ;
#2602 = CARTESIAN_POINT ( 'NONE',  ( 0.000000000000000000, 13.99999999999999822, -17.50000000000000000 ) ) ;
#2603 = CARTESIAN_POINT ( 'NONE',  ( 0.000000000000000000, 17.00000000000000000, 15.00000000000000000 ) ) ;
#2604 = AXIS2_PLACEMENT_3D ( 'NONE', #2448, #1806, #1830 ) ;
#2605 = DIRECTION ( 'NONE',  ( 0.000000000000000000, 0.000000000000000000, -1.000000000000000000 ) ) ;
#2606 = ORIENTED_EDGE ( 'NONE', *, *, #601, .T. ) ;
#2607 = ORIENTED_EDGE ( 'NONE', *, *, #456, .T. ) ;
#2608 = AXIS2_PLACEMENT_3D ( 'NONE', #682, #1482, #1511 ) ;
#2609 = PERSON_AND_ORGANIZATION ( #2013, #877 ) ;
#2610 = EDGE_CURVE ( 'NONE', #940, #2265, #1536, .T. ) ;
#2611 = ORIENTED_EDGE ( 'NONE', *, *, #2392, .F. ) ;
#2612 = DIRECTION ( 'NONE',  ( 0.000000000000000000, 1.000000000000000000, -0.000000000000000000 ) ) ;
#2613 = ADVANCED_FACE ( 'NONE', ( #934 ), #1740, .T. ) ;
#2614 = CARTESIAN_POINT ( 'NONE',  ( 17.56925219810040417, 19.00000000000000000, -3.298553429276184719E-15 ) ) ;
#2615 = ORIENTED_EDGE ( 'NONE', *, *, #1095, .T. ) ;
#2616 = LINE ( 'NONE', #91, #1002 ) ;
#2617 = CARTESIAN_POINT ( 'NONE',  ( 14.56925219810040595, 7.000000000000001776, -12.99999999999999822 ) ) ;
#2618 = DIRECTION ( 'NONE',  ( 0.000000000000000000, 0.000000000000000000, 1.000000000000000000 ) ) ;
#2619 = EDGE_CURVE ( 'NONE', #1666, #1821, #919, .T. ) ;
#2620 = ORIENTED_EDGE ( 'NONE', *, *, #1508, .T. ) ;
#2621 = DIRECTION ( 'NONE',  ( -0.000000000000000000, -1.000000000000000000, -0.000000000000000000 ) ) ;
#2622 = DIRECTION ( 'NONE',  ( 0.000000000000000000, 0.000000000000000000, 1.000000000000000000 ) ) ;
#2623 = ORIENTED_EDGE ( 'NONE', *, *, #601, .F. ) ;
#2624 = SHAPE_DEFINITION_REPRESENTATION ( #1211, #384 ) ;
#2625 = ORIENTED_EDGE ( 'NONE', *, *, #2115, .F. ) ;
#2626 = CIRCLE ( 'NONE', #279, 3.599999999999936584 ) ;
#2627 = DIRECTION ( 'NONE',  ( -0.000000000000000000, 0.000000000000000000, 1.000000000000000000 ) ) ;
#2628 = AXIS2_PLACEMENT_3D ( 'NONE', #2033, #2662, #778 ) ;
#2629 = CARTESIAN_POINT ( 'NONE',  ( 5.599999999999937472, 7.000000000000001776, 18.00000000000000000 ) ) ;
#2630 = ORIENTED_EDGE ( 'NONE', *, *, #1650, .F. ) ;
#2631 = VECTOR ( 'NONE', #992, 1000.000000000000000 ) ;
#2632 = DIRECTION ( 'NONE',  ( 1.000000000000000000, -0.000000000000000000, 0.000000000000000000 ) ) ;
#2633 = CARTESIAN_POINT ( 'NONE',  ( 0.000000000000000000, 19.00000000000000000, 0.000000000000000000 ) ) ;
#2634 = FACE_OUTER_BOUND ( 'NONE', #483, .T. ) ;
#2635 = VERTEX_POINT ( 'NONE', #2629 ) ;
#2636 = CIRCLE ( 'NONE', #1040, 1.500000000000001332 ) ;
#2637 = FACE_OUTER_BOUND ( 'NONE', #913, .T. ) ;
#2638 = ORIENTED_EDGE ( 'NONE', *, *, #1709, .F. ) ;
#2639 = ORIENTED_EDGE ( 'NONE', *, *, #1101, .T. ) ;
#2640 = CARTESIAN_POINT ( 'NONE',  ( -3.599999999999936584, 13.99999999999999822, 17.50000000000000000 ) ) ;
#2641 = PERSON_AND_ORGANIZATION_ROLE ( 'creator' ) ;
#2642 = ORIENTED_EDGE ( 'NONE', *, *, #114, .F. ) ;
#2643 = APPROVAL_PERSON_ORGANIZATION ( #2609, #2162, #1167 ) ;
#2644 = EDGE_CURVE ( 'NONE', #1807, #739, #1152, .T. ) ;
#2645 = ORIENTED_EDGE ( 'NONE', *, *, #2719, .T. ) ;
#2646 = DIRECTION ( 'NONE',  ( 0.000000000000000000, 0.000000000000000000, 1.000000000000000000 ) ) ;
#2647 = ORIENTED_EDGE ( 'NONE', *, *, #2206, .T. ) ;
#2648 = CARTESIAN_POINT ( 'NONE',  ( -5.599999999999938360, 13.99999999999999822, 12.94024729284566355 ) ) ;
#2649 = DIRECTION ( 'NONE',  ( 0.000000000000000000, 0.000000000000000000, -1.000000000000000000 ) ) ;
#2650 = ORIENTED_EDGE ( 'NONE', *, *, #2514, .T. ) ;
#2651 = LINE ( 'NONE', #142, #263 ) ;
#2652 = LINE ( 'NONE', #1144, #858 ) ;
#2653 = ORIENTED_EDGE ( 'NONE', *, *, #537, .F. ) ;
#2654 = EDGE_CURVE ( 'NONE', #2742, #627, #968, .T. ) ;
#2655 = LINE ( 'NONE', #574, #2515 ) ;
#2656 = VECTOR ( 'NONE', #1071, 1000.000000000000000 ) ;
#2657 = EDGE_CURVE ( 'NONE', #2356, #2232, #301, .T. ) ;
#2658 = DIRECTION ( 'NONE',  ( 0.000000000000000000, 1.000000000000000000, -0.000000000000000000 ) ) ;
#2659 = ORIENTED_EDGE ( 'NONE', *, *, #157, .T. ) ;
#2660 = CARTESIAN_POINT ( 'NONE',  ( 0.000000000000000000, 20.00000000000000000, -17.50000000000000000 ) ) ;
#2661 = CARTESIAN_POINT ( 'NONE',  ( 3.599999999999936584, 19.00000000000000000, -17.50000000000000000 ) ) ;
#2662 = DIRECTION ( 'NONE',  ( -0.000000000000000000, 0.000000000000000000, 1.000000000000000000 ) ) ;
#2663 = EDGE_CURVE ( 'NONE', #617, #464, #2441, .T. ) ;
#2664 = EDGE_CURVE ( 'NONE', #1170, #110, #317, .T. ) ;
#2665 = CARTESIAN_POINT ( 'NONE',  ( 17.56925219810040417, 13.99999999999999822, -8.818471051988961307 ) ) ;
#2666 = VERTEX_POINT ( 'NONE', #1171 ) ;
#2667 = DIRECTION ( 'NONE',  ( 0.000000000000000000, 0.000000000000000000, 1.000000000000000000 ) ) ;
#2668 = AXIS2_PLACEMENT_3D ( 'NONE', #397, #1880, #1686 ) ;
#2669 = ORIENTED_EDGE ( 'NONE', *, *, #225, .F. ) ;
#2670 = PLANE ( 'NONE',  #1832 ) ;
#2671 = DIRECTION ( 'NONE',  ( 0.000000000000000000, 0.000000000000000000, 1.000000000000000000 ) ) ;
#2672 = DIRECTION ( 'NONE',  ( -1.543383232444437376E-16, 0.000000000000000000, -1.000000000000000000 ) ) ;
#2673 = CIRCLE ( 'NONE', #1834, 14.09999999999993570 ) ;
#2674 = ORIENTED_EDGE ( 'NONE', *, *, #1300, .T. ) ;
#2675 = DIRECTION ( 'NONE',  ( 0.000000000000000000, 0.000000000000000000, 1.000000000000000000 ) ) ;
#2676 = EDGE_CURVE ( 'NONE', #2204, #2526, #1487, .T. ) ;
#2677 = DIRECTION ( 'NONE',  ( 0.000000000000000000, 1.000000000000000000, -0.000000000000000000 ) ) ;
#2678 = ORIENTED_EDGE ( 'NONE', *, *, #763, .F. ) ;
#2679 = VECTOR ( 'NONE', #1317, 1000.000000000000000 ) ;
#2680 = CARTESIAN_POINT ( 'NONE',  ( -5.599999999999938360, 2.000000000000001776, 15.00000000000000000 ) ) ;
#2681 = AXIS2_PLACEMENT_3D ( 'NONE', #1599, #1332, #2646 ) ;
#2682 = VERTEX_POINT ( 'NONE', #949 ) ;
#2683 = CARTESIAN_POINT ( 'NONE',  ( -5.577633906953673559, 20.00000000000000000, 18.00000000000000000 ) ) ;
#2684 = LINE ( 'NONE', #1204, #62 ) ;
#2685 = ADVANCED_FACE ( 'NONE', ( #2391 ), #2008, .F. ) ;
#2686 = VERTEX_POINT ( 'NONE', #1116 ) ;
#2687 = CARTESIAN_POINT ( 'NONE',  ( 3.599999999999936584, 13.99999999999999822, 0.000000000000000000 ) ) ;
#2688 = DIRECTION ( 'NONE',  ( 0.000000000000000000, -0.000000000000000000, -1.000000000000000000 ) ) ;
#2689 = ORIENTED_EDGE ( 'NONE', *, *, #358, .F. ) ;
#2690 = UNCERTAINTY_MEASURE_WITH_UNIT (LENGTH_MEASURE( 1.000000000000000082E-05 ), #241, 'distance_accuracy_value', 'NONE');
#2691 = CARTESIAN_POINT ( 'NONE',  ( 17.56925219810040417, 13.99999999999999822, -3.298553429276184719E-15 ) ) ;
#2692 = ORIENTED_EDGE ( 'NONE', *, *, #319, .F. ) ;
#2693 = AXIS2_PLACEMENT_3D ( 'NONE', #1234, #169, #6 ) ;
#2694 = AXIS2_PLACEMENT_3D ( 'NONE', #21, #1143, #1109 ) ;
#2695 = EDGE_CURVE ( 'NONE', #1353, #367, #421, .T. ) ;
#2696 = CYLINDRICAL_SURFACE ( 'NONE', #622, 5.000000000000000000 ) ;
#2697 = CARTESIAN_POINT ( 'NONE',  ( -3.600000000001110756, 19.00000000000000000, -3.100446310582881777E-13 ) ) ;
#2698 = CARTESIAN_POINT ( 'NONE',  ( -16.09999999999995879, 7.000000000000002665, 18.00000000000000000 ) ) ;
#2699 = DIRECTION ( 'NONE',  ( 0.000000000000000000, 0.000000000000000000, -1.000000000000000000 ) ) ;
#2700 = EDGE_CURVE ( 'NONE', #558, #851, #712, .T. ) ;
#2701 = ORIENTED_EDGE ( 'NONE', *, *, #1858, .T. ) ;
#2702 = CYLINDRICAL_SURFACE ( 'NONE', #2480, 16.09999999999994458 ) ;
#2703 = VERTEX_POINT ( 'NONE', #1345 ) ;
#2704 = EDGE_CURVE ( 'NONE', #2357, #2182, #532, .T. ) ;
#2705 = DIRECTION ( 'NONE',  ( 1.000000000000000000, 0.000000000000000000, 0.000000000000000000 ) ) ;
#2706 = AXIS2_PLACEMENT_3D ( 'NONE', #1107, #1512, #2326 ) ;
#2707 = CARTESIAN_POINT ( 'NONE',  ( -10.59999999999993925, 2.000000000000001776, -18.00000000000000000 ) ) ;
#2708 = DIRECTION ( 'NONE',  ( 1.000000000000000000, 0.000000000000000000, 0.000000000000000000 ) ) ;
#2709 = EDGE_CURVE ( 'NONE', #2216, #1774, #1773, .T. ) ;
#2710 = LINE ( 'NONE', #828, #635 ) ;
#2711 = VECTOR ( 'NONE', #2329, 1000.000000000000000 ) ;
#2712 = ORIENTED_EDGE ( 'NONE', *, *, #800, .T. ) ;
#2713 = ORIENTED_EDGE ( 'NONE', *, *, #2479, .T. ) ;
#2714 = CIRCLE ( 'NONE', #1036, 14.09999999999993570 ) ;
#2715 = FACE_OUTER_BOUND ( 'NONE', #2255, .T. ) ;
#2716 = CARTESIAN_POINT ( 'NONE',  ( -5.599999999999933920, 17.00000000000000000, 1.619075244245001285E-15 ) ) ;
#2717 = VECTOR ( 'NONE', #139, 1000.000000000000000 ) ;
#2718 = AXIS2_PLACEMENT_3D ( 'NONE', #698, #1393, #60 ) ;
#2719 = EDGE_CURVE ( 'NONE', #155, #1170, #103, .T. ) ;
#2720 = CARTESIAN_POINT ( 'NONE',  ( 16.06925219810040772, 7.000000000000001776, 18.00000000000000000 ) ) ;
#2721 = DIRECTION ( 'NONE',  ( 0.000000000000000000, 0.000000000000000000, 1.000000000000000000 ) ) ;
#2722 = DIRECTION ( 'NONE',  ( 1.000000000000000000, 0.000000000000000000, 0.000000000000000000 ) ) ;
#2723 = ORIENTED_EDGE ( 'NONE', *, *, #1782, .T. ) ;
#2724 = VERTEX_POINT ( 'NONE', #287 ) ;
#2725 = CARTESIAN_POINT ( 'NONE',  ( -16.09999999999995879, 17.00000000000000000, -18.00000000000000000 ) ) ;
#2726 = LINE ( 'NONE', #2303, #1259 ) ;
#2727 = EDGE_CURVE ( 'NONE', #1090, #2429, #1315, .T. ) ;
#2728 = ORIENTED_EDGE ( 'NONE', *, *, #540, .T. ) ;
#2729 = PERSON_AND_ORGANIZATION ( #2013, #877 ) ;
#2730 = EDGE_CURVE ( 'NONE', #2724, #2402, #294, .T. ) ;
#2731 = AXIS2_PLACEMENT_3D ( 'NONE', #2024, #116, #1809 ) ;
#2732 = VECTOR ( 'NONE', #1385, 1000.000000000000000 ) ;
#2733 = CARTESIAN_POINT ( 'NONE',  ( -11.09999999999995701, 7.000000000000001776, -15.00000000000000000 ) ) ;
#2734 = DIRECTION ( 'NONE',  ( 0.000000000000000000, 1.000000000000000000, 0.000000000000000000 ) ) ;
#2735 = DIRECTION ( 'NONE',  ( -1.000000000000000000, 0.000000000000000000, -0.000000000000000000 ) ) ;
#2736 = CARTESIAN_POINT ( 'NONE',  ( 10.59999999999993925, 2.000000000000001776, -15.00000000000000000 ) ) ;
#2737 = EDGE_CURVE ( 'NONE', #583, #2402, #875, .T. ) ;
#2738 = VERTEX_POINT ( 'NONE', #2141 ) ;
#2739 = LINE ( 'NONE', #2725, #1282 ) ;
#2740 = CARTESIAN_POINT ( 'NONE',  ( -5.599999999999938360, 9.000000000000000000, -0.000000000000000000 ) ) ;
#2741 = VERTEX_POINT ( 'NONE', #2158 ) ;
#2742 = VERTEX_POINT ( 'NONE', #1903 ) ;
ENDSEC;
END-ISO-10303-21;
