ISO-10303-21;
HEADER;
FILE_DESCRIPTION (( 'STEP AP203' ),
    '1' );
FILE_NAME ('Part3.STEP',
    '2026-06-20T12:37:10',
    ( '' ),
    ( '' ),
    'SwSTEP 2.0',
    'SolidWorks 2024',
    '' );
FILE_SCHEMA (( 'CONFIG_CONTROL_DESIGN' ));
ENDSEC;

DATA;
#1 = CARTESIAN_POINT ( 'NONE',  ( -18.25000000000000355, 0.000000000000000000, 0.000000000000000000 ) ) ;
#2 = CARTESIAN_POINT ( 'NONE',  ( 19.84999968774225820, 15.00000000000000000, 15.00000000000000355 ) ) ;
#3 = ORIENTED_EDGE ( 'NONE', *, *, #129, .F. ) ;
#4 = FACE_BOUND ( 'NONE', #1211, .T. ) ;
#5 = PERSON_AND_ORGANIZATION ( #286, #991 ) ;
#6 = VERTEX_POINT ( 'NONE', #1716 ) ;
#7 = DIRECTION ( 'NONE',  ( -5.781689155659254446E-16, 0.000000000000000000, -1.000000000000000000 ) ) ;
#8 = CARTESIAN_POINT ( 'NONE',  ( -21.35000000000000142, 15.00000000000000000, 18.00000000000000355 ) ) ;
#9 = ORIENTED_EDGE ( 'NONE', *, *, #244, .F. ) ;
#10 = CARTESIAN_POINT ( 'NONE',  ( 20.62534246575342678, 6.000000000000000000, 4.513064166438185865 ) ) ;
#11 = EDGE_CURVE ( 'NONE', #880, #153, #46, .T. ) ;
#12 = VERTEX_POINT ( 'NONE', #802 ) ;
#13 = DIRECTION ( 'NONE',  ( 0.000000000000000000, 0.000000000000000000, 1.000000000000000000 ) ) ;
#14 = FACE_OUTER_BOUND ( 'NONE', #1937, .T. ) ;
#15 = ORIENTED_EDGE ( 'NONE', *, *, #1737, .F. ) ;
#16 = FACE_OUTER_BOUND ( 'NONE', #1806, .T. ) ;
#17 = AXIS2_PLACEMENT_3D ( 'NONE', #168, #1807, #144 ) ;
#18 = DIRECTION ( 'NONE',  ( -0.000000000000000000, -0.000000000000000000, 1.000000000000000000 ) ) ;
#19 = CARTESIAN_POINT ( 'NONE',  ( 21.34999968774224754, 15.00000000000000000, -18.00000000000000355 ) ) ;
#20 = VECTOR ( 'NONE', #1035, 1000.000000000000000 ) ;
#21 = EDGE_CURVE ( 'NONE', #1675, #1830, #375, .T. ) ;
#22 = VECTOR ( 'NONE', #1018, 1000.000000000000000 ) ;
#23 = VECTOR ( 'NONE', #338, 1000.000000000000000 ) ;
#24 = EDGE_CURVE ( 'NONE', #450, #164, #1045, .T. ) ;
#25 = PERSON_AND_ORGANIZATION ( #286, #991 ) ;
#26 = VERTEX_POINT ( 'NONE', #1241 ) ;
#27 = CIRCLE ( 'NONE', #1300, 5.000000000000000888 ) ;
#28 = CYLINDRICAL_SURFACE ( 'NONE', #1659, 1.500000000000000222 ) ;
#29 = CARTESIAN_POINT ( 'NONE',  ( 6.334246575342472596, 6.000000000000000000, 12.03483777716851044 ) ) ;
#30 = ORIENTED_EDGE ( 'NONE', *, *, #887, .T. ) ;
#31 = CARTESIAN_POINT ( 'NONE',  ( 6.334246575342469932, 3.000000000000000000, -12.03483777716851577 ) ) ;
#32 = CARTESIAN_POINT ( 'NONE',  ( -7.110555533852457977, 6.000000000000000000, -15.00000000000000355 ) ) ;
#33 = DATE_AND_TIME ( #906, #147 ) ;
#34 = EDGE_LOOP ( 'NONE', ( #1585, #1412, #519, #317 ) ) ;
#35 = FACE_BOUND ( 'NONE', #758, .T. ) ;
#36 = VERTEX_POINT ( 'NONE', #490 ) ;
#37 = EDGE_CURVE ( 'NONE', #1685, #920, #346, .T. ) ;
#38 = DIRECTION ( 'NONE',  ( 0.000000000000000000, 0.000000000000000000, 1.000000000000000000 ) ) ;
#39 = ORIENTED_EDGE ( 'NONE', *, *, #492, .T. ) ;
#40 = PLANE ( 'NONE',  #896 ) ;
#41 = PRODUCT_DEFINITION_SHAPE ( 'NONE', 'NONE',  #469 ) ;
#42 = ORIENTED_EDGE ( 'NONE', *, *, #1485, .F. ) ;
#43 = DIRECTION ( 'NONE',  ( -1.000000000000000000, 0.000000000000000000, -1.927470528863117816E-16 ) ) ;
#44 = LINE ( 'NONE', #632, #985 ) ;
#45 = VECTOR ( 'NONE', #709, 1000.000000000000000 ) ;
#46 = LINE ( 'NONE', #1569, #104 ) ;
#47 = LINE ( 'NONE', #520, #791 ) ;
#48 = AXIS2_PLACEMENT_3D ( 'NONE', #559, #249, #1595 ) ;
#49 = VECTOR ( 'NONE', #1475, 1000.000000000000000 ) ;
#50 = EDGE_LOOP ( 'NONE', ( #108, #807, #1834, #565 ) ) ;
#51 = AXIS2_PLACEMENT_3D ( 'NONE', #443, #771, #1816 ) ;
#52 = DIRECTION ( 'NONE',  ( 0.000000000000000000, 0.000000000000000000, 1.000000000000000000 ) ) ;
#53 = AXIS2_PLACEMENT_3D ( 'NONE', #1380, #1550, #52 ) ;
#54 = ORIENTED_EDGE ( 'NONE', *, *, #1162, .T. ) ;
#55 = ADVANCED_FACE ( 'NONE', ( #1781 ), #1913, .F. ) ;
#56 = AXIS2_PLACEMENT_3D ( 'NONE', #1009, #1796, #574 ) ;
#57 = CARTESIAN_POINT ( 'NONE',  ( -22.85000000000000142, 15.00000000000000000, 18.00000000000000355 ) ) ;
#58 = DIRECTION ( 'NONE',  ( 1.000000000000000000, 0.000000000000000000, 0.000000000000000000 ) ) ;
#59 = VERTEX_POINT ( 'NONE', #384 ) ;
#60 = DIRECTION ( 'NONE',  ( -0.8849145424388606962, 0.000000000000000000, 0.4657534246575346093 ) ) ;
#61 = ORIENTED_EDGE ( 'NONE', *, *, #1464, .T. ) ;
#62 = CARTESIAN_POINT ( 'NONE',  ( 26.34999968774225110, 3.000000000000000000, 1.523475074462441146E-14 ) ) ;
#63 = ORIENTED_EDGE ( 'NONE', *, *, #285, .F. ) ;
#64 = FACE_OUTER_BOUND ( 'NONE', #431, .T. ) ;
#65 = VERTEX_POINT ( 'NONE', #550 ) ;
#66 = CARTESIAN_POINT ( 'NONE',  ( 0.000000000000000000, 3.000000000000000000, 0.000000000000000000 ) ) ;
#67 = ORIENTED_EDGE ( 'NONE', *, *, #944, .T. ) ;
#68 = DIRECTION ( 'NONE',  ( -0.8849145424388605852, 0.000000000000000000, 0.4657534246575346648 ) ) ;
#69 = EDGE_LOOP ( 'NONE', ( #182, #616, #1634, #1028, #441, #493, #1797, #1776, #1072 ) ) ;
#70 = LINE ( 'NONE', #643, #201 ) ;
#71 = ORIENTED_EDGE ( 'NONE', *, *, #1310, .F. ) ;
#72 = DIRECTION ( 'NONE',  ( -0.000000000000000000, -1.000000000000000000, -0.000000000000000000 ) ) ;
#73 = ORIENTED_EDGE ( 'NONE', *, *, #1809, .T. ) ;
#74 = AXIS2_PLACEMENT_3D ( 'NONE', #1771, #327, #470 ) ;
#75 = DIRECTION ( 'NONE',  ( -1.000000000000000000, 0.000000000000000000, 0.000000000000000000 ) ) ;
#76 = DIRECTION ( 'NONE',  ( -1.000000000000000000, 0.000000000000000000, 0.000000000000000000 ) ) ;
#77 = EDGE_LOOP ( 'NONE', ( #654, #1429, #773, #306, #1397 ) ) ;
#78 = VECTOR ( 'NONE', #256, 1000.000000000000000 ) ;
#79 = CARTESIAN_POINT ( 'NONE',  ( -22.02260273972603244, 3.000000000000000000, -7.167807793754759516 ) ) ;
#80 = CIRCLE ( 'NONE', #1852, 2.400000000000000799 ) ;
#81 = VERTEX_POINT ( 'NONE', #539 ) ;
#82 = DIRECTION ( 'NONE',  ( 0.000000000000000000, 1.000000000000000000, -0.000000000000000000 ) ) ;
#83 = EDGE_CURVE ( 'NONE', #1320, #1859, #718, .T. ) ;
#84 = VERTEX_POINT ( 'NONE', #1441 ) ;
#85 = CARTESIAN_POINT ( 'NONE',  ( 0.000000000000000000, 3.000000000000000000, 0.000000000000000000 ) ) ;
#86 = DIRECTION ( 'NONE',  ( -0.000000000000000000, -0.000000000000000000, -1.000000000000000000 ) ) ;
#87 = ORIENTED_EDGE ( 'NONE', *, *, #1579, .T. ) ;
#88 = CARTESIAN_POINT ( 'NONE',  ( 0.000000000000000000, 6.000000000000000000, 0.000000000000000000 ) ) ;
#89 = EDGE_CURVE ( 'NONE', #840, #658, #1770, .T. ) ;
#90 = ORIENTED_EDGE ( 'NONE', *, *, #1236, .T. ) ;
#91 = FACE_OUTER_BOUND ( 'NONE', #992, .T. ) ;
#92 = DIRECTION ( 'NONE',  ( 0.000000000000000000, 1.000000000000000000, 0.000000000000000000 ) ) ;
#93 = ORIENTED_EDGE ( 'NONE', *, *, #1129, .T. ) ;
#94 = CARTESIAN_POINT ( 'NONE',  ( 7.731506849315068486, 6.000000000000000000, 14.68958140448507166 ) ) ;
#95 = CARTESIAN_POINT ( 'NONE',  ( -7.731506849315065821, 6.000000000000000000, 14.68958140448508765 ) ) ;
#96 = VERTEX_POINT ( 'NONE', #1461 ) ;
#97 = ADVANCED_FACE ( 'NONE', ( #91 ), #1745, .F. ) ;
#98 = CARTESIAN_POINT ( 'NONE',  ( 0.000000000000000000, 3.000000000000000000, 0.000000000000000000 ) ) ;
#99 = ORIENTED_EDGE ( 'NONE', *, *, #1791, .F. ) ;
#100 = ADVANCED_FACE ( 'NONE', ( #561 ), #875, .T. ) ;
#101 = DIRECTION ( 'NONE',  ( -0.000000000000000000, -1.000000000000000000, -0.000000000000000000 ) ) ;
#102 = CYLINDRICAL_SURFACE ( 'NONE', #1754, 13.60000000000000675 ) ;
#103 = ORIENTED_EDGE ( 'NONE', *, *, #209, .F. ) ;
#104 = VECTOR ( 'NONE', #1738, 1000.000000000000000 ) ;
#105 = AXIS2_PLACEMENT_3D ( 'NONE', #1607, #1166, #428 ) ;
#106 = CARTESIAN_POINT ( 'NONE',  ( 19.84999968774225820, 15.00000000000000000, -18.00000000000000355 ) ) ;
#107 = CARTESIAN_POINT ( 'NONE',  ( 1.347111479062088405E-15, 3.000000000000000000, 11.00000000000000000 ) ) ;
#108 = ORIENTED_EDGE ( 'NONE', *, *, #400, .F. ) ;
#109 = CIRCLE ( 'NONE', #1176, 13.60000000000000675 ) ;
#110 = LINE ( 'NONE', #1644, #581 ) ;
#111 = DIRECTION ( 'NONE',  ( -1.000000000000000000, 0.000000000000000000, 0.000000000000000000 ) ) ;
#112 = ORIENTED_EDGE ( 'NONE', *, *, #936, .T. ) ;
#113 = EDGE_CURVE ( 'NONE', #1830, #1447, #844, .T. ) ;
#114 = AXIS2_PLACEMENT_3D ( 'NONE', #968, #1124, #816 ) ;
#115 = DIRECTION ( 'NONE',  ( 0.000000000000000000, 0.000000000000000000, -1.000000000000000000 ) ) ;
#116 = LINE ( 'NONE', #1309, #1361 ) ;
#117 = CIRCLE ( 'NONE', #237, 1.500000000000001332 ) ;
#118 = VECTOR ( 'NONE', #1319, 1000.000000000000000 ) ;
#119 = ADVANCED_FACE ( 'NONE', ( #408 ), #1617, .F. ) ;
#120 = VERTEX_POINT ( 'NONE', #1451 ) ;
#121 = PLANE ( 'NONE',  #1938 ) ;
#122 = ORIENTED_EDGE ( 'NONE', *, *, #1880, .T. ) ;
#123 = CARTESIAN_POINT ( 'NONE',  ( -7.110555533852457977, 3.000000000000000000, -15.00000000000000355 ) ) ;
#124 = DIRECTION ( 'NONE',  ( -1.000000000000000000, 0.000000000000000000, 0.000000000000000000 ) ) ;
#125 = ORIENTED_EDGE ( 'NONE', *, *, #1016, .F. ) ;
#126 = DIRECTION ( 'NONE',  ( -0.000000000000000000, -1.000000000000000000, -0.000000000000000000 ) ) ;
#127 = DIRECTION ( 'NONE',  ( 0.000000000000000000, 0.000000000000000000, -1.000000000000000000 ) ) ;
#128 = ADVANCED_FACE ( 'NONE', ( #1758 ), #996, .F. ) ;
#129 = EDGE_CURVE ( 'NONE', #1548, #735, #696, .T. ) ;
#130 = CARTESIAN_POINT ( 'NONE',  ( -26.34999999999999787, 3.000000000000000000, -5.078884843554317847E-15 ) ) ;
#131 = ORIENTED_EDGE ( 'NONE', *, *, #1060, .F. ) ;
#132 = PLANE ( 'NONE',  #1598 ) ;
#133 = CYLINDRICAL_SURFACE ( 'NONE', #1558, 13.60000000000000497 ) ;
#134 = ORIENTED_EDGE ( 'NONE', *, *, #1536, .F. ) ;
#135 = FACE_OUTER_BOUND ( 'NONE', #1423, .T. ) ;
#136 = EDGE_CURVE ( 'NONE', #1036, #450, #834, .T. ) ;
#137 = CARTESIAN_POINT ( 'NONE',  ( -18.25000000000000355, 0.000000000000000000, 0.000000000000000000 ) ) ;
#138 = ORIENTED_EDGE ( 'NONE', *, *, #21, .F. ) ;
#139 = AXIS2_PLACEMENT_3D ( 'NONE', #529, #1286, #1902 ) ;
#140 = DIRECTION ( 'NONE',  ( -0.000000000000000000, -0.000000000000000000, 1.000000000000000000 ) ) ;
#141 = DIRECTION ( 'NONE',  ( -1.000000000000000000, 0.000000000000000000, 0.000000000000000000 ) ) ;
#142 = ORIENTED_EDGE ( 'NONE', *, *, #1915, .F. ) ;
#143 = CIRCLE ( 'NONE', #48, 1.500000000000001332 ) ;
#144 = DIRECTION ( 'NONE',  ( 0.000000000000000000, 0.000000000000000000, -1.000000000000000000 ) ) ;
#145 = CARTESIAN_POINT ( 'NONE',  ( 18.25000000000000355, 3.000000000000000000, 0.000000000000000000 ) ) ;
#146 = VECTOR ( 'NONE', #1887, 1000.000000000000000 ) ;
#147 = LOCAL_TIME ( 18, 7, 10.00000000000000000, #1819 ) ;
#148 = DIRECTION ( 'NONE',  ( -1.000000000000000000, 0.000000000000000000, 5.781689155659254446E-16 ) ) ;
#149 = ORIENTED_EDGE ( 'NONE', *, *, #1615, .T. ) ;
#150 = CARTESIAN_POINT ( 'NONE',  ( 21.34999968774225820, 20.00000000000000000, 15.00000000000000711 ) ) ;
#151 = EDGE_CURVE ( 'NONE', #1867, #153, #1420, .T. ) ;
#152 = FACE_OUTER_BOUND ( 'NONE', #1567, .T. ) ;
#153 = VERTEX_POINT ( 'NONE', #1892 ) ;
#154 = EDGE_CURVE ( 'NONE', #853, #1389, #324, .T. ) ;
#155 = DIRECTION ( 'NONE',  ( 5.781689155659254446E-16, -0.000000000000000000, 1.000000000000000000 ) ) ;
#156 = LINE ( 'NONE', #1186, #1298 ) ;
#157 = ORIENTED_EDGE ( 'NONE', *, *, #1329, .F. ) ;
#158 = CARTESIAN_POINT ( 'NONE',  ( 0.000000000000000000, 10.00000000000000000, -18.00000000000000355 ) ) ;
#159 = DIRECTION ( 'NONE',  ( -1.000000000000000000, 0.000000000000000000, 0.000000000000000000 ) ) ;
#160 = ORIENTED_EDGE ( 'NONE', *, *, #1147, .F. ) ;
#161 = EDGE_CURVE ( 'NONE', #1603, #1008, #251, .T. ) ;
#162 = DIRECTION ( 'NONE',  ( 0.000000000000000000, 0.000000000000000000, 1.000000000000000000 ) ) ;
#163 = APPROVAL_ROLE ( '' ) ;
#164 = VERTEX_POINT ( 'NONE', #1934 ) ;
#165 = CARTESIAN_POINT ( 'NONE',  ( 0.000000000000000000, 6.000000000000000000, 0.000000000000000000 ) ) ;
#166 = DIRECTION ( 'NONE',  ( -0.000000000000000000, -1.000000000000000000, -0.000000000000000000 ) ) ;
#167 = VERTEX_POINT ( 'NONE', #1174 ) ;
#168 = CARTESIAN_POINT ( 'NONE',  ( 18.25000000000000355, 3.000000000000000000, 0.000000000000000000 ) ) ;
#169 = VECTOR ( 'NONE', #374, 1000.000000000000000 ) ;
#170 = DIRECTION ( 'NONE',  ( -0.000000000000000000, -1.000000000000000000, -0.000000000000000000 ) ) ;
#171 = ADVANCED_FACE ( 'NONE', ( #1792 ), #1639, .F. ) ;
#172 = VECTOR ( 'NONE', #1030, 1000.000000000000000 ) ;
#173 = VECTOR ( 'NONE', #1096, 1000.000000000000000 ) ;
#174 = CIRCLE ( 'NONE', #1267, 1.500000000000000222 ) ;
#175 = PERSON_AND_ORGANIZATION_ROLE ( 'creator' ) ;
#176 = ORIENTED_EDGE ( 'NONE', *, *, #501, .T. ) ;
#177 = AXIS2_PLACEMENT_3D ( 'NONE', #1198, #7, #742 ) ;
#178 = LINE ( 'NONE', #784, #482 ) ;
#179 = DIRECTION ( 'NONE',  ( -0.4657534246575346093, 0.000000000000000000, 0.8849145424388606962 ) ) ;
#180 = EDGE_LOOP ( 'NONE', ( #1148, #260 ) ) ;
#181 = FACE_BOUND ( 'NONE', #1925, .T. ) ;
#182 = ORIENTED_EDGE ( 'NONE', *, *, #634, .F. ) ;
#183 = ADVANCED_FACE ( 'NONE', ( #897 ), #1672, .T. ) ;
#184 = DIRECTION ( 'NONE',  ( -0.000000000000000000, -0.000000000000000000, -1.000000000000000000 ) ) ;
#185 = ORIENTED_EDGE ( 'NONE', *, *, #511, .T. ) ;
#186 = CYLINDRICAL_SURFACE ( 'NONE', #1024, 1.500000000000001332 ) ;
#187 = CARTESIAN_POINT ( 'NONE',  ( -7.731506849315073815, 6.000000000000000000, -14.68958140448508587 ) ) ;
#188 = PLANE ( 'NONE',  #1465 ) ;
#189 = ORIENTED_EDGE ( 'NONE', *, *, #1310, .T. ) ;
#190 = DIRECTION ( 'NONE',  ( 0.000000000000000000, 1.000000000000000000, -0.000000000000000000 ) ) ;
#191 = DATE_TIME_ROLE ( 'creation_date' ) ;
#192 = ADVANCED_FACE ( 'NONE', ( #912 ), #1503, .F. ) ;
#193 = ORIENTED_EDGE ( 'NONE', *, *, #1784, .T. ) ;
#194 = CARTESIAN_POINT ( 'NONE',  ( 26.34999968774225110, 0.000000000000000000, 15.00000000000000355 ) ) ;
#195 = ORIENTED_EDGE ( 'NONE', *, *, #503, .T. ) ;
#196 = CARTESIAN_POINT ( 'NONE',  ( 0.000000000000000000, 0.000000000000000000, 0.000000000000000000 ) ) ;
#197 = DIRECTION ( 'NONE',  ( 0.8849145424388606962, 0.000000000000000000, -0.4657534246575346093 ) ) ;
#198 = VECTOR ( 'NONE', #1142, 1000.000000000000000 ) ;
#199 = VERTEX_POINT ( 'NONE', #737 ) ;
#200 = DIRECTION ( 'NONE',  ( 0.000000000000000000, 0.000000000000000000, 1.000000000000000000 ) ) ;
#201 = VECTOR ( 'NONE', #1871, 1000.000000000000000 ) ;
#202 = CIRCLE ( 'NONE', #759, 5.000000000000000888 ) ;
#203 = EDGE_LOOP ( 'NONE', ( #282, #1766, #1188, #596, #138, #945 ) ) ;
#204 = CIRCLE ( 'NONE', #1794, 1.500000000000001332 ) ;
#205 = CARTESIAN_POINT ( 'NONE',  ( 6.334246575342471708, 3.000000000000000000, -12.03483777716851399 ) ) ;
#206 = VECTOR ( 'NONE', #1457, 1000.000000000000000 ) ;
#207 = ORIENTED_EDGE ( 'NONE', *, *, #309, .T. ) ;
#208 = CIRCLE ( 'NONE', #1152, 1.500000000000001332 ) ;
#209 = EDGE_CURVE ( 'NONE', #929, #231, #1337, .T. ) ;
#210 = DIRECTION ( 'NONE',  ( 0.000000000000000000, 1.000000000000000000, -0.000000000000000000 ) ) ;
#211 = ADVANCED_FACE ( 'NONE', ( #1345 ), #878, .T. ) ;
#212 = ORIENTED_EDGE ( 'NONE', *, *, #1773, .T. ) ;
#213 = CARTESIAN_POINT ( 'NONE',  ( -7.731506849315073815, 3.000000000000000000, -14.68958140448508587 ) ) ;
#214 = ORIENTED_EDGE ( 'NONE', *, *, #839, .F. ) ;
#215 = DIRECTION ( 'NONE',  ( -5.781689155659254446E-16, 0.000000000000000000, -1.000000000000000000 ) ) ;
#216 = EDGE_LOOP ( 'NONE', ( #1023, #1155, #87, #457, #1288, #1837, #1473, #682, #1733 ) ) ;
#217 = CARTESIAN_POINT ( 'NONE',  ( 0.000000000000000000, 10.00000000000000000, -18.00000000000000355 ) ) ;
#218 = LINE ( 'NONE', #659, #169 ) ;
#219 = EDGE_LOOP ( 'NONE', ( #883, #998, #1258, #580 ) ) ;
#220 = CARTESIAN_POINT ( 'NONE',  ( 6.334246575342472596, 6.000000000000000000, 12.03483777716851044 ) ) ;
#221 = CC_DESIGN_PERSON_AND_ORGANIZATION_ASSIGNMENT ( #25, #1205, ( #1699 ) ) ;
#222 = ORIENTED_EDGE ( 'NONE', *, *, #1656, .F. ) ;
#223 = DIRECTION ( 'NONE',  ( -0.8849145424388608072, 0.000000000000000000, -0.4657534246575344428 ) ) ;
#224 = DIRECTION ( 'NONE',  ( 0.000000000000000000, 0.000000000000000000, -1.000000000000000000 ) ) ;
#225 = VERTEX_POINT ( 'NONE', #106 ) ;
#226 = DIRECTION ( 'NONE',  ( 0.8849145424388610293, 0.000000000000000000, 0.4657534246575341652 ) ) ;
#227 = ORIENTED_EDGE ( 'NONE', *, *, #386, .F. ) ;
#228 = DIRECTION ( 'NONE',  ( -1.000000000000000000, 0.000000000000000000, 0.000000000000000000 ) ) ;
#229 = ADVANCED_FACE ( 'NONE', ( #554, #1795, #277, #573 ), #121, .F. ) ;
#230 = CIRCLE ( 'NONE', #789, 1.500000000000001332 ) ;
#231 = VERTEX_POINT ( 'NONE', #923 ) ;
#232 = EDGE_CURVE ( 'NONE', #508, #853, #898, .T. ) ;
#233 = LINE ( 'NONE', #1713, #1948 ) ;
#234 = DIRECTION ( 'NONE',  ( 0.000000000000000000, 1.000000000000000000, 0.000000000000000000 ) ) ;
#235 = ORIENTED_EDGE ( 'NONE', *, *, #154, .F. ) ;
#236 = CIRCLE ( 'NONE', #303, 1.500000000000001332 ) ;
#237 = AXIS2_PLACEMENT_3D ( 'NONE', #601, #1233, #1849 ) ;
#238 = CARTESIAN_POINT ( 'NONE',  ( 26.34999968774225110, 3.000000000000000000, -15.00000000000000355 ) ) ;
#239 = CARTESIAN_POINT ( 'NONE',  ( -21.35000000000000142, 15.00000000000000000, -18.00000000000000355 ) ) ;
#240 = VECTOR ( 'NONE', #287, 1000.000000000000000 ) ;
#241 = CARTESIAN_POINT ( 'NONE',  ( 0.000000000000000000, 0.000000000000000000, -18.00000000000000355 ) ) ;
#242 = LINE ( 'NONE', #530, #49 ) ;
#243 = ORIENTED_EDGE ( 'NONE', *, *, #1344, .T. ) ;
#244 = EDGE_CURVE ( 'NONE', #81, #1696, #1355, .T. ) ;
#245 = DIRECTION ( 'NONE',  ( -0.000000000000000000, -0.000000000000000000, -1.000000000000000000 ) ) ;
#246 = DIRECTION ( 'NONE',  ( -3.469446951953614189E-16, 1.000000000000000000, 0.000000000000000000 ) ) ;
#247 = ORIENTED_EDGE ( 'NONE', *, *, #1842, .T. ) ;
#248 = APPROVAL ( #1664, 'UNSPECIFIED' ) ;
#249 = DIRECTION ( 'NONE',  ( 0.000000000000000000, 0.000000000000000000, -1.000000000000000000 ) ) ;
#250 = ORIENTED_EDGE ( 'NONE', *, *, #752, .F. ) ;
#251 = LINE ( 'NONE', #1474, #787 ) ;
#252 = DIRECTION ( 'NONE',  ( 0.000000000000000000, 0.000000000000000000, -1.000000000000000000 ) ) ;
#253 = VERTEX_POINT ( 'NONE', #1248 ) ;
#254 = DIRECTION ( 'NONE',  ( 0.000000000000000000, 1.000000000000000000, -0.000000000000000000 ) ) ;
#255 = EDGE_CURVE ( 'NONE', #1900, #830, #1736, .T. ) ;
#256 = DIRECTION ( 'NONE',  ( 0.8849145424388606962, 0.000000000000000000, -0.4657534246575345538 ) ) ;
#257 = ORIENTED_EDGE ( 'NONE', *, *, #723, .T. ) ;
#258 = DIRECTION ( 'NONE',  ( 2.040851148208008393E-15, 0.000000000000000000, 1.000000000000000000 ) ) ;
#259 = DIRECTION ( 'NONE',  ( -0.000000000000000000, -1.000000000000000000, -0.000000000000000000 ) ) ;
#260 = ORIENTED_EDGE ( 'NONE', *, *, #1679, .F. ) ;
#261 = EDGE_CURVE ( 'NONE', #1410, #310, #497, .T. ) ;
#262 = CARTESIAN_POINT ( 'NONE',  ( -7.731506849315065821, 6.000000000000000000, 14.68958140448508765 ) ) ;
#263 = DIRECTION ( 'NONE',  ( -0.000000000000000000, -1.000000000000000000, 0.000000000000000000 ) ) ;
#264 = ORIENTED_EDGE ( 'NONE', *, *, #255, .F. ) ;
#265 = AXIS2_PLACEMENT_3D ( 'NONE', #1328, #1610, #148 ) ;
#266 = CARTESIAN_POINT ( 'NONE',  ( 0.000000000000000000, 0.000000000000000000, 0.000000000000000000 ) ) ;
#267 = ORIENTED_EDGE ( 'NONE', *, *, #647, .T. ) ;
#268 = CARTESIAN_POINT ( 'NONE',  ( 22.84999968774226176, 15.00000000000000000, 18.00000000000000355 ) ) ;
#269 = VECTOR ( 'NONE', #311, 1000.000000000000000 ) ;
#270 = CARTESIAN_POINT ( 'NONE',  ( 0.000000000000000000, 10.00000000000000000, 15.00000000000000355 ) ) ;
#271 = ORIENTED_EDGE ( 'NONE', *, *, #373, .T. ) ;
#272 = AXIS2_PLACEMENT_3D ( 'NONE', #1302, #1775, #1011 ) ;
#273 = DIRECTION ( 'NONE',  ( -0.000000000000000000, -1.000000000000000000, -0.000000000000000000 ) ) ;
#274 = CARTESIAN_POINT ( 'NONE',  ( 0.000000000000000000, 6.000000000000000000, 0.000000000000000000 ) ) ;
#275 = AXIS2_PLACEMENT_3D ( 'NONE', #1923, #872, #432 ) ;
#276 = ADVANCED_FACE ( 'NONE', ( #809 ), #790, .F. ) ;
#277 = FACE_BOUND ( 'NONE', #726, .T. ) ;
#278 = CARTESIAN_POINT ( 'NONE',  ( -18.25000000000000355, 3.000000000000000000, 0.000000000000000000 ) ) ;
#279 = VERTEX_POINT ( 'NONE', #1414 ) ;
#280 = CARTESIAN_POINT ( 'NONE',  ( 19.84999968774225820, 15.00000000000000000, 18.00000000000000355 ) ) ;
#281 = DIRECTION ( 'NONE',  ( -0.000000000000000000, -1.000000000000000000, -0.000000000000000000 ) ) ;
#282 = ORIENTED_EDGE ( 'NONE', *, *, #465, .F. ) ;
#283 = CARTESIAN_POINT ( 'NONE',  ( 0.000000000000000000, 3.000000000000000000, 0.000000000000000000 ) ) ;
#284 = LINE ( 'NONE', #429, #1145 ) ;
#285 = EDGE_CURVE ( 'NONE', #1580, #167, #1553, .T. ) ;
#286 = PERSON ( 'UNSPECIFIED', 'UNSPECIFIED', 'UNSPECIFIED', ('UNSPECIFIED'), ('UNSPECIFIED'), ('UNSPECIFIED') ) ;
#287 = DIRECTION ( 'NONE',  ( -0.000000000000000000, -0.000000000000000000, -1.000000000000000000 ) ) ;
#288 = EDGE_LOOP ( 'NONE', ( #1405, #434, #247, #372 ) ) ;
#289 = CYLINDRICAL_SURFACE ( 'NONE', #177, 5.000000000000000888 ) ;
#290 = LINE ( 'NONE', #882, #1593 ) ;
#291 = ORIENTED_EDGE ( 'NONE', *, *, #928, .T. ) ;
#292 = CARTESIAN_POINT ( 'NONE',  ( -21.34999999999999432, 15.00000000000000000, -18.00000000000000355 ) ) ;
#293 = ADVANCED_FACE ( 'NONE', ( #506 ), #1097, .T. ) ;
#294 = DIRECTION ( 'NONE',  ( 1.000000000000000000, -0.000000000000000000, 1.927470528863118802E-16 ) ) ;
#295 = VECTOR ( 'NONE', #1277, 1000.000000000000000 ) ;
#296 = ORIENTED_EDGE ( 'NONE', *, *, #988, .F. ) ;
#297 = DIRECTION ( 'NONE',  ( 0.000000000000000000, 1.000000000000000000, -0.000000000000000000 ) ) ;
#298 = FACE_OUTER_BOUND ( 'NONE', #1616, .T. ) ;
#299 = EDGE_LOOP ( 'NONE', ( #438, #937, #336, #1606, #1743 ) ) ;
#300 = AXIS2_PLACEMENT_3D ( 'NONE', #1715, #352, #366 ) ;
#301 = AXIS2_PLACEMENT_3D ( 'NONE', #347, #1555, #200 ) ;
#302 = CARTESIAN_POINT ( 'NONE',  ( 7.110555533852457977, 3.000000000000000000, -15.00000000000000355 ) ) ;
#303 = AXIS2_PLACEMENT_3D ( 'NONE', #1281, #86, #76 ) ;
#304 = CIRCLE ( 'NONE', #1850, 1.500000000000001332 ) ;
#305 = EDGE_CURVE ( 'NONE', #36, #1447, #70, .T. ) ;
#306 = ORIENTED_EDGE ( 'NONE', *, *, #1276, .T. ) ;
#307 = PLANE ( 'NONE',  #1632 ) ;
#308 = DIRECTION ( 'NONE',  ( 0.8849145424388606962, 0.000000000000000000, -0.4657534246575346093 ) ) ;
#309 = EDGE_CURVE ( 'NONE', #557, #412, #419, .T. ) ;
#310 = VERTEX_POINT ( 'NONE', #1727 ) ;
#311 = DIRECTION ( 'NONE',  ( -0.000000000000000000, -1.000000000000000000, -0.000000000000000000 ) ) ;
#312 = PERSON_AND_ORGANIZATION ( #286, #991 ) ;
#313 = ORIENTED_EDGE ( 'NONE', *, *, #1512, .T. ) ;
#314 = ADVANCED_FACE ( 'NONE', ( #64 ), #631, .T. ) ;
#315 = CARTESIAN_POINT ( 'NONE',  ( -26.34999999999999787, 3.000000000000000000, 5.078884843554317847E-15 ) ) ;
#316 = CARTESIAN_POINT ( 'NONE',  ( 18.25000000000000355, 3.000000000000000000, 2.400000000000000799 ) ) ;
#317 = ORIENTED_EDGE ( 'NONE', *, *, #1010, .T. ) ;
#318 = DIRECTION ( 'NONE',  ( 0.000000000000000000, 0.000000000000000000, -1.000000000000000000 ) ) ;
#319 = DIRECTION ( 'NONE',  ( 0.000000000000000000, 1.000000000000000000, -0.000000000000000000 ) ) ;
#320 = ORIENTED_EDGE ( 'NONE', *, *, #455, .T. ) ;
#321 = FACE_OUTER_BOUND ( 'NONE', #903, .T. ) ;
#322 = DIRECTION ( 'NONE',  ( -0.8849145424388608072, 0.000000000000000000, 0.4657534246575344428 ) ) ;
#323 = EDGE_LOOP ( 'NONE', ( #1872, #131, #160, #90 ) ) ;
#324 = CIRCLE ( 'NONE', #139, 1.500000000000001332 ) ;
#325 = FACE_OUTER_BOUND ( 'NONE', #740, .T. ) ;
#326 = CIRCLE ( 'NONE', #1874, 1.500000000000000222 ) ;
#327 = DIRECTION ( 'NONE',  ( -0.000000000000000000, -0.000000000000000000, -1.000000000000000000 ) ) ;
#328 = CIRCLE ( 'NONE', #1426, 8.099999999999971223 ) ;
#329 = VECTOR ( 'NONE', #761, 1000.000000000000000 ) ;
#330 = APPROVAL ( #1547, 'UNSPECIFIED' ) ;
#331 = AXIS2_PLACEMENT_3D ( 'NONE', #1333, #724, #1635 ) ;
#332 = COORDINATED_UNIVERSAL_TIME_OFFSET ( 5, 30, .AHEAD. ) ;
#333 = VERTEX_POINT ( 'NONE', #1119 ) ;
#334 =( GEOMETRIC_REPRESENTATION_CONTEXT ( 3 ) GLOBAL_UNCERTAINTY_ASSIGNED_CONTEXT ( ( #1815 ) ) GLOBAL_UNIT_ASSIGNED_CONTEXT ( ( #847, #585, #1039 ) ) REPRESENTATION_CONTEXT ( 'NONE', 'WORKASPACE' ) );
#335 = CARTESIAN_POINT ( 'NONE',  ( 20.62534246575342678, 3.000000000000000000, -4.513064166438192970 ) ) ;
#336 = ORIENTED_EDGE ( 'NONE', *, *, #377, .F. ) ;
#337 = PLANE ( 'NONE',  #541 ) ;
#338 = DIRECTION ( 'NONE',  ( 5.781689155659254446E-16, -0.000000000000000000, 1.000000000000000000 ) ) ;
#339 = EDGE_CURVE ( 'NONE', #830, #1070, #755, .T. ) ;
#340 = ORIENTED_EDGE ( 'NONE', *, *, #1344, .F. ) ;
#341 = DIRECTION ( 'NONE',  ( 2.664535259100375697E-15, 0.000000000000000000, 1.000000000000000000 ) ) ;
#342 = VERTEX_POINT ( 'NONE', #962 ) ;
#343 = PLANE ( 'NONE',  #1331 ) ;
#344 = ORIENTED_EDGE ( 'NONE', *, *, #1195, .T. ) ;
#345 = CARTESIAN_POINT ( 'NONE',  ( -26.35000000000000142, 0.000000000000000000, 18.00000000000000355 ) ) ;
#346 = LINE ( 'NONE', #1308, #45 ) ;
#347 = CARTESIAN_POINT ( 'NONE',  ( 0.000000000000000000, 3.000000000000000000, 0.000000000000000000 ) ) ;
#348 = ORIENTED_EDGE ( 'NONE', *, *, #752, .T. ) ;
#349 = FACE_BOUND ( 'NONE', #1180, .T. ) ;
#350 = ORIENTED_EDGE ( 'NONE', *, *, #244, .T. ) ;
#351 = ADVANCED_FACE ( 'NONE', ( #801 ), #1238, .T. ) ;
#352 = DIRECTION ( 'NONE',  ( -0.000000000000000000, -1.000000000000000000, -0.000000000000000000 ) ) ;
#353 = ORIENTED_EDGE ( 'NONE', *, *, #698, .T. ) ;
#354 = ORIENTED_EDGE ( 'NONE', *, *, #928, .F. ) ;
#355 = CARTESIAN_POINT ( 'NONE',  ( -18.25000000000000355, 3.000000000000000000, 0.000000000000000000 ) ) ;
#356 = AXIS2_PLACEMENT_3D ( 'NONE', #932, #1394, #58 ) ;
#357 = AXIS2_PLACEMENT_3D ( 'NONE', #1408, #1893, #368 ) ;
#358 = VERTEX_POINT ( 'NONE', #345 ) ;
#359 = CIRCLE ( 'NONE', #114, 5.000000000000000888 ) ;
#360 = LINE ( 'NONE', #649, #427 ) ;
#361 = ADVANCED_FACE ( 'NONE', ( #941 ), #337, .T. ) ;
#362 = CIRCLE ( 'NONE', #1688, 5.099999999999999645 ) ;
#363 = EDGE_LOOP ( 'NONE', ( #722, #313, #656, #407 ) ) ;
#364 = APPROVAL_PERSON_ORGANIZATION ( #312, #248, #1230 ) ;
#365 = CARTESIAN_POINT ( 'NONE',  ( 0.000000000000000000, 6.000000000000000000, -13.60000000000000675 ) ) ;
#366 = DIRECTION ( 'NONE',  ( 0.000000000000000000, 0.000000000000000000, -1.000000000000000000 ) ) ;
#367 = ORIENTED_EDGE ( 'NONE', *, *, #525, .F. ) ;
#368 = DIRECTION ( 'NONE',  ( 0.000000000000000000, 0.000000000000000000, 1.000000000000000000 ) ) ;
#369 = ORIENTED_EDGE ( 'NONE', *, *, #788, .F. ) ;
#370 = DIRECTION ( 'NONE',  ( -0.000000000000000000, -0.000000000000000000, -1.000000000000000000 ) ) ;
#371 = DIRECTION ( 'NONE',  ( 0.000000000000000000, 0.000000000000000000, 1.000000000000000000 ) ) ;
#372 = ORIENTED_EDGE ( 'NONE', *, *, #1101, .T. ) ;
#373 = EDGE_CURVE ( 'NONE', #1577, #410, #218, .T. ) ;
#374 = DIRECTION ( 'NONE',  ( -5.781689155659254446E-16, 0.000000000000000000, -1.000000000000000000 ) ) ;
#375 = LINE ( 'NONE', #972, #1522 ) ;
#376 = DIRECTION ( 'NONE',  ( -0.000000000000000000, -0.000000000000000000, 1.000000000000000000 ) ) ;
#377 = EDGE_CURVE ( 'NONE', #963, #84, #1263, .T. ) ;
#378 = VERTEX_POINT ( 'NONE', #818 ) ;
#379 = DIRECTION ( 'NONE',  ( 0.8849145424388605852, 0.000000000000000000, -0.4657534246575346648 ) ) ;
#380 = LINE ( 'NONE', #990, #23 ) ;
#381 = ORIENTED_EDGE ( 'NONE', *, *, #136, .F. ) ;
#382 = DIRECTION ( 'NONE',  ( -0.000000000000000000, -0.000000000000000000, 1.000000000000000000 ) ) ;
#383 = CARTESIAN_POINT ( 'NONE',  ( 21.34999968774226176, 15.00000000000000000, -18.00000000000000355 ) ) ;
#384 = CARTESIAN_POINT ( 'NONE',  ( 7.731506849315068486, 6.000000000000000000, 14.68958140448507166 ) ) ;
#385 = CARTESIAN_POINT ( 'NONE',  ( -18.25000000000000355, 0.000000000000000000, -2.400000000000000799 ) ) ;
#386 = EDGE_CURVE ( 'NONE', #1900, #12, #1427, .T. ) ;
#387 = AXIS2_PLACEMENT_3D ( 'NONE', #602, #459, #322 ) ;
#388 = VERTEX_POINT ( 'NONE', #1275 ) ;
#389 = CIRCLE ( 'NONE', #1326, 2.400000000000000799 ) ;
#390 = DIRECTION ( 'NONE',  ( -1.000000000000000000, 0.000000000000000000, 0.000000000000000000 ) ) ;
#391 = CARTESIAN_POINT ( 'NONE',  ( -26.34999999999999787, 0.000000000000000000, -5.078884843554317847E-15 ) ) ;
#392 = ORIENTED_EDGE ( 'NONE', *, *, #1477, .T. ) ;
#393 = AXIS2_PLACEMENT_3D ( 'NONE', #1541, #496, #1375 ) ;
#394 = CIRCLE ( 'NONE', #1916, 5.000000000000000888 ) ;
#395 = DIRECTION ( 'NONE',  ( 0.000000000000000000, 1.000000000000000000, -0.000000000000000000 ) ) ;
#396 = LINE ( 'NONE', #1314, #1460 ) ;
#397 = ORIENTED_EDGE ( 'NONE', *, *, #1901, .F. ) ;
#398 = DIRECTION ( 'NONE',  ( 0.000000000000000000, 0.000000000000000000, -1.000000000000000000 ) ) ;
#399 = DIRECTION ( 'NONE',  ( 0.000000000000000000, 1.000000000000000000, -0.000000000000000000 ) ) ;
#400 = EDGE_CURVE ( 'NONE', #358, #36, #478, .T. ) ;
#401 = EDGE_LOOP ( 'NONE', ( #30, #243 ) ) ;
#402 = LINE ( 'NONE', #430, #118 ) ;
#403 = DIRECTION ( 'NONE',  ( -1.000000000000000000, 0.000000000000000000, -3.469446951953613696E-16 ) ) ;
#404 = VERTEX_POINT ( 'NONE', #548 ) ;
#405 = CARTESIAN_POINT ( 'NONE',  ( 21.34999968774226176, 15.00000000000000000, 15.00000000000000355 ) ) ;
#406 = DIRECTION ( 'NONE',  ( -0.000000000000000000, -1.000000000000000000, 0.000000000000000000 ) ) ;
#407 = ORIENTED_EDGE ( 'NONE', *, *, #698, .F. ) ;
#408 = FACE_OUTER_BOUND ( 'NONE', #1109, .T. ) ;
#409 = DIRECTION ( 'NONE',  ( -0.000000000000000000, -1.000000000000000000, -0.000000000000000000 ) ) ;
#410 = VERTEX_POINT ( 'NONE', #1171 ) ;
#411 = FACE_BOUND ( 'NONE', #1113, .T. ) ;
#412 = VERTEX_POINT ( 'NONE', #716 ) ;
#413 = CARTESIAN_POINT ( 'NONE',  ( 7.110555533852457977, 6.000000000000000000, -15.00000000000000355 ) ) ;
#414 = DIRECTION ( 'NONE',  ( -1.000000000000000000, -0.000000000000000000, 0.000000000000000000 ) ) ;
#415 = EDGE_CURVE ( 'NONE', #378, #164, #1128, .T. ) ;
#416 = VERTEX_POINT ( 'NONE', #1787 ) ;
#417 = CARTESIAN_POINT ( 'NONE',  ( 7.110555533852442878, 6.000000000000000000, 15.00000000000000355 ) ) ;
#418 = CARTESIAN_POINT ( 'NONE',  ( -18.25000000000000355, 6.000000000000000000, 0.000000000000000000 ) ) ;
#419 = CIRCLE ( 'NONE', #917, 1.500000000000001332 ) ;
#420 = CARTESIAN_POINT ( 'NONE',  ( -19.84999999999999787, 15.00000000000000000, 18.00000000000000355 ) ) ;
#421 = ORIENTED_EDGE ( 'NONE', *, *, #1802, .F. ) ;
#422 = VECTOR ( 'NONE', #72, 1000.000000000000000 ) ;
#423 = DIRECTION ( 'NONE',  ( 0.8849145424388605852, 0.000000000000000000, -0.4657534246575346648 ) ) ;
#424 = AXIS2_PLACEMENT_3D ( 'NONE', #828, #488, #1841 ) ;
#425 = DIRECTION ( 'NONE',  ( 1.927470528863118802E-16, 0.000000000000000000, -1.000000000000000000 ) ) ;
#426 = ORIENTED_EDGE ( 'NONE', *, *, #1868, .F. ) ;
#427 = VECTOR ( 'NONE', #1253, 1000.000000000000000 ) ;
#428 = DIRECTION ( 'NONE',  ( -1.000000000000000000, 0.000000000000000000, 0.000000000000000000 ) ) ;
#429 = CARTESIAN_POINT ( 'NONE',  ( -22.85000000000000142, 15.00000000000000000, 18.00000000000000355 ) ) ;
#430 = CARTESIAN_POINT ( 'NONE',  ( -18.25000000000000355, 3.000000000000000000, -2.400000000000000799 ) ) ;
#431 = EDGE_LOOP ( 'NONE', ( #814, #1652, #1506, #1502 ) ) ;
#432 = DIRECTION ( 'NONE',  ( 0.000000000000000000, 0.000000000000000000, -1.000000000000000000 ) ) ;
#433 = DIRECTION ( 'NONE',  ( 0.000000000000000000, 0.000000000000000000, -1.000000000000000000 ) ) ;
#434 = ORIENTED_EDGE ( 'NONE', *, *, #1485, .T. ) ;
#435 = EDGE_CURVE ( 'NONE', #1254, #1005, #230, .T. ) ;
#436 = DIRECTION ( 'NONE',  ( 0.000000000000000000, 0.000000000000000000, -1.000000000000000000 ) ) ;
#437 = CARTESIAN_POINT ( 'NONE',  ( -18.25000000000000355, 3.000000000000000000, 0.000000000000000000 ) ) ;
#438 = ORIENTED_EDGE ( 'NONE', *, *, #1829, .F. ) ;
#439 = CARTESIAN_POINT ( 'NONE',  ( 21.34999968774224754, 20.00000000000000000, -15.00000000000000355 ) ) ;
#440 = CARTESIAN_POINT ( 'NONE',  ( 6.334246575342469932, 6.000000000000000000, -12.03483777716851577 ) ) ;
#441 = ORIENTED_EDGE ( 'NONE', *, *, #1838, .F. ) ;
#442 = CARTESIAN_POINT ( 'NONE',  ( 26.34999968774225110, 15.00000000000000000, -1.523475074462441146E-14 ) ) ;
#443 = CARTESIAN_POINT ( 'NONE',  ( 0.000000000000000000, 6.000000000000000000, 0.000000000000000000 ) ) ;
#444 = EDGE_CURVE ( 'NONE', #1557, #508, #1524, .T. ) ;
#445 = EDGE_CURVE ( 'NONE', #199, #1625, #1744, .T. ) ;
#446 = AXIS2_PLACEMENT_3D ( 'NONE', #262, #1296, #1596 ) ;
#447 = ORIENTED_EDGE ( 'NONE', *, *, #1090, .F. ) ;
#448 = DIRECTION ( 'NONE',  ( 0.000000000000000000, 0.000000000000000000, 1.000000000000000000 ) ) ;
#449 = PLANE ( 'NONE',  #477 ) ;
#450 = VERTEX_POINT ( 'NONE', #865 ) ;
#451 = CIRCLE ( 'NONE', #1390, 11.00000000000000000 ) ;
#452 = CARTESIAN_POINT ( 'NONE',  ( -21.35000000000000142, 15.00000000000000000, -18.00000000000000355 ) ) ;
#453 = CIRCLE ( 'NONE', #824, 2.400000000000000799 ) ;
#454 = VECTOR ( 'NONE', #892, 1000.000000000000000 ) ;
#455 = EDGE_CURVE ( 'NONE', #416, #495, #326, .T. ) ;
#456 = CC_DESIGN_SECURITY_CLASSIFICATION ( #958, ( #1884 ) ) ;
#457 = ORIENTED_EDGE ( 'NONE', *, *, #812, .T. ) ;
#458 = DIRECTION ( 'NONE',  ( -1.000000000000000000, 0.000000000000000000, 0.000000000000000000 ) ) ;
#459 = DIRECTION ( 'NONE',  ( -0.4657534246575344428, 0.000000000000000000, -0.8849145424388608072 ) ) ;
#460 = EDGE_LOOP ( 'NONE', ( #1033, #810, #560, #1304 ) ) ;
#461 = ADVANCED_FACE ( 'NONE', ( #1139 ), #1910, .F. ) ;
#462 = DIRECTION ( 'NONE',  ( 0.8851730575514635824, 0.000000000000000000, 0.4652619242802847888 ) ) ;
#463 = EDGE_LOOP ( 'NONE', ( #1256, #1075, #1012, #472 ) ) ;
#464 = DIRECTION ( 'NONE',  ( -3.469446951953614189E-16, 1.000000000000000000, 0.000000000000000000 ) ) ;
#465 = EDGE_CURVE ( 'NONE', #410, #796, #396, .T. ) ;
#466 = CARTESIAN_POINT ( 'NONE',  ( -26.35000000000000142, 3.000000000000000000, -15.00000000000000355 ) ) ;
#467 = ORIENTED_EDGE ( 'NONE', *, *, #1476, .T. ) ;
#468 = DIRECTION ( 'NONE',  ( -0.000000000000000000, -0.000000000000000000, -1.000000000000000000 ) ) ;
#469 = PRODUCT_DEFINITION ( 'UNKNOWN', '', #1884, #1690 ) ;
#470 = DIRECTION ( 'NONE',  ( -1.000000000000000000, 0.000000000000000000, 0.000000000000000000 ) ) ;
#471 = SHAPE_DEFINITION_REPRESENTATION ( #41, #675 ) ;
#472 = ORIENTED_EDGE ( 'NONE', *, *, #528, .T. ) ;
#473 = CARTESIAN_POINT ( 'NONE',  ( -26.35000000000000142, 0.000000000000000000, 15.00000000000000355 ) ) ;
#474 = ORIENTED_EDGE ( 'NONE', *, *, #1838, .T. ) ;
#475 = ADVANCED_FACE ( 'NONE', ( #1768 ), #707, .F. ) ;
#476 = LINE ( 'NONE', #1826, #329 ) ;
#477 = AXIS2_PLACEMENT_3D ( 'NONE', #29, #1217, #308 ) ;
#478 = LINE ( 'NONE', #1078, #1232 ) ;
#479 = CARTESIAN_POINT ( 'NONE',  ( 0.000000000000000000, 3.000000000000000000, 0.000000000000000000 ) ) ;
#480 = AXIS2_PLACEMENT_3D ( 'NONE', #1324, #399, #1442 ) ;
#481 = CARTESIAN_POINT ( 'NONE',  ( 0.000000000000000000, 10.00000000000000000, -15.00000000000000355 ) ) ;
#482 = VECTOR ( 'NONE', #1388, 1000.000000000000000 ) ;
#483 = PERSON_AND_ORGANIZATION_ROLE ( 'classification_officer' ) ;
#484 = ORIENTED_EDGE ( 'NONE', *, *, #1010, .F. ) ;
#485 = LINE ( 'NONE', #473, #667 ) ;
#486 = ORIENTED_EDGE ( 'NONE', *, *, #1904, .T. ) ;
#487 = DIRECTION ( 'NONE',  ( -0.000000000000000000, -1.000000000000000000, -0.000000000000000000 ) ) ;
#488 = DIRECTION ( 'NONE',  ( -0.000000000000000000, -1.000000000000000000, -0.000000000000000000 ) ) ;
#489 = EDGE_CURVE ( 'NONE', #840, #1675, #1306, .T. ) ;
#490 = CARTESIAN_POINT ( 'NONE',  ( 26.34999968774226176, 0.000000000000000000, 18.00000000000000355 ) ) ;
#491 = LINE ( 'NONE', #1866, #984 ) ;
#492 = EDGE_CURVE ( 'NONE', #1861, #1646, #1439, .T. ) ;
#493 = ORIENTED_EDGE ( 'NONE', *, *, #1701, .T. ) ;
#494 = DIRECTION ( 'NONE',  ( -1.000000000000000000, -0.000000000000000000, 0.000000000000000000 ) ) ;
#495 = VERTEX_POINT ( 'NONE', #1924 ) ;
#496 = DIRECTION ( 'NONE',  ( -0.000000000000000000, -1.000000000000000000, -0.000000000000000000 ) ) ;
#497 = LINE ( 'NONE', #1542, #1261 ) ;
#498 = EDGE_LOOP ( 'NONE', ( #895, #1526 ) ) ;
#499 = ORIENTED_EDGE ( 'NONE', *, *, #1090, .T. ) ;
#500 = CARTESIAN_POINT ( 'NONE',  ( -7.731506849315073815, 6.000000000000000000, -14.68958140448508587 ) ) ;
#501 = EDGE_CURVE ( 'NONE', #1410, #1002, #109, .T. ) ;
#502 = VERTEX_POINT ( 'NONE', #1624 ) ;
#503 = EDGE_CURVE ( 'NONE', #1911, #1371, #143, .T. ) ;
#504 = FACE_BOUND ( 'NONE', #401, .T. ) ;
#505 = ORIENTED_EDGE ( 'NONE', *, *, #1763, .T. ) ;
#506 = FACE_OUTER_BOUND ( 'NONE', #995, .T. ) ;
#507 = VECTOR ( 'NONE', #166, 1000.000000000000000 ) ;
#508 = VERTEX_POINT ( 'NONE', #842 ) ;
#509 = DIRECTION ( 'NONE',  ( 0.000000000000000000, 0.000000000000000000, 1.000000000000000000 ) ) ;
#510 = AXIS2_PLACEMENT_3D ( 'NONE', #743, #1516, #1322 ) ;
#511 = EDGE_CURVE ( 'NONE', #1685, #642, #1424, .T. ) ;
#512 = ORIENTED_EDGE ( 'NONE', *, *, #914, .T. ) ;
#513 = CIRCLE ( 'NONE', #1631, 8.099999999999971223 ) ;
#514 = CARTESIAN_POINT ( 'NONE',  ( 22.02260273972602533, 6.000000000000000000, 7.167807793754747081 ) ) ;
#515 = CIRCLE ( 'NONE', #1149, 5.000000000000000888 ) ;
#516 = ORIENTED_EDGE ( 'NONE', *, *, #1126, .T. ) ;
#517 = CIRCLE ( 'NONE', #1691, 2.400000000000000799 ) ;
#518 = DIRECTION ( 'NONE',  ( 1.927470528863118802E-16, 0.000000000000000000, -1.000000000000000000 ) ) ;
#519 = ORIENTED_EDGE ( 'NONE', *, *, #734, .F. ) ;
#520 = CARTESIAN_POINT ( 'NONE',  ( -18.25000000000000355, 3.000000000000000000, 2.400000000000000799 ) ) ;
#521 = ORIENTED_EDGE ( 'NONE', *, *, #1918, .T. ) ;
#522 = CARTESIAN_POINT ( 'NONE',  ( -26.35000000000000497, 20.00000000000000000, -15.00000000000000355 ) ) ;
#523 = CARTESIAN_POINT ( 'NONE',  ( 0.000000000000000000, 3.000000000000000000, 0.000000000000000000 ) ) ;
#524 = ORIENTED_EDGE ( 'NONE', *, *, #971, .F. ) ;
#525 = EDGE_CURVE ( 'NONE', #1531, #1386, #1004, .T. ) ;
#526 = CARTESIAN_POINT ( 'NONE',  ( 0.000000000000000000, 10.00000000000000000, -15.00000000000000355 ) ) ;
#527 = CARTESIAN_POINT ( 'NONE',  ( 0.000000000000000000, 6.000000000000000000, 0.000000000000000000 ) ) ;
#528 = EDGE_CURVE ( 'NONE', #858, #333, #1356, .T. ) ;
#529 = CARTESIAN_POINT ( 'NONE',  ( -21.35000000000000142, 15.00000000000000000, -15.00000000000000355 ) ) ;
#530 = CARTESIAN_POINT ( 'NONE',  ( -7.731506849315073815, 3.000000000000000000, -14.68958140448508587 ) ) ;
#531 = ORIENTED_EDGE ( 'NONE', *, *, #161, .F. ) ;
#532 = LINE ( 'NONE', #522, #1529 ) ;
#533 = DIRECTION ( 'NONE',  ( 1.927470528863118802E-16, 0.000000000000000000, -1.000000000000000000 ) ) ;
#534 = ORIENTED_EDGE ( 'NONE', *, *, #1512, .F. ) ;
#535 = FACE_OUTER_BOUND ( 'NONE', #1769, .T. ) ;
#536 = DIRECTION ( 'NONE',  ( 0.000000000000000000, 0.000000000000000000, -1.000000000000000000 ) ) ;
#537 = VERTEX_POINT ( 'NONE', #1027 ) ;
#538 = EDGE_CURVE ( 'NONE', #910, #1091, #873, .T. ) ;
#539 = CARTESIAN_POINT ( 'NONE',  ( 22.84999968774226176, 15.00000000000000000, -15.00000000000000355 ) ) ;
#540 = CARTESIAN_POINT ( 'NONE',  ( -7.731506849315073815, 3.000000000000000000, -14.68958140448508587 ) ) ;
#541 = AXIS2_PLACEMENT_3D ( 'NONE', #1576, #210, #1584 ) ;
#542 = ORIENTED_EDGE ( 'NONE', *, *, #1359, .F. ) ;
#543 = AXIS2_PLACEMENT_3D ( 'NONE', #1083, #954, #341 ) ;
#544 = DIRECTION ( 'NONE',  ( 0.000000000000000000, 1.000000000000000000, -0.000000000000000000 ) ) ;
#545 = DIRECTION ( 'NONE',  ( -0.000000000000000000, -1.000000000000000000, 0.000000000000000000 ) ) ;
#546 = ORIENTED_EDGE ( 'NONE', *, *, #1016, .T. ) ;
#547 = CIRCLE ( 'NONE', #1264, 1.500000000000001332 ) ;
#548 = CARTESIAN_POINT ( 'NONE',  ( 22.84999968774226176, 15.00000000000000000, -18.00000000000000355 ) ) ;
#549 = ORIENTED_EDGE ( 'NONE', *, *, #11, .F. ) ;
#550 = CARTESIAN_POINT ( 'NONE',  ( -21.34999999999999432, 20.00000000000000000, -15.00000000000000355 ) ) ;
#551 = CARTESIAN_POINT ( 'NONE',  ( 1.500000000000000222, 10.00000000000000000, 18.00000000000000355 ) ) ;
#552 = EDGE_LOOP ( 'NONE', ( #1510, #1588 ) ) ;
#553 = ADVANCED_FACE ( 'NONE', ( #1481 ), #133, .F. ) ;
#554 = FACE_BOUND ( 'NONE', #871, .T. ) ;
#555 = CARTESIAN_POINT ( 'NONE',  ( -26.34999999999999787, 3.000000000000000000, -5.078884843554317847E-15 ) ) ;
#556 = FACE_BOUND ( 'NONE', #180, .T. ) ;
#557 = VERTEX_POINT ( 'NONE', #2 ) ;
#558 = LINE ( 'NONE', #715, #1498 ) ;
#559 = CARTESIAN_POINT ( 'NONE',  ( -21.35000000000000142, 15.00000000000000000, 18.00000000000000355 ) ) ;
#560 = ORIENTED_EDGE ( 'NONE', *, *, #1415, .T. ) ;
#561 = FACE_OUTER_BOUND ( 'NONE', #1600, .T. ) ;
#562 = CARTESIAN_POINT ( 'NONE',  ( -18.25000000000000355, 3.000000000000000000, 0.000000000000000000 ) ) ;
#563 = ADVANCED_FACE ( 'NONE', ( #733 ), #1677, .F. ) ;
#564 = CARTESIAN_POINT ( 'NONE',  ( 18.25000000000000355, 0.000000000000000000, 0.000000000000000000 ) ) ;
#565 = ORIENTED_EDGE ( 'NONE', *, *, #305, .F. ) ;
#566 = EDGE_CURVE ( 'NONE', #1273, #502, #919, .T. ) ;
#567 = DIRECTION ( 'NONE',  ( 0.000000000000000000, 1.000000000000000000, -0.000000000000000000 ) ) ;
#568 = DIRECTION ( 'NONE',  ( 0.000000000000000000, 0.000000000000000000, 1.000000000000000000 ) ) ;
#569 = EDGE_LOOP ( 'NONE', ( #516, #671, #821, #1780 ) ) ;
#570 = CARTESIAN_POINT ( 'NONE',  ( -18.25000000000000355, 3.000000000000000000, 0.000000000000000000 ) ) ;
#571 = CARTESIAN_POINT ( 'NONE',  ( -21.35000000000000142, 15.00000000000000000, 15.00000000000000355 ) ) ;
#572 = VECTOR ( 'NONE', #259, 1000.000000000000000 ) ;
#573 = FACE_OUTER_BOUND ( 'NONE', #699, .T. ) ;
#574 = DIRECTION ( 'NONE',  ( -1.000000000000000000, 0.000000000000000000, 0.000000000000000000 ) ) ;
#575 = ORIENTED_EDGE ( 'NONE', *, *, #1536, .T. ) ;
#576 = AXIS2_PLACEMENT_3D ( 'NONE', #935, #1873, #1417 ) ;
#577 = CARTESIAN_POINT ( 'NONE',  ( -22.85000000000000142, 15.00000000000000000, -18.00000000000000355 ) ) ;
#578 = CIRCLE ( 'NONE', #51, 13.60000000000000675 ) ;
#579 = CARTESIAN_POINT ( 'NONE',  ( -7.731506849315068486, 6.000000000000000000, 14.68958140448508587 ) ) ;
#580 = ORIENTED_EDGE ( 'NONE', *, *, #1202, .T. ) ;
#581 = VECTOR ( 'NONE', #423, 1000.000000000000114 ) ;
#582 = ADVANCED_FACE ( 'NONE', ( #14 ), #1069, .F. ) ;
#583 = DIRECTION ( 'NONE',  ( 0.000000000000000000, 0.000000000000000000, 1.000000000000000000 ) ) ;
#584 = LOCAL_TIME ( 18, 7, 10.00000000000000000, #1700 ) ;
#585 =( NAMED_UNIT ( * ) PLANE_ANGLE_UNIT ( ) SI_UNIT ( $, .RADIAN. ) );
#586 = ORIENTED_EDGE ( 'NONE', *, *, #1747, .F. ) ;
#587 = FACE_OUTER_BOUND ( 'NONE', #1455, .T. ) ;
#588 = LINE ( 'NONE', #1190, #728 ) ;
#589 = ORIENTED_EDGE ( 'NONE', *, *, #489, .T. ) ;
#590 = EDGE_CURVE ( 'NONE', #1867, #84, #1053, .T. ) ;
#591 = PLANE ( 'NONE',  #1111 ) ;
#592 = CC_DESIGN_DATE_AND_TIME_ASSIGNMENT ( #1537, #1674, ( #958 ) ) ;
#593 = EDGE_LOOP ( 'NONE', ( #542, #1772, #1365, #546, #586 ) ) ;
#594 = DIRECTION ( 'NONE',  ( -0.000000000000000000, -1.000000000000000000, 0.000000000000000000 ) ) ;
#595 = PLANE ( 'NONE',  #510 ) ;
#596 = ORIENTED_EDGE ( 'NONE', *, *, #113, .F. ) ;
#597 = DIRECTION ( 'NONE',  ( 0.000000000000000000, 0.000000000000000000, -1.000000000000000000 ) ) ;
#598 = ADVANCED_FACE ( 'NONE', ( #1210 ), #1342, .F. ) ;
#599 = EDGE_CURVE ( 'NONE', #1840, #613, #902, .T. ) ;
#600 = ORIENTED_EDGE ( 'NONE', *, *, #435, .F. ) ;
#601 = CARTESIAN_POINT ( 'NONE',  ( 21.34999968774226176, 15.00000000000000000, -18.00000000000000355 ) ) ;
#602 = CARTESIAN_POINT ( 'NONE',  ( -6.334246575342472596, 6.000000000000000000, -12.03483777716851399 ) ) ;
#603 = EDGE_LOOP ( 'NONE', ( #805, #817 ) ) ;
#604 = AXIS2_PLACEMENT_3D ( 'NONE', #1255, #1566, #1706 ) ;
#605 = AXIS2_PLACEMENT_3D ( 'NONE', #292, #1647, #884 ) ;
#606 = PRODUCT_RELATED_PRODUCT_CATEGORY ( 'detail', '', ( #1699 ) ) ;
#607 = DIRECTION ( 'NONE',  ( -8.566535683836114571E-16, 0.000000000000000000, 1.000000000000000000 ) ) ;
#608 = LINE ( 'NONE', #1505, #1363 ) ;
#609 = AXIS2_PLACEMENT_3D ( 'NONE', #19, #436, #1353 ) ;
#610 = VECTOR ( 'NONE', #215, 1000.000000000000000 ) ;
#611 = EDGE_CURVE ( 'NONE', #1625, #1091, #1530, .T. ) ;
#612 = APPROVAL_DATE_TIME ( #915, #330 ) ;
#613 = VERTEX_POINT ( 'NONE', #1668 ) ;
#614 = FACE_OUTER_BOUND ( 'NONE', #593, .T. ) ;
#615 = CARTESIAN_POINT ( 'NONE',  ( 0.000000000000000000, 6.000000000000000000, 15.00000000000000355 ) ) ;
#616 = ORIENTED_EDGE ( 'NONE', *, *, #209, .T. ) ;
#617 = CARTESIAN_POINT ( 'NONE',  ( 0.000000000000000000, 6.000000000000000000, 0.000000000000000000 ) ) ;
#618 = DIRECTION ( 'NONE',  ( -1.927470528863118802E-16, 0.000000000000000000, 1.000000000000000000 ) ) ;
#619 = CALENDAR_DATE ( 2026, 20, 6 ) ;
#620 = ADVANCED_FACE ( 'NONE', ( #152 ), #595, .F. ) ;
#621 = ORIENTED_EDGE ( 'NONE', *, *, #1950, .F. ) ;
#622 = CYLINDRICAL_SURFACE ( 'NONE', #826, 1.500000000000000222 ) ;
#623 = ORIENTED_EDGE ( 'NONE', *, *, #1626, .F. ) ;
#624 = CARTESIAN_POINT ( 'NONE',  ( 7.719174598546424626, 3.000000000000000000, -14.68593285758042555 ) ) ;
#625 = ORIENTED_EDGE ( 'NONE', *, *, #590, .F. ) ;
#626 = DIRECTION ( 'NONE',  ( 0.000000000000000000, 1.000000000000000000, -0.000000000000000000 ) ) ;
#627 = ORIENTED_EDGE ( 'NONE', *, *, #734, .T. ) ;
#628 = AXIS2_PLACEMENT_3D ( 'NONE', #1534, #1037, #1853 ) ;
#629 = DIRECTION ( 'NONE',  ( 0.000000000000000000, 1.000000000000000000, -0.000000000000000000 ) ) ;
#630 = AXIS2_PLACEMENT_3D ( 'NONE', #8, #909, #1501 ) ;
#631 = CYLINDRICAL_SURFACE ( 'NONE', #300, 16.59999999999999076 ) ;
#632 = CARTESIAN_POINT ( 'NONE',  ( -20.62534246575342678, 6.000000000000000000, 4.513064166438185865 ) ) ;
#633 = CIRCLE ( 'NONE', #301, 16.59999999999999076 ) ;
#634 = EDGE_CURVE ( 'NONE', #929, #1447, #1813, .T. ) ;
#635 = ORIENTED_EDGE ( 'NONE', *, *, #1269, .F. ) ;
#636 = LINE ( 'NONE', #677, #1076 ) ;
#637 = AXIS2_PLACEMENT_3D ( 'NONE', #526, #1403, #1127 ) ;
#638 = CIRCLE ( 'NONE', #1760, 5.000000000000000888 ) ;
#639 = ORIENTED_EDGE ( 'NONE', *, *, #1419, .T. ) ;
#640 = VECTOR ( 'NONE', #729, 1000.000000000000000 ) ;
#641 = CARTESIAN_POINT ( 'NONE',  ( -21.35000000000000142, 15.00000000000000000, 18.00000000000000355 ) ) ;
#642 = VERTEX_POINT ( 'NONE', #757 ) ;
#643 = CARTESIAN_POINT ( 'NONE',  ( 26.34999968774225110, 0.000000000000000000, -1.523475074462441146E-14 ) ) ;
#644 = ADVANCED_FACE ( 'NONE', ( #1832 ), #449, .F. ) ;
#645 = ORIENTED_EDGE ( 'NONE', *, *, #1888, .T. ) ;
#646 = CARTESIAN_POINT ( 'NONE',  ( 21.34999968774225465, 20.00000000000000000, 18.00000000000000355 ) ) ;
#647 = EDGE_CURVE ( 'NONE', #1548, #153, #1184, .T. ) ;
#648 = ORIENTED_EDGE ( 'NONE', *, *, #1809, .F. ) ;
#649 = CARTESIAN_POINT ( 'NONE',  ( -26.35000000000000142, 15.00000000000000000, 15.00000000000000355 ) ) ;
#650 = ORIENTED_EDGE ( 'NONE', *, *, #914, .F. ) ;
#651 = CARTESIAN_POINT ( 'NONE',  ( 6.334246575342472596, 6.000000000000000000, -12.03483777716851399 ) ) ;
#652 = CARTESIAN_POINT ( 'NONE',  ( 0.000000000000000000, 6.000000000000000000, 0.000000000000000000 ) ) ;
#653 = EDGE_CURVE ( 'NONE', #1574, #26, #820, .T. ) ;
#654 = ORIENTED_EDGE ( 'NONE', *, *, #1192, .F. ) ;
#655 = FACE_OUTER_BOUND ( 'NONE', #1418, .T. ) ;
#656 = ORIENTED_EDGE ( 'NONE', *, *, #1406, .T. ) ;
#657 = LINE ( 'NONE', #1877, #1499 ) ;
#658 = VERTEX_POINT ( 'NONE', #466 ) ;
#659 = CARTESIAN_POINT ( 'NONE',  ( 21.34999968774224754, 20.00000000000000000, -15.00000000000003020 ) ) ;
#660 = AXIS2_PLACEMENT_3D ( 'NONE', #1164, #1755, #1154 ) ;
#661 = ORIENTED_EDGE ( 'NONE', *, *, #503, .F. ) ;
#662 = LINE ( 'NONE', #220, #1562 ) ;
#663 = AXIS2_PLACEMENT_3D ( 'NONE', #418, #263, #1629 ) ;
#664 = VECTOR ( 'NONE', #1290, 1000.000000000000000 ) ;
#665 = EDGE_LOOP ( 'NONE', ( #890, #589, #1433, #54, #689, #505, #1165, #1384, #957 ) ) ;
#666 = EDGE_CURVE ( 'NONE', #1005, #1254, #1073, .T. ) ;
#667 = VECTOR ( 'NONE', #1216, 1000.000000000000000 ) ;
#668 = DIRECTION ( 'NONE',  ( 0.000000000000000000, 0.000000000000000000, 1.000000000000000000 ) ) ;
#669 = LINE ( 'NONE', #976, #1392 ) ;
#670 = AXIS2_PLACEMENT_3D ( 'NONE', #701, #1032, #1022 ) ;
#671 = ORIENTED_EDGE ( 'NONE', *, *, #261, .T. ) ;
#672 = CC_DESIGN_DATE_AND_TIME_ASSIGNMENT ( #33, #191, ( #469 ) ) ;
#673 = DIRECTION ( 'NONE',  ( -4.618527782440651208E-14, 0.000000000000000000, 1.000000000000000000 ) ) ;
#674 = DIRECTION ( 'NONE',  ( -0.000000000000000000, -1.000000000000000000, -0.000000000000000000 ) ) ;
#675 = ADVANCED_BREP_SHAPE_REPRESENTATION ( 'Part3', ( #686, #1303 ), #334 ) ;
#676 = DIRECTION ( 'NONE',  ( 5.781689155659254446E-16, 0.000000000000000000, 1.000000000000000000 ) ) ;
#677 = CARTESIAN_POINT ( 'NONE',  ( -19.84999999999999787, 15.00000000000000000, 18.00000000000000355 ) ) ;
#678 = ORIENTED_EDGE ( 'NONE', *, *, #538, .F. ) ;
#679 = DIRECTION ( 'NONE',  ( 0.000000000000000000, 0.000000000000000000, -1.000000000000000000 ) ) ;
#680 = EDGE_CURVE ( 'NONE', #907, #735, #290, .T. ) ;
#681 = CARTESIAN_POINT ( 'NONE',  ( -21.35000000000000142, 15.00000000000000000, 15.00000000000000533 ) ) ;
#682 = ORIENTED_EDGE ( 'NONE', *, *, #1737, .T. ) ;
#683 = DIRECTION ( 'NONE',  ( 1.000000000000000000, 0.000000000000000000, 0.000000000000000000 ) ) ;
#684 = CARTESIAN_POINT ( 'NONE',  ( -1.500000000000000222, 10.00000000000000000, -18.00000000000000355 ) ) ;
#685 = ORIENTED_EDGE ( 'NONE', *, *, #1858, .T. ) ;
#686 = MANIFOLD_SOLID_BREP ( 'Mirror1', #783 ) ;
#687 = DIRECTION ( 'NONE',  ( -0.000000000000000000, -0.000000000000000000, 1.000000000000000000 ) ) ;
#688 = CARTESIAN_POINT ( 'NONE',  ( 18.25000000000000355, 3.000000000000000000, 0.000000000000000000 ) ) ;
#689 = ORIENTED_EDGE ( 'NONE', *, *, #1347, .F. ) ;
#690 = DIRECTION ( 'NONE',  ( -1.000000000000000000, -0.000000000000000000, -0.000000000000000000 ) ) ;
#691 = CYLINDRICAL_SURFACE ( 'NONE', #424, 5.099999999999999645 ) ;
#692 = EDGE_LOOP ( 'NONE', ( #916, #1043 ) ) ;
#693 = DIRECTION ( 'NONE',  ( -0.000000000000000000, -1.000000000000000000, 0.000000000000000000 ) ) ;
#694 = DIRECTION ( 'NONE',  ( -1.000000000000000000, 0.000000000000000000, 0.000000000000000000 ) ) ;
#695 = ORIENTED_EDGE ( 'NONE', *, *, #904, .F. ) ;
#696 = LINE ( 'NONE', #417, #886 ) ;
#697 = CARTESIAN_POINT ( 'NONE',  ( 7.731506849315068486, 6.000000000000000000, 14.68958140448507166 ) ) ;
#698 = EDGE_CURVE ( 'NONE', #1574, #557, #588, .T. ) ;
#699 = EDGE_LOOP ( 'NONE', ( #1136, #1229, #149, #1153, #1609, #986 ) ) ;
#700 = AXIS2_PLACEMENT_3D ( 'NONE', #845, #983, #252 ) ;
#701 = CARTESIAN_POINT ( 'NONE',  ( 18.25000000000000355, 3.000000000000000000, 0.000000000000000000 ) ) ;
#702 = PLANE ( 'NONE',  #272 ) ;
#703 = ORIENTED_EDGE ( 'NONE', *, *, #653, .F. ) ;
#704 = AXIS2_PLACEMENT_3D ( 'NONE', #1591, #779, #1228 ) ;
#705 = AXIS2_PLACEMENT_3D ( 'NONE', #918, #626, #1703 ) ;
#706 = CYLINDRICAL_SURFACE ( 'NONE', #275, 16.59999999999999787 ) ;
#707 = CYLINDRICAL_SURFACE ( 'NONE', #1204, 1.500000000000001332 ) ;
#708 = VERTEX_POINT ( 'NONE', #440 ) ;
#709 = DIRECTION ( 'NONE',  ( 0.8849145424388606962, 0.000000000000000000, -0.4657534246575346093 ) ) ;
#710 = CYLINDRICAL_SURFACE ( 'NONE', #700, 11.00000000000000000 ) ;
#711 = ADVANCED_FACE ( 'NONE', ( #298 ), #894, .F. ) ;
#712 = ADVANCED_FACE ( 'NONE', ( #781 ), #1545, .F. ) ;
#713 = PLANE ( 'NONE',  #1398 ) ;
#714 = EDGE_LOOP ( 'NONE', ( #621, #1897 ) ) ;
#715 = CARTESIAN_POINT ( 'NONE',  ( -6.334246575342472596, 6.000000000000000000, -12.03483777716851399 ) ) ;
#716 = CARTESIAN_POINT ( 'NONE',  ( 22.84999968774226176, 15.00000000000000000, 15.00000000000000355 ) ) ;
#717 = ORIENTED_EDGE ( 'NONE', *, *, #435, .T. ) ;
#718 = LINE ( 'NONE', #1926, #295 ) ;
#719 = CARTESIAN_POINT ( 'NONE',  ( -1.500000000000000222, 10.00000000000000000, 15.00000000000000355 ) ) ;
#720 = EDGE_CURVE ( 'NONE', #1343, #769, #803, .T. ) ;
#721 = DIRECTION ( 'NONE',  ( 0.000000000000000000, 0.000000000000000000, 1.000000000000000000 ) ) ;
#722 = ORIENTED_EDGE ( 'NONE', *, *, #1918, .F. ) ;
#723 = EDGE_CURVE ( 'NONE', #1580, #310, #891, .T. ) ;
#724 = DIRECTION ( 'NONE',  ( -0.000000000000000000, -1.000000000000000000, -0.000000000000000000 ) ) ;
#725 = CARTESIAN_POINT ( 'NONE',  ( -21.35000000000000142, 15.00000000000000000, 15.00000000000000355 ) ) ;
#726 = EDGE_LOOP ( 'NONE', ( #1803, #521 ) ) ;
#727 = CARTESIAN_POINT ( 'NONE',  ( -7.110555533852442878, 3.000000000000000000, 15.00000000000000355 ) ) ;
#728 = VECTOR ( 'NONE', #1805, 1000.000000000000000 ) ;
#729 = DIRECTION ( 'NONE',  ( -1.927470528863118802E-16, 0.000000000000000000, 1.000000000000000000 ) ) ;
#730 = EDGE_LOOP ( 'NONE', ( #1466, #1246, #1662, #1612 ) ) ;
#731 = CARTESIAN_POINT ( 'NONE',  ( -22.85000000000000142, 15.00000000000000000, -18.00000000000000355 ) ) ;
#732 = AXIS2_PLACEMENT_3D ( 'NONE', #1003, #693, #673 ) ;
#733 = FACE_OUTER_BOUND ( 'NONE', #1098, .T. ) ;
#734 = EDGE_CURVE ( 'NONE', #253, #1933, #662, .T. ) ;
#735 = VERTEX_POINT ( 'NONE', #965 ) ;
#736 = AXIS2_PLACEMENT_3D ( 'NONE', #1102, #967, #668 ) ;
#737 = CARTESIAN_POINT ( 'NONE',  ( 8.202157676079009363, 6.000000000000000000, -14.43206878644701519 ) ) ;
#738 = LINE ( 'NONE', #1346, #1052 ) ;
#739 = VECTOR ( 'NONE', #68, 1000.000000000000114 ) ;
#740 = EDGE_LOOP ( 'NONE', ( #1249, #1825, #1293, #1279 ) ) ;
#741 = EDGE_CURVE ( 'NONE', #1374, #342, #47, .T. ) ;
#742 = DIRECTION ( 'NONE',  ( -1.000000000000000000, 0.000000000000000000, 6.938893903907227392E-16 ) ) ;
#743 = CARTESIAN_POINT ( 'NONE',  ( -26.35000000000000497, 20.00000000000000000, -15.00000000000000355 ) ) ;
#744 = EDGE_LOOP ( 'NONE', ( #931, #1870 ) ) ;
#745 = DIRECTION ( 'NONE',  ( -1.927470528863118802E-16, -0.000000000000000000, 1.000000000000000000 ) ) ;
#746 = ORIENTED_EDGE ( 'NONE', *, *, #1710, .T. ) ;
#747 = FACE_BOUND ( 'NONE', #1561, .T. ) ;
#748 = DIRECTION ( 'NONE',  ( -1.000000000000000000, 0.000000000000000000, 0.000000000000000000 ) ) ;
#749 = ORIENTED_EDGE ( 'NONE', *, *, #1552, .T. ) ;
#750 = CARTESIAN_POINT ( 'NONE',  ( 0.000000000000000000, 3.000000000000000000, -15.00000000000000355 ) ) ;
#751 = DIRECTION ( 'NONE',  ( -0.000000000000000000, -1.000000000000000000, -0.000000000000000000 ) ) ;
#752 = EDGE_CURVE ( 'NONE', #1911, #1005, #636, .T. ) ;
#753 = CALENDAR_DATE ( 2026, 20, 6 ) ;
#754 = ORIENTED_EDGE ( 'NONE', *, *, #538, .T. ) ;
#755 = CIRCLE ( 'NONE', #1387, 16.59999999999999787 ) ;
#756 = CARTESIAN_POINT ( 'NONE',  ( 18.25000000000000355, 0.000000000000000000, 0.000000000000000000 ) ) ;
#757 = CARTESIAN_POINT ( 'NONE',  ( -6.334246575342473484, 3.000000000000000000, 12.03483777716851044 ) ) ;
#758 = EDGE_LOOP ( 'NONE', ( #1592, #639 ) ) ;
#759 = AXIS2_PLACEMENT_3D ( 'NONE', #571, #1131, #1175 ) ;
#760 = CIRCLE ( 'NONE', #663, 8.099999999999994316 ) ;
#761 = DIRECTION ( 'NONE',  ( -0.000000000000000000, -1.000000000000000000, -0.000000000000000000 ) ) ;
#762 = DIRECTION ( 'NONE',  ( 0.000000000000000000, 0.000000000000000000, 1.000000000000000000 ) ) ;
#763 = CIRCLE ( 'NONE', #1178, 11.00000000000000000 ) ;
#764 = CIRCLE ( 'NONE', #53, 16.59999999999999787 ) ;
#765 = AXIS2_PLACEMENT_3D ( 'NONE', #94, #827, #379 ) ;
#766 = PERSON_AND_ORGANIZATION ( #286, #991 ) ;
#767 = ORIENTED_EDGE ( 'NONE', *, *, #1378, .T. ) ;
#768 = FACE_OUTER_BOUND ( 'NONE', #1702, .T. ) ;
#769 = VERTEX_POINT ( 'NONE', #793 ) ;
#770 = CARTESIAN_POINT ( 'NONE',  ( 0.000000000000000000, 3.000000000000000000, 18.00000000000000355 ) ) ;
#771 = DIRECTION ( 'NONE',  ( 0.000000000000000000, 1.000000000000000000, -0.000000000000000000 ) ) ;
#772 = ADVANCED_FACE ( 'NONE', ( #1110 ), #1099, .T. ) ;
#773 = ORIENTED_EDGE ( 'NONE', *, *, #911, .T. ) ;
#774 = ADVANCED_FACE ( 'NONE', ( #811 ), #1571, .F. ) ;
#775 = CARTESIAN_POINT ( 'NONE',  ( 19.84999968774225820, 15.00000000000000000, -15.00000000000000355 ) ) ;
#776 = VERTEX_POINT ( 'NONE', #1717 ) ;
#777 = CARTESIAN_POINT ( 'NONE',  ( -21.35000000000000142, 20.00000000000000000, 15.00000000000000355 ) ) ;
#778 = CARTESIAN_POINT ( 'NONE',  ( -21.34999999999999787, 15.00000000000000000, -4.115149579122758175E-15 ) ) ;
#779 = DIRECTION ( 'NONE',  ( -0.000000000000000000, -1.000000000000000000, -0.000000000000000000 ) ) ;
#780 = DIRECTION ( 'NONE',  ( -1.000000000000000000, 0.000000000000000000, 0.000000000000000000 ) ) ;
#781 = FACE_OUTER_BOUND ( 'NONE', #460, .T. ) ;
#782 = ORIENTED_EDGE ( 'NONE', *, *, #1104, .T. ) ;
#783 = CLOSED_SHELL ( 'NONE', ( #276, #1445, #475, #711, #774, #1354, #854, #171, #1336, #785, #1507, #1227, #361, #314, #1523, #1172, #1898, #229, #55, #925, #1194, #1833, #128, #192, #804, #850, #772, #1777, #100, #183, #97, #461, #1560, #644, #553, #598, #1219, #563, #1822, #1638, #351, #1116, #211, #1158, #119, #1695, #582, #1671, #1318, #620, #1719, #1488, #293, #712, #1648, #1396 ) ) ;
#784 = CARTESIAN_POINT ( 'NONE',  ( -6.334246575342472596, 6.000000000000000000, 12.03483777716851044 ) ) ;
#785 = ADVANCED_FACE ( 'NONE', ( #1121 ), #1739, .F. ) ;
#786 = ORIENTED_EDGE ( 'NONE', *, *, #1915, .T. ) ;
#787 = VECTOR ( 'NONE', #126, 1000.000000000000000 ) ;
#788 = EDGE_CURVE ( 'NONE', #253, #1861, #1049, .T. ) ;
#789 = AXIS2_PLACEMENT_3D ( 'NONE', #725, #1779, #111 ) ;
#790 = CYLINDRICAL_SURFACE ( 'NONE', #356, 1.500000000000001332 ) ;
#791 = VECTOR ( 'NONE', #1257, 1000.000000000000000 ) ;
#792 = ORIENTED_EDGE ( 'NONE', *, *, #161, .T. ) ;
#793 = CARTESIAN_POINT ( 'NONE',  ( 18.25000000000000355, 0.000000000000000000, -2.400000000000000799 ) ) ;
#794 = CIRCLE ( 'NONE', #637, 1.500000000000000222 ) ;
#795 = VECTOR ( 'NONE', #815, 1000.000000000000000 ) ;
#796 = VERTEX_POINT ( 'NONE', #1250 ) ;
#797 = CIRCLE ( 'NONE', #1182, 2.400000000000000799 ) ;
#798 = DIRECTION ( 'NONE',  ( -1.927470528863118802E-16, 0.000000000000000000, -1.000000000000000000 ) ) ;
#799 = ORIENTED_EDGE ( 'NONE', *, *, #599, .T. ) ;
#800 = EDGE_CURVE ( 'NONE', #1531, #1320, #1235, .T. ) ;
#801 = FACE_OUTER_BOUND ( 'NONE', #288, .T. ) ;
#802 = CARTESIAN_POINT ( 'NONE',  ( -22.02260273972603244, 3.000000000000000000, -7.167807793754761292 ) ) ;
#803 = LINE ( 'NONE', #973, #422 ) ;
#804 = ADVANCED_FACE ( 'NONE', ( #655 ), #1243, .T. ) ;
#805 = ORIENTED_EDGE ( 'NONE', *, *, #154, .T. ) ;
#806 = LINE ( 'NONE', #1895, #739 ) ;
#807 = ORIENTED_EDGE ( 'NONE', *, *, #1162, .F. ) ;
#808 = DIRECTION ( 'NONE',  ( 0.8849145424388606962, 0.000000000000000000, 0.4657534246575344428 ) ) ;
#809 = FACE_OUTER_BOUND ( 'NONE', #1720, .T. ) ;
#810 = ORIENTED_EDGE ( 'NONE', *, *, #1641, .T. ) ;
#811 = FACE_OUTER_BOUND ( 'NONE', #833, .T. ) ;
#812 = EDGE_CURVE ( 'NONE', #6, #642, #491, .T. ) ;
#813 = EDGE_CURVE ( 'NONE', #310, #1360, #859, .T. ) ;
#814 = ORIENTED_EDGE ( 'NONE', *, *, #999, .F. ) ;
#815 = DIRECTION ( 'NONE',  ( -0.000000000000000000, -1.000000000000000000, -0.000000000000000000 ) ) ;
#816 = DIRECTION ( 'NONE',  ( 1.000000000000000000, 0.000000000000000000, 0.000000000000000000 ) ) ;
#817 = ORIENTED_EDGE ( 'NONE', *, *, #1791, .T. ) ;
#818 = CARTESIAN_POINT ( 'NONE',  ( -1.500000000000000222, 10.00000000000000000, -18.00000000000000355 ) ) ;
#819 = AXIS2_PLACEMENT_3D ( 'NONE', #617, #1519, #318 ) ;
#820 = CIRCLE ( 'NONE', #949, 1.500000000000001332 ) ;
#821 = ORIENTED_EDGE ( 'NONE', *, *, #813, .T. ) ;
#822 = DIRECTION ( 'NONE',  ( -0.8849145424388608072, 0.000000000000000000, 0.4657534246575345538 ) ) ;
#823 = EDGE_CURVE ( 'NONE', #880, #84, #633, .T. ) ;
#824 = AXIS2_PLACEMENT_3D ( 'NONE', #1673, #319, #762 ) ;
#825 = VERTEX_POINT ( 'NONE', #646 ) ;
#826 = AXIS2_PLACEMENT_3D ( 'NONE', #1676, #1349, #1839 ) ;
#827 = DIRECTION ( 'NONE',  ( 0.4657534246575347203, -0.000000000000000000, 0.8849145424388606962 ) ) ;
#828 = CARTESIAN_POINT ( 'NONE',  ( -18.25000000000000355, 6.000000000000000000, 0.000000000000000000 ) ) ;
#829 = LOCAL_TIME ( 18, 7, 10.00000000000000000, #1358 ) ;
#830 = VERTEX_POINT ( 'NONE', #500 ) ;
#831 = CYLINDRICAL_SURFACE ( 'NONE', #863, 1.500000000000000222 ) ;
#832 = DIRECTION ( 'NONE',  ( 1.000000000000000000, 0.000000000000000000, 0.000000000000000000 ) ) ;
#833 = EDGE_LOOP ( 'NONE', ( #1649, #1930, #1544, #426 ) ) ;
#834 = LINE ( 'NONE', #1017, #979 ) ;
#835 = CYLINDRICAL_SURFACE ( 'NONE', #1627, 8.099999999999971223 ) ;
#836 = ORIENTED_EDGE ( 'NONE', *, *, #415, .F. ) ;
#837 = DIRECTION ( 'NONE',  ( -0.000000000000000000, -1.000000000000000000, -0.000000000000000000 ) ) ;
#838 = LINE ( 'NONE', #95, #664 ) ;
#839 = EDGE_CURVE ( 'NONE', #1374, #1315, #389, .T. ) ;
#840 = VERTEX_POINT ( 'NONE', #1782 ) ;
#841 = DIRECTION ( 'NONE',  ( 0.000000000000000000, 0.000000000000000000, 1.000000000000000000 ) ) ;
#842 = CARTESIAN_POINT ( 'NONE',  ( -19.84999999999999787, 15.00000000000000000, -18.00000000000000355 ) ) ;
#843 = ORIENTED_EDGE ( 'NONE', *, *, #1679, .T. ) ;
#844 = LINE ( 'NONE', #241, #1556 ) ;
#845 = CARTESIAN_POINT ( 'NONE',  ( 0.000000000000000000, 3.000000000000000000, 0.000000000000000000 ) ) ;
#846 = ORIENTED_EDGE ( 'NONE', *, *, #1712, .F. ) ;
#847 =( LENGTH_UNIT ( ) NAMED_UNIT ( * ) SI_UNIT ( .MILLI., .METRE. ) );
#848 = CARTESIAN_POINT ( 'NONE',  ( 18.25000000000000355, 6.000000000000000000, 0.000000000000000000 ) ) ;
#849 = ORIENTED_EDGE ( 'NONE', *, *, #309, .F. ) ;
#850 = ADVANCED_FACE ( 'NONE', ( #135 ), #710, .F. ) ;
#851 = LINE ( 'NONE', #1623, #1821 ) ;
#852 = DIRECTION ( 'NONE',  ( -0.000000000000000000, -0.000000000000000000, 1.000000000000000000 ) ) ;
#853 = VERTEX_POINT ( 'NONE', #1927 ) ;
#854 = ADVANCED_FACE ( 'NONE', ( #1452 ), #102, .F. ) ;
#855 = CARTESIAN_POINT ( 'NONE',  ( 26.34999968774225110, 3.000000000000000000, -1.523475074462441146E-14 ) ) ;
#856 = DIRECTION ( 'NONE',  ( 0.000000000000000000, 0.000000000000000000, -1.000000000000000000 ) ) ;
#857 = AXIS2_PLACEMENT_3D ( 'NONE', #1661, #179, #1824 ) ;
#858 = VERTEX_POINT ( 'NONE', #719 ) ;
#859 = CIRCLE ( 'NONE', #1818, 13.60000000000000675 ) ;
#860 = DIRECTION ( 'NONE',  ( 0.000000000000000000, 0.000000000000000000, 1.000000000000000000 ) ) ;
#861 = ORIENTED_EDGE ( 'NONE', *, *, #800, .T. ) ;
#862 = AXIS2_PLACEMENT_3D ( 'NONE', #1376, #545, #38 ) ;
#863 = AXIS2_PLACEMENT_3D ( 'NONE', #217, #1438, #683 ) ;
#864 = DIRECTION ( 'NONE',  ( -0.000000000000000000, -0.000000000000000000, 1.000000000000000000 ) ) ;
#865 = CARTESIAN_POINT ( 'NONE',  ( 1.500000000000000222, 10.00000000000000000, -15.00000000000000355 ) ) ;
#866 = ORIENTED_EDGE ( 'NONE', *, *, #981, .T. ) ;
#867 = DIRECTION ( 'NONE',  ( 0.000000000000000000, 1.000000000000000000, -0.000000000000000000 ) ) ;
#868 = FACE_OUTER_BOUND ( 'NONE', #1740, .T. ) ;
#869 = EDGE_CURVE ( 'NONE', #59, #1400, #1287, .T. ) ;
#870 = CARTESIAN_POINT ( 'NONE',  ( -22.02260273972603244, 6.000000000000000000, -7.167807793754759516 ) ) ;
#871 = EDGE_LOOP ( 'NONE', ( #122, #195 ) ) ;
#872 = DIRECTION ( 'NONE',  ( -0.000000000000000000, -1.000000000000000000, -0.000000000000000000 ) ) ;
#873 = LINE ( 'NONE', #1636, #980 ) ;
#874 = EDGE_LOOP ( 'NONE', ( #531, #189, #1381, #1708 ) ) ;
#875 = PLANE ( 'NONE',  #446 ) ;
#876 = CARTESIAN_POINT ( 'NONE',  ( 0.000000000000000000, 10.00000000000000000, 15.00000000000000355 ) ) ;
#877 = EDGE_CURVE ( 'NONE', #1619, #1070, #116, .T. ) ;
#878 = CYLINDRICAL_SURFACE ( 'NONE', #265, 5.000000000000000888 ) ;
#879 = CARTESIAN_POINT ( 'NONE',  ( 26.34999968774225110, 3.000000000000000000, 0.0007475000000000002259 ) ) ;
#880 = VERTEX_POINT ( 'NONE', #727 ) ;
#881 = FACE_OUTER_BOUND ( 'NONE', #216, .T. ) ;
#882 = CARTESIAN_POINT ( 'NONE',  ( 0.000000000000000000, 3.000000000000000000, 15.00000000000000355 ) ) ;
#883 = ORIENTED_EDGE ( 'NONE', *, *, #812, .F. ) ;
#884 = DIRECTION ( 'NONE',  ( -1.000000000000000000, 0.000000000000000000, 0.000000000000000000 ) ) ;
#885 = AXIS2_PLACEMENT_3D ( 'NONE', #481, #1081, #780 ) ;
#886 = VECTOR ( 'NONE', #273, 1000.000000000000000 ) ;
#887 = EDGE_CURVE ( 'NONE', #1386, #1859, #1020, .T. ) ;
#888 = AXIS2_PLACEMENT_3D ( 'NONE', #778, #518, #43 ) ;
#889 = CARTESIAN_POINT ( 'NONE',  ( -26.35000000000000142, 3.000000000000000000, 15.00000000000000355 ) ) ;
#890 = ORIENTED_EDGE ( 'NONE', *, *, #89, .F. ) ;
#891 = CIRCLE ( 'NONE', #543, 13.60000000000000675 ) ;
#892 = DIRECTION ( 'NONE',  ( -0.000000000000000000, -0.000000000000000000, -1.000000000000000000 ) ) ;
#893 = CIRCLE ( 'NONE', #862, 16.59999999999999787 ) ;
#894 = CYLINDRICAL_SURFACE ( 'NONE', #576, 1.500000000000001332 ) ;
#895 = ORIENTED_EDGE ( 'NONE', *, *, #1129, .F. ) ;
#896 = AXIS2_PLACEMENT_3D ( 'NONE', #165, #930, #1687 ) ;
#897 = FACE_OUTER_BOUND ( 'NONE', #900, .T. ) ;
#898 = LINE ( 'NONE', #1504, #1492 ) ;
#899 = DIRECTION ( 'NONE',  ( 0.000000000000000000, 0.000000000000000000, 1.000000000000000000 ) ) ;
#900 = EDGE_LOOP ( 'NONE', ( #1299, #1459, #1762, #1436 ) ) ;
#901 = DIRECTION ( 'NONE',  ( 0.000000000000000000, 0.000000000000000000, -1.000000000000000000 ) ) ;
#902 = LINE ( 'NONE', #1940, #20 ) ;
#903 = EDGE_LOOP ( 'NONE', ( #421, #1450, #264, #695, #1788, #1856, #1065, #1117, #1622, #157, #1443, #71 ) ) ;
#904 = EDGE_CURVE ( 'NONE', #1714, #1900, #760, .T. ) ;
#905 = FACE_OUTER_BOUND ( 'NONE', #1730, .T. ) ;
#906 = CALENDAR_DATE ( 2026, 20, 6 ) ;
#907 = VERTEX_POINT ( 'NONE', #1007 ) ;
#908 = FACE_BOUND ( 'NONE', #1751, .T. ) ;
#909 = DIRECTION ( 'NONE',  ( -0.000000000000000000, -0.000000000000000000, -1.000000000000000000 ) ) ;
#910 = VERTEX_POINT ( 'NONE', #1618 ) ;
#911 = EDGE_CURVE ( 'NONE', #96, #12, #921, .T. ) ;
#912 = FACE_OUTER_BOUND ( 'NONE', #730, .T. ) ;
#913 = CARTESIAN_POINT ( 'NONE',  ( 1.500000000000000222, 10.00000000000000000, -18.00000000000000355 ) ) ;
#914 = EDGE_CURVE ( 'NONE', #830, #934, #242, .T. ) ;
#915 = DATE_AND_TIME ( #619, #829 ) ;
#916 = ORIENTED_EDGE ( 'NONE', *, *, #528, .F. ) ;
#917 = AXIS2_PLACEMENT_3D ( 'NONE', #1088, #1863, #1382 ) ;
#918 = CARTESIAN_POINT ( 'NONE',  ( 18.25000000000000355, 3.000000000000000000, 0.000000000000000000 ) ) ;
#919 = LINE ( 'NONE', #316, #1683 ) ;
#920 = VERTEX_POINT ( 'NONE', #1914 ) ;
#921 = CIRCLE ( 'NONE', #1108, 8.099999999999994316 ) ;
#922 = LINE ( 'NONE', #1862, #173 ) ;
#923 = CARTESIAN_POINT ( 'NONE',  ( 26.34999968774224399, 15.00000000000000000, -15.00000000000000355 ) ) ;
#924 = FACE_BOUND ( 'NONE', #692, .T. ) ;
#925 = ADVANCED_FACE ( 'NONE', ( #868 ), #835, .T. ) ;
#926 = AXIS2_PLACEMENT_3D ( 'NONE', #1812, #1313, #1026 ) ;
#927 = APPLICATION_PROTOCOL_DEFINITION ( 'international standard', 'config_control_design', 1994, #1058 ) ;
#928 = EDGE_CURVE ( 'NONE', #1371, #1254, #284, .T. ) ;
#929 = VERTEX_POINT ( 'NONE', #1157 ) ;
#930 = DIRECTION ( 'NONE',  ( 0.000000000000000000, 1.000000000000000000, -0.000000000000000000 ) ) ;
#931 = ORIENTED_EDGE ( 'NONE', *, *, #800, .F. ) ;
#932 = CARTESIAN_POINT ( 'NONE',  ( -21.35000000000000142, 15.00000000000000000, -18.00000000000000355 ) ) ;
#933 = LINE ( 'NONE', #1694, #1237 ) ;
#934 = VERTEX_POINT ( 'NONE', #540 ) ;
#935 = CARTESIAN_POINT ( 'NONE',  ( -21.35000000000000142, 15.00000000000000000, 18.00000000000000355 ) ) ;
#936 = EDGE_CURVE ( 'NONE', #537, #1340, #202, .T. ) ;
#937 = ORIENTED_EDGE ( 'NONE', *, *, #823, .T. ) ;
#938 = EDGE_CURVE ( 'NONE', #495, #333, #1793, .T. ) ;
#939 = CARTESIAN_POINT ( 'NONE',  ( 6.334246575342473484, 3.000000000000000000, 12.03483777716851044 ) ) ;
#940 = ORIENTED_EDGE ( 'NONE', *, *, #1565, .T. ) ;
#941 = FACE_OUTER_BOUND ( 'NONE', #1351, .T. ) ;
#942 = VERTEX_POINT ( 'NONE', #997 ) ;
#943 = CARTESIAN_POINT ( 'NONE',  ( 21.34999968774226176, 15.00000000000000000, -18.00000000000000355 ) ) ;
#944 = EDGE_CURVE ( 'NONE', #1320, #1531, #451, .T. ) ;
#945 = ORIENTED_EDGE ( 'NONE', *, *, #988, .T. ) ;
#946 = CARTESIAN_POINT ( 'NONE',  ( -26.35000000000000142, 0.000000000000000000, -18.00000000000000355 ) ) ;
#947 = ORIENTED_EDGE ( 'NONE', *, *, #136, .T. ) ;
#948 = CARTESIAN_POINT ( 'NONE',  ( 21.34999968774226176, 15.00000000000000000, 18.00000000000000355 ) ) ;
#949 = AXIS2_PLACEMENT_3D ( 'NONE', #1334, #1490, #748 ) ;
#950 = DIRECTION ( 'NONE',  ( -0.000000000000000000, -1.000000000000000000, 0.000000000000000000 ) ) ;
#951 = EDGE_CURVE ( 'NONE', #333, #858, #1262, .T. ) ;
#952 = CIRCLE ( 'NONE', #74, 1.500000000000001332 ) ;
#953 = ORIENTED_EDGE ( 'NONE', *, *, #1285, .T. ) ;
#954 = DIRECTION ( 'NONE',  ( -0.000000000000000000, -1.000000000000000000, 0.000000000000000000 ) ) ;
#955 = CIRCLE ( 'NONE', #1879, 16.59999999999999787 ) ;
#956 = CIRCLE ( 'NONE', #705, 8.099999999999971223 ) ;
#957 = ORIENTED_EDGE ( 'NONE', *, *, #1728, .T. ) ;
#958 = SECURITY_CLASSIFICATION ( '', '', #1846 ) ;
#959 = CYLINDRICAL_SURFACE ( 'NONE', #1633, 16.59999999999999787 ) ;
#960 = VERTEX_POINT ( 'NONE', #385 ) ;
#961 = LINE ( 'NONE', #1274, #1494 ) ;
#962 = CARTESIAN_POINT ( 'NONE',  ( -18.25000000000000355, 0.000000000000000000, 2.400000000000000799 ) ) ;
#963 = VERTEX_POINT ( 'NONE', #1608 ) ;
#964 = ORIENTED_EDGE ( 'NONE', *, *, #599, .F. ) ;
#965 = CARTESIAN_POINT ( 'NONE',  ( 7.110555533852442878, 3.000000000000000000, 15.00000000000000355 ) ) ;
#966 = ORIENTED_EDGE ( 'NONE', *, *, #1203, .F. ) ;
#967 = DIRECTION ( 'NONE',  ( 0.000000000000000000, 1.000000000000000000, -0.000000000000000000 ) ) ;
#968 = CARTESIAN_POINT ( 'NONE',  ( 21.34999968774224754, 15.00000000000000000, -15.00000000000000355 ) ) ;
#969 = ORIENTED_EDGE ( 'NONE', *, *, #1904, .F. ) ;
#970 = DIRECTION ( 'NONE',  ( 0.000000000000000000, 0.000000000000000000, 1.000000000000000000 ) ) ;
#971 = EDGE_CURVE ( 'NONE', #404, #225, #952, .T. ) ;
#972 = CARTESIAN_POINT ( 'NONE',  ( -26.35000000000000142, 3.000000000000000000, -18.00000000000000355 ) ) ;
#973 = CARTESIAN_POINT ( 'NONE',  ( 18.25000000000000355, 3.000000000000000000, -2.400000000000000799 ) ) ;
#974 = ORIENTED_EDGE ( 'NONE', *, *, #1641, .F. ) ;
#975 = DIRECTION ( 'NONE',  ( -1.000000000000000000, 0.000000000000000000, 0.000000000000000000 ) ) ;
#976 = CARTESIAN_POINT ( 'NONE',  ( -6.334246575342473484, 6.000000000000000000, 12.03483777716851044 ) ) ;
#977 = ORIENTED_EDGE ( 'NONE', *, *, #1802, .T. ) ;
#978 = DIRECTION ( 'NONE',  ( -0.000000000000000000, -0.000000000000000000, 1.000000000000000000 ) ) ;
#979 = VECTOR ( 'NONE', #687, 1000.000000000000000 ) ;
#980 = VECTOR ( 'NONE', #281, 1000.000000000000000 ) ;
#981 = EDGE_CURVE ( 'NONE', #796, #65, #1535, .T. ) ;
#982 = CARTESIAN_POINT ( 'NONE',  ( 0.000000000000000000, 6.000000000000000000, 0.000000000000000000 ) ) ;
#983 = DIRECTION ( 'NONE',  ( -0.000000000000000000, -1.000000000000000000, -0.000000000000000000 ) ) ;
#984 = VECTOR ( 'NONE', #1092, 1000.000000000000000 ) ;
#985 = VECTOR ( 'NONE', #1854, 1000.000000000000000 ) ;
#986 = ORIENTED_EDGE ( 'NONE', *, *, #400, .T. ) ;
#987 = VECTOR ( 'NONE', #1734, 1000.000000000000000 ) ;
#988 = EDGE_CURVE ( 'NONE', #1675, #796, #1177, .T. ) ;
#989 = CARTESIAN_POINT ( 'NONE',  ( 21.34999968774225820, 15.00000000000000000, 15.00000000000000355 ) ) ;
#990 = CARTESIAN_POINT ( 'NONE',  ( 26.34999968774226176, 15.00000000000000000, 18.00000000000000355 ) ) ;
#991 = ORGANIZATION ( 'UNSPECIFIED', 'UNSPECIFIED', '' ) ;
#992 = EDGE_LOOP ( 'NONE', ( #1054, #176, #499, #257 ) ) ;
#993 = DIRECTION ( 'NONE',  ( 0.000000000000000000, 0.000000000000000000, 1.000000000000000000 ) ) ;
#994 = CARTESIAN_POINT ( 'NONE',  ( -26.34999999999999787, 15.00000000000000000, -5.078884843554317847E-15 ) ) ;
#995 = EDGE_LOOP ( 'NONE', ( #1851, #1260, #296, #1087 ) ) ;
#996 = CYLINDRICAL_SURFACE ( 'NONE', #1718, 2.400000000000000799 ) ;
#997 = CARTESIAN_POINT ( 'NONE',  ( -20.62534246575342678, 6.000000000000000000, -4.513064166438192970 ) ) ;
#998 = ORIENTED_EDGE ( 'NONE', *, *, #1236, .F. ) ;
#999 = EDGE_CURVE ( 'NONE', #1548, #59, #1684, .T. ) ;
#1000 = DIRECTION ( 'NONE',  ( -0.000000000000000000, -1.000000000000000000, 0.000000000000000000 ) ) ;
#1001 = LINE ( 'NONE', #391, #1077 ) ;
#1002 = VERTEX_POINT ( 'NONE', #1808 ) ;
#1003 = CARTESIAN_POINT ( 'NONE',  ( 0.000000000000000000, 3.000000000000000000, 0.000000000000000000 ) ) ;
#1004 = LINE ( 'NONE', #1614, #572 ) ;
#1005 = VERTEX_POINT ( 'NONE', #1044 ) ;
#1006 = DIRECTION ( 'NONE',  ( -1.000000000000000000, 0.000000000000000000, 5.781689155659254446E-16 ) ) ;
#1007 = CARTESIAN_POINT ( 'NONE',  ( 26.34999968774225820, 3.000000000000000000, 15.00000000000000355 ) ) ;
#1008 = VERTEX_POINT ( 'NONE', #302 ) ;
#1009 = CARTESIAN_POINT ( 'NONE',  ( -21.35000000000000142, 15.00000000000000000, 18.00000000000000355 ) ) ;
#1010 = EDGE_CURVE ( 'NONE', #253, #920, #1653, .T. ) ;
#1011 = DIRECTION ( 'NONE',  ( -1.000000000000000000, 0.000000000000000000, -0.000000000000000000 ) ) ;
#1012 = ORIENTED_EDGE ( 'NONE', *, *, #1868, .T. ) ;
#1013 = FACE_OUTER_BOUND ( 'NONE', #1270, .T. ) ;
#1014 = DIRECTION ( 'NONE',  ( 0.000000000000000000, 0.000000000000000000, 1.000000000000000000 ) ) ;
#1015 = ORIENTED_EDGE ( 'NONE', *, *, #877, .T. ) ;
#1016 = EDGE_CURVE ( 'NONE', #1091, #1890, #328, .T. ) ;
#1017 = CARTESIAN_POINT ( 'NONE',  ( 1.500000000000000222, 10.00000000000000000, -18.00000000000000355 ) ) ;
#1018 = DIRECTION ( 'NONE',  ( -0.000000000000000000, -1.000000000000000000, -0.000000000000000000 ) ) ;
#1019 = VECTOR ( 'NONE', #197, 1000.000000000000114 ) ;
#1020 = CIRCLE ( 'NONE', #480, 11.00000000000000000 ) ;
#1021 = VECTOR ( 'NONE', #246, 1000.000000000000000 ) ;
#1022 = DIRECTION ( 'NONE',  ( 0.000000000000000000, 0.000000000000000000, 1.000000000000000000 ) ) ;
#1023 = ORIENTED_EDGE ( 'NONE', *, *, #723, .F. ) ;
#1024 = AXIS2_PLACEMENT_3D ( 'NONE', #948, #468, #1705 ) ;
#1025 = VECTOR ( 'NONE', #798, 1000.000000000000000 ) ;
#1026 = DIRECTION ( 'NONE',  ( -1.000000000000000000, 0.000000000000000000, 0.000000000000000000 ) ) ;
#1027 = CARTESIAN_POINT ( 'NONE',  ( -26.35000000000000497, 15.00000000000000000, 15.00000000000000355 ) ) ;
#1028 = ORIENTED_EDGE ( 'NONE', *, *, #1747, .T. ) ;
#1029 = DIRECTION ( 'NONE',  ( 1.000000000000000000, 0.000000000000000000, 0.000000000000000000 ) ) ;
#1030 = DIRECTION ( 'NONE',  ( -0.000000000000000000, -0.000000000000000000, -1.000000000000000000 ) ) ;
#1031 = CC_DESIGN_PERSON_AND_ORGANIZATION_ASSIGNMENT ( #1339, #175, ( #469 ) ) ;
#1032 = DIRECTION ( 'NONE',  ( 0.000000000000000000, 1.000000000000000000, -0.000000000000000000 ) ) ;
#1033 = ORIENTED_EDGE ( 'NONE', *, *, #1378, .F. ) ;
#1034 = CARTESIAN_POINT ( 'NONE',  ( 0.000000000000000000, 3.000000000000000000, -11.00000000000000000 ) ) ;
#1035 = DIRECTION ( 'NONE',  ( -0.000000000000000000, -1.000000000000000000, -0.000000000000000000 ) ) ;
#1036 = VERTEX_POINT ( 'NONE', #913 ) ;
#1037 = DIRECTION ( 'NONE',  ( -0.000000000000000000, -0.000000000000000000, -1.000000000000000000 ) ) ;
#1038 = CARTESIAN_POINT ( 'NONE',  ( -21.34999999999999432, 20.00000000000000000, -15.00000000000000178 ) ) ;
#1039 =( NAMED_UNIT ( * ) SI_UNIT ( $, .STERADIAN. ) SOLID_ANGLE_UNIT ( ) );
#1040 = ORIENTED_EDGE ( 'NONE', *, *, #232, .F. ) ;
#1041 = CARTESIAN_POINT ( 'NONE',  ( -18.25000000000000355, 3.000000000000000000, 0.000000000000000000 ) ) ;
#1042 = DIRECTION ( 'NONE',  ( -0.000000000000000000, -1.000000000000000000, -0.000000000000000000 ) ) ;
#1043 = ORIENTED_EDGE ( 'NONE', *, *, #951, .F. ) ;
#1044 = CARTESIAN_POINT ( 'NONE',  ( -19.84999999999999787, 15.00000000000000000, 15.00000000000000355 ) ) ;
#1045 = CIRCLE ( 'NONE', #885, 1.500000000000000222 ) ;
#1046 = VECTOR ( 'NONE', #1458, 1000.000000000000000 ) ;
#1047 = PERSON_AND_ORGANIZATION ( #286, #991 ) ;
#1048 = ORIENTED_EDGE ( 'NONE', *, *, #1761, .T. ) ;
#1049 = CIRCLE ( 'NONE', #1463, 5.099999999999999645 ) ;
#1050 = EDGE_CURVE ( 'NONE', #410, #929, #1912, .T. ) ;
#1051 = FACE_OUTER_BOUND ( 'NONE', #1159, .T. ) ;
#1052 = VECTOR ( 'NONE', #618, 1000.000000000000000 ) ;
#1053 = LINE ( 'NONE', #579, #1357 ) ;
#1054 = ORIENTED_EDGE ( 'NONE', *, *, #261, .F. ) ;
#1055 = AXIS2_PLACEMENT_3D ( 'NONE', #1753, #395, #993 ) ;
#1056 = DIRECTION ( 'NONE',  ( -0.000000000000000000, -0.000000000000000000, -1.000000000000000000 ) ) ;
#1057 = CIRCLE ( 'NONE', #1917, 8.099999999999994316 ) ;
#1058 = APPLICATION_CONTEXT ( 'configuration controlled 3d designs of mechanical parts and assemblies' ) ;
#1059 = APPROVAL_ROLE ( '' ) ;
#1060 = EDGE_CURVE ( 'NONE', #942, #167, #608, .T. ) ;
#1061 = ORIENTED_EDGE ( 'NONE', *, *, #1064, .T. ) ;
#1062 = DIRECTION ( 'NONE',  ( -1.000000000000000000, 0.000000000000000000, 0.000000000000000000 ) ) ;
#1063 = CARTESIAN_POINT ( 'NONE',  ( 7.719174598546424626, 3.000000000000000000, -14.68593285758042555 ) ) ;
#1064 = EDGE_CURVE ( 'NONE', #1933, #1685, #1212, .T. ) ;
#1065 = ORIENTED_EDGE ( 'NONE', *, *, #647, .F. ) ;
#1066 = CARTESIAN_POINT ( 'NONE',  ( 0.000000000000000000, 0.000000000000000000, 15.00000000000000355 ) ) ;
#1067 = ORIENTED_EDGE ( 'NONE', *, *, #339, .T. ) ;
#1068 = DIRECTION ( 'NONE',  ( 0.000000000000000000, 1.000000000000000000, -0.000000000000000000 ) ) ;
#1069 = CYLINDRICAL_SURFACE ( 'NONE', #630, 1.500000000000001332 ) ;
#1070 = VERTEX_POINT ( 'NONE', #32 ) ;
#1071 = CARTESIAN_POINT ( 'NONE',  ( 7.719174598546424626, 6.000000000000000000, -14.68593285758042555 ) ) ;
#1072 = ORIENTED_EDGE ( 'NONE', *, *, #305, .T. ) ;
#1073 = CIRCLE ( 'NONE', #1325, 1.500000000000001332 ) ;
#1074 = CARTESIAN_POINT ( 'NONE',  ( 0.000000000000000000, 3.000000000000000000, 0.000000000000000000 ) ) ;
#1075 = ORIENTED_EDGE ( 'NONE', *, *, #455, .F. ) ;
#1076 = VECTOR ( 'NONE', #1266, 1000.000000000000000 ) ;
#1077 = VECTOR ( 'NONE', #1272, 1000.000000000000000 ) ;
#1078 = CARTESIAN_POINT ( 'NONE',  ( 0.000000000000000000, 0.000000000000000000, 18.00000000000000355 ) ) ;
#1079 = FACE_OUTER_BOUND ( 'NONE', #1665, .T. ) ;
#1080 = AXIS2_PLACEMENT_3D ( 'NONE', #756, #1068, #1373 ) ;
#1081 = DIRECTION ( 'NONE',  ( -0.000000000000000000, -0.000000000000000000, -1.000000000000000000 ) ) ;
#1082 = CC_DESIGN_APPROVAL ( #330, ( #1884 ) ) ;
#1083 = CARTESIAN_POINT ( 'NONE',  ( 0.000000000000000000, 3.000000000000000000, 0.000000000000000000 ) ) ;
#1084 = CALENDAR_DATE ( 2026, 20, 6 ) ;
#1085 = ORIENTED_EDGE ( 'NONE', *, *, #839, .T. ) ;
#1086 = CARTESIAN_POINT ( 'NONE',  ( -26.35000000000000142, 15.00000000000000000, -18.00000000000000355 ) ) ;
#1087 = ORIENTED_EDGE ( 'NONE', *, *, #489, .F. ) ;
#1088 = CARTESIAN_POINT ( 'NONE',  ( 21.34999968774226176, 15.00000000000000000, 15.00000000000000355 ) ) ;
#1089 = FACE_OUTER_BOUND ( 'NONE', #1572, .T. ) ;
#1090 = EDGE_CURVE ( 'NONE', #1002, #1580, #156, .T. ) ;
#1091 = VERTEX_POINT ( 'NONE', #1338 ) ;
#1092 = DIRECTION ( 'NONE',  ( 0.8849145424388606962, 0.000000000000000000, 0.4657534246575346093 ) ) ;
#1093 = ORIENTED_EDGE ( 'NONE', *, *, #887, .F. ) ;
#1094 = CARTESIAN_POINT ( 'NONE',  ( 1.347111479062088405E-15, 0.000000000000000000, 11.00000000000000000 ) ) ;
#1095 = ORIENTED_EDGE ( 'NONE', *, *, #1565, .F. ) ;
#1096 = DIRECTION ( 'NONE',  ( -0.000000000000000000, -0.000000000000000000, 1.000000000000000000 ) ) ;
#1097 = CYLINDRICAL_SURFACE ( 'NONE', #888, 5.000000000000000888 ) ;
#1098 = EDGE_LOOP ( 'NONE', ( #63, #447, #1865, #1479 ) ) ;
#1099 = PLANE ( 'NONE',  #357 ) ;
#1100 = ORIENTED_EDGE ( 'NONE', *, *, #465, .T. ) ;
#1101 = EDGE_CURVE ( 'NONE', #1340, #1919, #738, .T. ) ;
#1102 = CARTESIAN_POINT ( 'NONE',  ( 0.000000000000000000, 0.000000000000000000, 0.000000000000000000 ) ) ;
#1103 = ORIENTED_EDGE ( 'NONE', *, *, #869, .T. ) ;
#1104 = EDGE_CURVE ( 'NONE', #199, #910, #1681, .T. ) ;
#1105 = VECTOR ( 'NONE', #155, 1000.000000000000000 ) ;
#1106 = VECTOR ( 'NONE', #1107, 1000.000000000000114 ) ;
#1107 = DIRECTION ( 'NONE',  ( -0.8849145424388608072, 0.000000000000000000, 0.4657534246575344428 ) ) ;
#1108 = AXIS2_PLACEMENT_3D ( 'NONE', #562, #1297, #1597 ) ;
#1109 = EDGE_LOOP ( 'NONE', ( #534, #703, #353, #207 ) ) ;
#1110 = FACE_OUTER_BOUND ( 'NONE', #299, .T. ) ;
#1111 = AXIS2_PLACEMENT_3D ( 'NONE', #1066, #597, #1193 ) ;
#1112 = CIRCLE ( 'NONE', #926, 1.500000000000000222 ) ;
#1113 = EDGE_LOOP ( 'NONE', ( #524, #974 ) ) ;
#1114 = CC_DESIGN_APPROVAL ( #1372, ( #469 ) ) ;
#1115 = CARTESIAN_POINT ( 'NONE',  ( 26.34999968774225110, 3.000000000000000000, -1.523475074462441146E-14 ) ) ;
#1116 = ADVANCED_FACE ( 'NONE', ( #4, #924, #181, #905 ), #591, .T. ) ;
#1117 = ORIENTED_EDGE ( 'NONE', *, *, #999, .T. ) ;
#1118 = DIRECTION ( 'NONE',  ( 1.000000000000000000, 0.000000000000000000, 0.000000000000000000 ) ) ;
#1119 = CARTESIAN_POINT ( 'NONE',  ( 1.500000000000000222, 10.00000000000000000, 15.00000000000000355 ) ) ;
#1120 = ORIENTED_EDGE ( 'NONE', *, *, #1294, .T. ) ;
#1121 = FACE_OUTER_BOUND ( 'NONE', #1689, .T. ) ;
#1122 = ORIENTED_EDGE ( 'NONE', *, *, #373, .F. ) ;
#1123 = FACE_OUTER_BOUND ( 'NONE', #1658, .T. ) ;
#1124 = DIRECTION ( 'NONE',  ( 0.000000000000000000, 0.000000000000000000, 1.000000000000000000 ) ) ;
#1125 = ORIENTED_EDGE ( 'NONE', *, *, #1415, .F. ) ;
#1126 = EDGE_CURVE ( 'NONE', #708, #1410, #578, .T. ) ;
#1127 = DIRECTION ( 'NONE',  ( -1.000000000000000000, 0.000000000000000000, 0.000000000000000000 ) ) ;
#1128 = LINE ( 'NONE', #684, #1654 ) ;
#1129 = EDGE_CURVE ( 'NONE', #508, #1557, #204, .T. ) ;
#1130 = DIRECTION ( 'NONE',  ( -0.000000000000000000, -1.000000000000000000, -0.000000000000000000 ) ) ;
#1131 = DIRECTION ( 'NONE',  ( 0.000000000000000000, 0.000000000000000000, -1.000000000000000000 ) ) ;
#1132 = EDGE_CURVE ( 'NONE', #1416, #36, #1511, .T. ) ;
#1133 = EDGE_LOOP ( 'NONE', ( #861, #1517, #1093, #367 ) ) ;
#1134 = DIRECTION ( 'NONE',  ( -0.000000000000000000, -1.000000000000000000, -0.000000000000000000 ) ) ;
#1135 = LINE ( 'NONE', #1750, #1021 ) ;
#1136 = ORIENTED_EDGE ( 'NONE', *, *, #1132, .F. ) ;
#1137 = AXIS2_PLACEMENT_3D ( 'NONE', #855, #1006, #676 ) ;
#1138 = CARTESIAN_POINT ( 'NONE',  ( 26.34999968774226176, 0.000000000000000000, -18.00000000000000355 ) ) ;
#1139 = FACE_OUTER_BOUND ( 'NONE', #1244, .T. ) ;
#1140 = ORIENTED_EDGE ( 'NONE', *, *, #1901, .T. ) ;
#1141 = VECTOR ( 'NONE', #226, 1000.000000000000114 ) ;
#1142 = DIRECTION ( 'NONE',  ( 1.734723475976807094E-16, -1.000000000000000000, 0.000000000000000000 ) ) ;
#1143 = CARTESIAN_POINT ( 'NONE',  ( 0.000000000000000000, 3.000000000000000000, 0.000000000000000000 ) ) ;
#1144 = EDGE_CURVE ( 'NONE', #1273, #1343, #453, .T. ) ;
#1145 = VECTOR ( 'NONE', #1935, 1000.000000000000000 ) ;
#1146 = AXIS2_PLACEMENT_3D ( 'NONE', #624, #1611, #1239 ) ;
#1147 = EDGE_CURVE ( 'NONE', #1284, #942, #1563, .T. ) ;
#1148 = ORIENTED_EDGE ( 'NONE', *, *, #1761, .F. ) ;
#1149 = AXIS2_PLACEMENT_3D ( 'NONE', #641, #1660, #1245 ) ;
#1150 = DIRECTION ( 'NONE',  ( 0.000000000000000000, 0.000000000000000000, -1.000000000000000000 ) ) ;
#1151 = CARTESIAN_POINT ( 'NONE',  ( -20.62534246575342678, 6.000000000000000000, 4.513064166438185865 ) ) ;
#1152 = AXIS2_PLACEMENT_3D ( 'NONE', #1920, #1150, #1495 ) ;
#1153 = ORIENTED_EDGE ( 'NONE', *, *, #1712, .T. ) ;
#1154 = DIRECTION ( 'NONE',  ( -0.8849145424388608072, 0.000000000000000000, -0.4657534246575344428 ) ) ;
#1155 = ORIENTED_EDGE ( 'NONE', *, *, #285, .T. ) ;
#1156 = DIRECTION ( 'NONE',  ( -0.000000000000000000, -1.000000000000000000, -0.000000000000000000 ) ) ;
#1157 = CARTESIAN_POINT ( 'NONE',  ( 26.34999968774226176, 15.00000000000000000, -18.00000000000000355 ) ) ;
#1158 = ADVANCED_FACE ( 'NONE', ( #1079 ), #1765, .T. ) ;
#1159 = EDGE_LOOP ( 'NONE', ( #953, #1643, #212, #392, #1908, #1379, #1015, #977, #792, #1894 ) ) ;
#1160 = CARTESIAN_POINT ( 'NONE',  ( -18.25000000000000355, 3.000000000000000000, -2.400000000000000799 ) ) ;
#1161 = ORIENTED_EDGE ( 'NONE', *, *, #877, .F. ) ;
#1162 = EDGE_CURVE ( 'NONE', #1830, #358, #1001, .T. ) ;
#1163 = CYLINDRICAL_SURFACE ( 'NONE', #331, 5.099999999999999645 ) ;
#1164 = CARTESIAN_POINT ( 'NONE',  ( 6.334246575342472596, 6.000000000000000000, -12.03483777716851399 ) ) ;
#1165 = ORIENTED_EDGE ( 'NONE', *, *, #1656, .T. ) ;
#1166 = DIRECTION ( 'NONE',  ( -0.000000000000000000, -0.000000000000000000, -1.000000000000000000 ) ) ;
#1167 = DIRECTION ( 'NONE',  ( 0.000000000000000000, 0.000000000000000000, 1.000000000000000000 ) ) ;
#1168 = CARTESIAN_POINT ( 'NONE',  ( -7.731506849315068486, 6.000000000000000000, 14.68958140448508587 ) ) ;
#1169 = ORIENTED_EDGE ( 'NONE', *, *, #1276, .F. ) ;
#1170 = FACE_BOUND ( 'NONE', #714, .T. ) ;
#1171 = CARTESIAN_POINT ( 'NONE',  ( 21.34999968774224754, 20.00000000000000000, -18.00000000000000355 ) ) ;
#1172 = ADVANCED_FACE ( 'NONE', ( #1582 ), #1907, .T. ) ;
#1173 = ORIENTED_EDGE ( 'NONE', *, *, #415, .T. ) ;
#1174 = CARTESIAN_POINT ( 'NONE',  ( -20.62534246575342678, 3.000000000000000000, -4.513064166438192970 ) ) ;
#1175 = DIRECTION ( 'NONE',  ( -1.000000000000000000, 0.000000000000000000, 0.000000000000000000 ) ) ;
#1176 = AXIS2_PLACEMENT_3D ( 'NONE', #88, #1449, #568 ) ;
#1177 = CIRCLE ( 'NONE', #605, 5.000000000000000888 ) ;
#1178 = AXIS2_PLACEMENT_3D ( 'NONE', #196, #629, #1518 ) ;
#1179 = DIRECTION ( 'NONE',  ( 1.927470528863118802E-16, 0.000000000000000000, -1.000000000000000000 ) ) ;
#1180 = EDGE_LOOP ( 'NONE', ( #969, #1095 ) ) ;
#1181 = CIRCLE ( 'NONE', #1568, 2.400000000000000799 ) ;
#1182 = AXIS2_PLACEMENT_3D ( 'NONE', #564, #254, #721 ) ;
#1183 = CARTESIAN_POINT ( 'NONE',  ( -6.334246575342469932, 3.000000000000000000, -12.03483777716851577 ) ) ;
#1184 = LINE ( 'NONE', #615, #1817 ) ;
#1185 = ORIENTED_EDGE ( 'NONE', *, *, #1626, .T. ) ;
#1186 = CARTESIAN_POINT ( 'NONE',  ( -6.334246575342469932, 6.000000000000000000, -12.03483777716851577 ) ) ;
#1187 = DIRECTION ( 'NONE',  ( 0.000000000000000000, 0.000000000000000000, 1.000000000000000000 ) ) ;
#1188 = ORIENTED_EDGE ( 'NONE', *, *, #634, .T. ) ;
#1189 = CARTESIAN_POINT ( 'NONE',  ( 0.000000000000000000, 3.000000000000000000, 0.000000000000000000 ) ) ;
#1190 = CARTESIAN_POINT ( 'NONE',  ( 19.84999968774225820, 15.00000000000000000, 18.00000000000000355 ) ) ;
#1191 = ORIENTED_EDGE ( 'NONE', *, *, #1409, .T. ) ;
#1192 = EDGE_CURVE ( 'NONE', #658, #1619, #933, .T. ) ;
#1193 = DIRECTION ( 'NONE',  ( -1.000000000000000000, 0.000000000000000000, -0.000000000000000000 ) ) ;
#1194 = ADVANCED_FACE ( 'NONE', ( #1089 ), #1383, .T. ) ;
#1195 = EDGE_CURVE ( 'NONE', #1696, #81, #236, .T. ) ;
#1196 = PERSON_AND_ORGANIZATION ( #286, #991 ) ;
#1197 = ORIENTED_EDGE ( 'NONE', *, *, #971, .T. ) ;
#1198 = CARTESIAN_POINT ( 'NONE',  ( 21.34999968774224754, 15.00000000000000000, -15.00000000000003020 ) ) ;
#1199 = DIRECTION ( 'NONE',  ( -0.000000000000000000, -1.000000000000000000, -0.000000000000000000 ) ) ;
#1200 = ORIENTED_EDGE ( 'NONE', *, *, #680, .T. ) ;
#1201 = DIRECTION ( 'NONE',  ( -0.000000000000000000, -1.000000000000000000, -0.000000000000000000 ) ) ;
#1202 = EDGE_CURVE ( 'NONE', #279, #642, #669, .T. ) ;
#1203 = EDGE_CURVE ( 'NONE', #776, #1416, #380, .T. ) ;
#1204 = AXIS2_PLACEMENT_3D ( 'NONE', #383, #978, #832 ) ;
#1205 = PERSON_AND_ORGANIZATION_ROLE ( 'design_owner' ) ;
#1206 = ORIENTED_EDGE ( 'NONE', *, *, #911, .F. ) ;
#1207 = VECTOR ( 'NONE', #745, 1000.000000000000000 ) ;
#1208 = LINE ( 'NONE', #194, #1729 ) ;
#1209 = VECTOR ( 'NONE', #170, 1000.000000000000000 ) ;
#1210 = FACE_OUTER_BOUND ( 'NONE', #219, .T. ) ;
#1211 = EDGE_LOOP ( 'NONE', ( #600, #1723 ) ) ;
#1212 = LINE ( 'NONE', #1222, #1725 ) ;
#1213 = VECTOR ( 'NONE', #690, 1000.000000000000000 ) ;
#1214 = COORDINATED_UNIVERSAL_TIME_OFFSET ( 5, 30, .AHEAD. ) ;
#1215 = ORIENTED_EDGE ( 'NONE', *, *, #255, .T. ) ;
#1216 = DIRECTION ( 'NONE',  ( 1.734723475976807094E-16, -1.000000000000000000, -0.000000000000000000 ) ) ;
#1217 = DIRECTION ( 'NONE',  ( 0.4657534246575346093, -0.000000000000000000, 0.8849145424388606962 ) ) ;
#1218 = ORIENTED_EDGE ( 'NONE', *, *, #232, .T. ) ;
#1219 = ADVANCED_FACE ( 'NONE', ( #1889 ), #691, .F. ) ;
#1220 = CYLINDRICAL_SURFACE ( 'NONE', #1527, 1.500000000000001332 ) ;
#1221 = DIRECTION ( 'NONE',  ( -1.000000000000000000, 0.000000000000000000, -0.000000000000000000 ) ) ;
#1222 = CARTESIAN_POINT ( 'NONE',  ( 6.334246575342473484, 6.000000000000000000, 12.03483777716851044 ) ) ;
#1223 = PERSON_AND_ORGANIZATION_ROLE ( 'design_supplier' ) ;
#1224 = ORIENTED_EDGE ( 'NONE', *, *, #1126, .F. ) ;
#1225 = DIRECTION ( 'NONE',  ( -0.000000000000000000, -0.000000000000000000, -1.000000000000000000 ) ) ;
#1226 = ORIENTED_EDGE ( 'NONE', *, *, #1050, .F. ) ;
#1227 = ADVANCED_FACE ( 'NONE', ( #1543 ), #188, .T. ) ;
#1228 = DIRECTION ( 'NONE',  ( 0.000000000000000000, 0.000000000000000000, -1.000000000000000000 ) ) ;
#1229 = ORIENTED_EDGE ( 'NONE', *, *, #1496, .T. ) ;
#1230 = APPROVAL_ROLE ( '' ) ;
#1231 = ORIENTED_EDGE ( 'NONE', *, *, #377, .T. ) ;
#1232 = VECTOR ( 'NONE', #1693, 1000.000000000000000 ) ;
#1233 = DIRECTION ( 'NONE',  ( -0.000000000000000000, -0.000000000000000000, -1.000000000000000000 ) ) ;
#1234 = ORIENTED_EDGE ( 'NONE', *, *, #525, .T. ) ;
#1235 = CIRCLE ( 'NONE', #1944, 11.00000000000000000 ) ;
#1236 = EDGE_CURVE ( 'NONE', #1284, #6, #44, .T. ) ;
#1237 = VECTOR ( 'NONE', #1422, 1000.000000000000000 ) ;
#1238 = PLANE ( 'NONE',  #604 ) ;
#1239 = DIRECTION ( 'NONE',  ( -0.8851730575514634713, 0.000000000000000000, -0.4652619242802847332 ) ) ;
#1240 = AXIS2_PLACEMENT_3D ( 'NONE', #158, #1225, #1062 ) ;
#1241 = CARTESIAN_POINT ( 'NONE',  ( 22.84999968774226176, 15.00000000000000000, 18.00000000000000355 ) ) ;
#1242 = CIRCLE ( 'NONE', #670, 2.400000000000000799 ) ;
#1243 = PLANE ( 'NONE',  #1630 ) ;
#1244 = EDGE_LOOP ( 'NONE', ( #15, #1282, #1440, #685 ) ) ;
#1245 = DIRECTION ( 'NONE',  ( -1.000000000000000000, 0.000000000000000000, 0.000000000000000000 ) ) ;
#1246 = ORIENTED_EDGE ( 'NONE', *, *, #1144, .T. ) ;
#1247 = CARTESIAN_POINT ( 'NONE',  ( -18.25000000000000355, 3.000000000000000000, 2.400000000000000799 ) ) ;
#1248 = CARTESIAN_POINT ( 'NONE',  ( 20.62534246575342678, 6.000000000000000000, 4.513064166438185865 ) ) ;
#1249 = ORIENTED_EDGE ( 'NONE', *, *, #1950, .T. ) ;
#1250 = CARTESIAN_POINT ( 'NONE',  ( -21.34999999999999432, 20.00000000000000000, -18.00000000000000355 ) ) ;
#1251 = EDGE_CURVE ( 'NONE', #1008, #1625, #955, .T. ) ;
#1252 = ORIENTED_EDGE ( 'NONE', *, *, #1147, .T. ) ;
#1253 = DIRECTION ( 'NONE',  ( 1.927470528863118802E-16, -0.000000000000000000, -1.000000000000000000 ) ) ;
#1254 = VERTEX_POINT ( 'NONE', #1446 ) ;
#1255 = CARTESIAN_POINT ( 'NONE',  ( -26.35000000000000497, 20.00000000000000000, 15.00000000000000355 ) ) ;
#1256 = ORIENTED_EDGE ( 'NONE', *, *, #938, .F. ) ;
#1257 = DIRECTION ( 'NONE',  ( -0.000000000000000000, -1.000000000000000000, -0.000000000000000000 ) ) ;
#1258 = ORIENTED_EDGE ( 'NONE', *, *, #1710, .F. ) ;
#1259 = LINE ( 'NONE', #1280, #1213 ) ;
#1260 = ORIENTED_EDGE ( 'NONE', *, *, #981, .F. ) ;
#1261 = VECTOR ( 'NONE', #487, 1000.000000000000000 ) ;
#1262 = CIRCLE ( 'NONE', #1790, 1.500000000000000222 ) ;
#1263 = LINE ( 'NONE', #1881, #1141 ) ;
#1264 = AXIS2_PLACEMENT_3D ( 'NONE', #405, #1726, #1425 ) ;
#1265 = ORIENTED_EDGE ( 'NONE', *, *, #83, .F. ) ;
#1266 = DIRECTION ( 'NONE',  ( -0.000000000000000000, -0.000000000000000000, -1.000000000000000000 ) ) ;
#1267 = AXIS2_PLACEMENT_3D ( 'NONE', #1444, #370, #75 ) ;
#1268 = VECTOR ( 'NONE', #223, 1000.000000000000114 ) ;
#1269 = EDGE_CURVE ( 'NONE', #231, #1577, #359, .T. ) ;
#1270 = EDGE_LOOP ( 'NONE', ( #1161, #1748, #650, #1067 ) ) ;
#1271 = CARTESIAN_POINT ( 'NONE',  ( -22.02260273972603599, 6.000000000000000000, 7.167807793754763956 ) ) ;
#1272 = DIRECTION ( 'NONE',  ( -1.927470528863118802E-16, 0.000000000000000000, 1.000000000000000000 ) ) ;
#1273 = VERTEX_POINT ( 'NONE', #1896 ) ;
#1274 = CARTESIAN_POINT ( 'NONE',  ( 22.84999968774226176, 15.00000000000000000, -18.00000000000000355 ) ) ;
#1275 = CARTESIAN_POINT ( 'NONE',  ( 21.34999968774225465, 20.00000000000000000, 15.00000000000000355 ) ) ;
#1276 = EDGE_CURVE ( 'NONE', #12, #934, #1435, .T. ) ;
#1277 = DIRECTION ( 'NONE',  ( -0.000000000000000000, -1.000000000000000000, -0.000000000000000000 ) ) ;
#1278 = DIRECTION ( 'NONE',  ( -0.000000000000000000, -1.000000000000000000, -0.000000000000000000 ) ) ;
#1279 = ORIENTED_EDGE ( 'NONE', *, *, #720, .F. ) ;
#1280 = CARTESIAN_POINT ( 'NONE',  ( -26.35000000000000497, 20.00000000000000000, 15.00000000000000355 ) ) ;
#1281 = CARTESIAN_POINT ( 'NONE',  ( 21.34999968774226176, 15.00000000000000000, -15.00000000000000355 ) ) ;
#1282 = ORIENTED_EDGE ( 'NONE', *, *, #492, .F. ) ;
#1283 = CARTESIAN_POINT ( 'NONE',  ( 8.202157676079009363, 3.000000000000000000, -14.43206878644701519 ) ) ;
#1284 = VERTEX_POINT ( 'NONE', #1151 ) ;
#1285 = EDGE_CURVE ( 'NONE', #1402, #231, #1135, .T. ) ;
#1286 = DIRECTION ( 'NONE',  ( -0.000000000000000000, -0.000000000000000000, -1.000000000000000000 ) ) ;
#1287 = LINE ( 'NONE', #697, #22 ) ;
#1288 = ORIENTED_EDGE ( 'NONE', *, *, #511, .F. ) ;
#1289 = LINE ( 'NONE', #205, #1268 ) ;
#1290 = DIRECTION ( 'NONE',  ( -0.8849145424388609182, 0.000000000000000000, -0.4657534246575342207 ) ) ;
#1291 = EDGE_LOOP ( 'NONE', ( #1140, #1085 ) ) ;
#1292 = DIRECTION ( 'NONE',  ( -0.000000000000000000, -1.000000000000000000, -0.000000000000000000 ) ) ;
#1293 = ORIENTED_EDGE ( 'NONE', *, *, #1864, .F. ) ;
#1294 = EDGE_CURVE ( 'NONE', #1867, #1714, #838, .T. ) ;
#1295 = AXIS2_PLACEMENT_3D ( 'NONE', #270, #1932, #1472 ) ;
#1296 = DIRECTION ( 'NONE',  ( -0.4657534246575341652, 0.000000000000000000, 0.8849145424388610293 ) ) ;
#1297 = DIRECTION ( 'NONE',  ( -0.000000000000000000, -1.000000000000000000, -0.000000000000000000 ) ) ;
#1298 = VECTOR ( 'NONE', #1827, 1000.000000000000000 ) ;
#1299 = ORIENTED_EDGE ( 'NONE', *, *, #823, .F. ) ;
#1300 = AXIS2_PLACEMENT_3D ( 'NONE', #1650, #864, #1613 ) ;
#1301 = LINE ( 'NONE', #555, #640 ) ;
#1302 = CARTESIAN_POINT ( 'NONE',  ( 0.000000000000000000, 3.000000000000000000, -18.00000000000000355 ) ) ;
#1303 = AXIS2_PLACEMENT_3D ( 'NONE', #266, #860, #1468 ) ;
#1304 = ORIENTED_EDGE ( 'NONE', *, *, #1195, .F. ) ;
#1305 = FACE_BOUND ( 'NONE', #1291, .T. ) ;
#1306 = LINE ( 'NONE', #994, #1789 ) ;
#1307 = EDGE_LOOP ( 'NONE', ( #648, #42, #1348, #966 ) ) ;
#1308 = CARTESIAN_POINT ( 'NONE',  ( 6.334246575342472596, 3.000000000000000000, 12.03483777716851044 ) ) ;
#1309 = CARTESIAN_POINT ( 'NONE',  ( -7.110555533852457977, 3.000000000000000000, -15.00000000000000355 ) ) ;
#1310 = EDGE_CURVE ( 'NONE', #1603, #199, #893, .T. ) ;
#1311 = MECHANICAL_CONTEXT ( 'NONE', #1391, 'mechanical' ) ;
#1312 = ORIENTED_EDGE ( 'NONE', *, *, #1784, .F. ) ;
#1313 = DIRECTION ( 'NONE',  ( 0.000000000000000000, 0.000000000000000000, -1.000000000000000000 ) ) ;
#1314 = CARTESIAN_POINT ( 'NONE',  ( -26.35000000000000497, 20.00000000000000000, -18.00000000000000355 ) ) ;
#1315 = VERTEX_POINT ( 'NONE', #1160 ) ;
#1316 = CARTESIAN_POINT ( 'NONE',  ( -26.35000000000000142, 0.000000000000000000, -15.00000000000000355 ) ) ;
#1317 = DIRECTION ( 'NONE',  ( -0.000000000000000000, -1.000000000000000000, -0.000000000000000000 ) ) ;
#1318 = ADVANCED_FACE ( 'NONE', ( #1621, #556, #411, #1921 ), #702, .T. ) ;
#1319 = DIRECTION ( 'NONE',  ( -0.000000000000000000, -1.000000000000000000, -0.000000000000000000 ) ) ;
#1320 = VERTEX_POINT ( 'NONE', #107 ) ;
#1321 = LINE ( 'NONE', #268, #454 ) ;
#1322 = DIRECTION ( 'NONE',  ( 0.000000000000000000, -0.000000000000000000, -1.000000000000000000 ) ) ;
#1323 = ORIENTED_EDGE ( 'NONE', *, *, #904, .T. ) ;
#1324 = CARTESIAN_POINT ( 'NONE',  ( 0.000000000000000000, 0.000000000000000000, 0.000000000000000000 ) ) ;
#1325 = AXIS2_PLACEMENT_3D ( 'NONE', #1799, #433, #1645 ) ;
#1326 = AXIS2_PLACEMENT_3D ( 'NONE', #1462, #1484, #1167 ) ;
#1327 = AXIS2_PLACEMENT_3D ( 'NONE', #1369, #1945, #583 ) ;
#1328 = CARTESIAN_POINT ( 'NONE',  ( 21.34999968774225110, 15.00000000000000000, -1.234390616679478532E-14 ) ) ;
#1329 = EDGE_CURVE ( 'NONE', #910, #1840, #513, .T. ) ;
#1330 = ORIENTED_EDGE ( 'NONE', *, *, #1855, .T. ) ;
#1331 = AXIS2_PLACEMENT_3D ( 'NONE', #1074, #1362, #901 ) ;
#1332 = LOCAL_TIME ( 18, 7, 10.00000000000000000, #332 ) ;
#1333 = CARTESIAN_POINT ( 'NONE',  ( 18.25000000000000355, 6.000000000000000000, 0.000000000000000000 ) ) ;
#1334 = CARTESIAN_POINT ( 'NONE',  ( 21.34999968774226176, 15.00000000000000000, 18.00000000000000355 ) ) ;
#1335 = ORIENTED_EDGE ( 'NONE', *, *, #501, .F. ) ;
#1336 = ADVANCED_FACE ( 'NONE', ( #325 ), #1680, .F. ) ;
#1337 = LINE ( 'NONE', #442, #1105 ) ;
#1338 = CARTESIAN_POINT ( 'NONE',  ( 22.01862158667029234, 3.000000000000000000, -7.169901766166834278 ) ) ;
#1339 = PERSON_AND_ORGANIZATION ( #286, #991 ) ;
#1340 = VERTEX_POINT ( 'NONE', #777 ) ;
#1341 = CARTESIAN_POINT ( 'NONE',  ( 18.25000000000000355, 3.000000000000000000, 0.000000000000000000 ) ) ;
#1342 = PLANE ( 'NONE',  #857 ) ;
#1343 = VERTEX_POINT ( 'NONE', #1367 ) ;
#1344 = EDGE_CURVE ( 'NONE', #1859, #1386, #763, .T. ) ;
#1345 = FACE_OUTER_BOUND ( 'NONE', #1307, .T. ) ;
#1346 = CARTESIAN_POINT ( 'NONE',  ( -21.35000000000000142, 20.00000000000000000, 18.00000000000000355 ) ) ;
#1347 = EDGE_CURVE ( 'NONE', #120, #358, #476, .T. ) ;
#1348 = ORIENTED_EDGE ( 'NONE', *, *, #1496, .F. ) ;
#1349 = DIRECTION ( 'NONE',  ( -0.000000000000000000, -0.000000000000000000, 1.000000000000000000 ) ) ;
#1350 = DIRECTION ( 'NONE',  ( 0.000000000000000000, 0.000000000000000000, -1.000000000000000000 ) ) ;
#1351 = EDGE_LOOP ( 'NONE', ( #1735, #474, #623, #134, #1191 ) ) ;
#1352 = CARTESIAN_POINT ( 'NONE',  ( -22.85000000000000142, 15.00000000000000000, -15.00000000000000355 ) ) ;
#1353 = DIRECTION ( 'NONE',  ( -1.000000000000000000, 0.000000000000000000, 0.000000000000000000 ) ) ;
#1354 = ADVANCED_FACE ( 'NONE', ( #1692 ), #186, .F. ) ;
#1355 = CIRCLE ( 'NONE', #628, 1.500000000000001332 ) ;
#1356 = CIRCLE ( 'NONE', #1295, 1.500000000000000222 ) ;
#1357 = VECTOR ( 'NONE', #1509, 1000.000000000000000 ) ;
#1358 = COORDINATED_UNIVERSAL_TIME_OFFSET ( 5, 30, .AHEAD. ) ;
#1359 = EDGE_CURVE ( 'NONE', #1008, #1402, #1670, .T. ) ;
#1360 = VERTEX_POINT ( 'NONE', #31 ) ;
#1361 = VECTOR ( 'NONE', #92, 1000.000000000000000 ) ;
#1362 = DIRECTION ( 'NONE',  ( 0.000000000000000000, 1.000000000000000000, 0.000000000000000000 ) ) ;
#1363 = VECTOR ( 'NONE', #1835, 1000.000000000000000 ) ;
#1364 = CARTESIAN_POINT ( 'NONE',  ( 26.34999968774226176, 3.000000000000000000, -18.00000000000000355 ) ) ;
#1365 = ORIENTED_EDGE ( 'NONE', *, *, #611, .T. ) ;
#1366 = AXIS2_PLACEMENT_3D ( 'NONE', #1041, #567, #1778 ) ;
#1367 = CARTESIAN_POINT ( 'NONE',  ( 18.25000000000000355, 3.000000000000000000, -2.400000000000000799 ) ) ;
#1368 = DIRECTION ( 'NONE',  ( 0.000000000000000000, 0.000000000000000000, -1.000000000000000000 ) ) ;
#1369 = CARTESIAN_POINT ( 'NONE',  ( -18.25000000000000355, 6.000000000000000000, 0.000000000000000000 ) ) ;
#1370 = APPROVAL_DATE_TIME ( #1377, #1372 ) ;
#1371 = VERTEX_POINT ( 'NONE', #57 ) ;
#1372 = APPROVAL ( #1513, 'UNSPECIFIED' ) ;
#1373 = DIRECTION ( 'NONE',  ( 0.000000000000000000, 0.000000000000000000, 1.000000000000000000 ) ) ;
#1374 = VERTEX_POINT ( 'NONE', #1247 ) ;
#1375 = DIRECTION ( 'NONE',  ( 0.000000000000000000, 0.000000000000000000, -1.000000000000000000 ) ) ;
#1376 = CARTESIAN_POINT ( 'NONE',  ( 0.000000000000000000, 6.000000000000000000, 0.000000000000000000 ) ) ;
#1377 = DATE_AND_TIME ( #753, #584 ) ;
#1378 = EDGE_CURVE ( 'NONE', #225, #1696, #922, .T. ) ;
#1379 = ORIENTED_EDGE ( 'NONE', *, *, #1192, .T. ) ;
#1380 = CARTESIAN_POINT ( 'NONE',  ( 0.000000000000000000, 3.000000000000000000, 0.000000000000000000 ) ) ;
#1381 = ORIENTED_EDGE ( 'NONE', *, *, #445, .T. ) ;
#1382 = DIRECTION ( 'NONE',  ( -1.000000000000000000, 0.000000000000000000, 0.000000000000000000 ) ) ;
#1383 = PLANE ( 'NONE',  #1146 ) ;
#1384 = ORIENTED_EDGE ( 'NONE', *, *, #1928, .F. ) ;
#1385 = DIRECTION ( 'NONE',  ( 1.000000000000000000, 0.000000000000000000, 0.000000000000000000 ) ) ;
#1386 = VERTEX_POINT ( 'NONE', #1564 ) ;
#1387 = AXIS2_PLACEMENT_3D ( 'NONE', #652, #950, #970 ) ;
#1388 = DIRECTION ( 'NONE',  ( -0.8849145424388606962, 0.000000000000000000, -0.4657534246575346093 ) ) ;
#1389 = VERTEX_POINT ( 'NONE', #1352 ) ;
#1390 = AXIS2_PLACEMENT_3D ( 'NONE', #1143, #1759, #1640 ) ;
#1391 = APPLICATION_CONTEXT ( 'configuration controlled 3d designs of mechanical parts and assemblies' ) ;
#1392 = VECTOR ( 'NONE', #1742, 1000.000000000000000 ) ;
#1393 = DIRECTION ( 'NONE',  ( 1.000000000000000000, 0.000000000000000000, 0.000000000000000000 ) ) ;
#1394 = DIRECTION ( 'NONE',  ( -0.000000000000000000, -0.000000000000000000, 1.000000000000000000 ) ) ;
#1395 = CIRCLE ( 'NONE', #1055, 13.60000000000000497 ) ;
#1396 = ADVANCED_FACE ( 'NONE', ( #16 ), #1220, .F. ) ;
#1397 = ORIENTED_EDGE ( 'NONE', *, *, #1698, .T. ) ;
#1398 = AXIS2_PLACEMENT_3D ( 'NONE', #130, #294, #1179 ) ;
#1399 = DIRECTION ( 'NONE',  ( 0.000000000000000000, 0.000000000000000000, -1.000000000000000000 ) ) ;
#1400 = VERTEX_POINT ( 'NONE', #1767 ) ;
#1401 = LINE ( 'NONE', #62, #987 ) ;
#1402 = VERTEX_POINT ( 'NONE', #238 ) ;
#1403 = DIRECTION ( 'NONE',  ( -0.000000000000000000, -0.000000000000000000, -1.000000000000000000 ) ) ;
#1404 = CARTESIAN_POINT ( 'NONE',  ( -6.334246575342471708, 3.000000000000000000, -12.03483777716851399 ) ) ;
#1405 = ORIENTED_EDGE ( 'NONE', *, *, #1615, .F. ) ;
#1406 = EDGE_CURVE ( 'NONE', #412, #557, #547, .T. ) ;
#1407 = ORIENTED_EDGE ( 'NONE', *, *, #1701, .F. ) ;
#1408 = CARTESIAN_POINT ( 'NONE',  ( 0.000000000000000000, 3.000000000000000000, 0.000000000000000000 ) ) ;
#1409 = EDGE_CURVE ( 'NONE', #1400, #735, #1428, .T. ) ;
#1410 = VERTEX_POINT ( 'NONE', #365 ) ;
#1411 = CARTESIAN_POINT ( 'NONE',  ( -21.35000000000000142, 15.00000000000000000, -15.00000000000000355 ) ) ;
#1412 = ORIENTED_EDGE ( 'NONE', *, *, #1064, .F. ) ;
#1413 = LINE ( 'NONE', #651, #1946 ) ;
#1414 = CARTESIAN_POINT ( 'NONE',  ( -6.334246575342473484, 6.000000000000000000, 12.03483777716851044 ) ) ;
#1415 = EDGE_CURVE ( 'NONE', #404, #81, #961, .T. ) ;
#1416 = VERTEX_POINT ( 'NONE', #1594 ) ;
#1417 = DIRECTION ( 'NONE',  ( -1.000000000000000000, 0.000000000000000000, 0.000000000000000000 ) ) ;
#1418 = EDGE_LOOP ( 'NONE', ( #1169, #227, #1215, #512 ) ) ;
#1419 = EDGE_CURVE ( 'NONE', #164, #450, #794, .T. ) ;
#1420 = CIRCLE ( 'NONE', #1589, 16.59999999999999076 ) ;
#1421 = FACE_BOUND ( 'NONE', #552, .T. ) ;
#1422 = DIRECTION ( 'NONE',  ( 1.000000000000000000, 0.000000000000000000, 0.000000000000000000 ) ) ;
#1423 = EDGE_LOOP ( 'NONE', ( #1265, #67, #1234, #340 ) ) ;
#1424 = CIRCLE ( 'NONE', #1721, 13.60000000000000497 ) ;
#1425 = DIRECTION ( 'NONE',  ( -1.000000000000000000, 0.000000000000000000, 0.000000000000000000 ) ) ;
#1426 = AXIS2_PLACEMENT_3D ( 'NONE', #145, #751, #899 ) ;
#1427 = LINE ( 'NONE', #79, #1943 ) ;
#1428 = CIRCLE ( 'NONE', #732, 16.59999999999999076 ) ;
#1429 = ORIENTED_EDGE ( 'NONE', *, *, #1728, .F. ) ;
#1430 = CARTESIAN_POINT ( 'NONE',  ( 0.000000000000000000, 3.000000000000000000, 0.000000000000000000 ) ) ;
#1431 = CIRCLE ( 'NONE', #1366, 5.099999999999999645 ) ;
#1432 = APPROVAL_PERSON_ORGANIZATION ( #1810, #1372, #163 ) ;
#1433 = ORIENTED_EDGE ( 'NONE', *, *, #21, .T. ) ;
#1434 = DIRECTION ( 'NONE',  ( 0.000000000000000000, 0.000000000000000000, -1.000000000000000000 ) ) ;
#1435 = LINE ( 'NONE', #1602, #78 ) ;
#1436 = ORIENTED_EDGE ( 'NONE', *, *, #590, .T. ) ;
#1437 = CC_DESIGN_PERSON_AND_ORGANIZATION_ASSIGNMENT ( #766, #483, ( #958 ) ) ;
#1438 = DIRECTION ( 'NONE',  ( -0.000000000000000000, -0.000000000000000000, 1.000000000000000000 ) ) ;
#1439 = LINE ( 'NONE', #1605, #1844 ) ;
#1440 = ORIENTED_EDGE ( 'NONE', *, *, #1464, .F. ) ;
#1441 = CARTESIAN_POINT ( 'NONE',  ( -7.731506849315064933, 3.000000000000000000, 14.68958140448507876 ) ) ;
#1442 = DIRECTION ( 'NONE',  ( 0.000000000000000000, 0.000000000000000000, 1.000000000000000000 ) ) ;
#1443 = ORIENTED_EDGE ( 'NONE', *, *, #1104, .F. ) ;
#1444 = CARTESIAN_POINT ( 'NONE',  ( 0.000000000000000000, 10.00000000000000000, -18.00000000000000355 ) ) ;
#1445 = ADVANCED_FACE ( 'NONE', ( #535 ), #831, .F. ) ;
#1446 = CARTESIAN_POINT ( 'NONE',  ( -22.85000000000000142, 15.00000000000000000, 15.00000000000000355 ) ) ;
#1447 = VERTEX_POINT ( 'NONE', #1138 ) ;
#1448 = DIRECTION ( 'NONE',  ( 1.000000000000000000, 0.000000000000000000, 0.000000000000000000 ) ) ;
#1449 = DIRECTION ( 'NONE',  ( 0.000000000000000000, 1.000000000000000000, -0.000000000000000000 ) ) ;
#1450 = ORIENTED_EDGE ( 'NONE', *, *, #339, .F. ) ;
#1451 = CARTESIAN_POINT ( 'NONE',  ( -26.35000000000000142, 15.00000000000000000, 18.00000000000000355 ) ) ;
#1452 = FACE_OUTER_BOUND ( 'NONE', #569, .T. ) ;
#1453 = ORIENTED_EDGE ( 'NONE', *, *, #1763, .F. ) ;
#1454 = DIRECTION ( 'NONE',  ( -0.000000000000000000, -1.000000000000000000, 0.000000000000000000 ) ) ;
#1455 = EDGE_LOOP ( 'NONE', ( #635, #103, #1226, #1122 ) ) ;
#1456 = AXIS2_PLACEMENT_3D ( 'NONE', #982, #1156, #115 ) ;
#1457 = DIRECTION ( 'NONE',  ( -5.781689155659254446E-16, 0.000000000000000000, -1.000000000000000000 ) ) ;
#1458 = DIRECTION ( 'NONE',  ( -0.000000000000000000, -1.000000000000000000, -0.000000000000000000 ) ) ;
#1459 = ORIENTED_EDGE ( 'NONE', *, *, #11, .T. ) ;
#1460 = VECTOR ( 'NONE', #414, 1000.000000000000000 ) ;
#1461 = CARTESIAN_POINT ( 'NONE',  ( -26.34999999999999787, 3.000000000000000000, 2.499923627953509784E-21 ) ) ;
#1462 = CARTESIAN_POINT ( 'NONE',  ( -18.25000000000000355, 3.000000000000000000, 0.000000000000000000 ) ) ;
#1463 = AXIS2_PLACEMENT_3D ( 'NONE', #1732, #190, #509 ) ;
#1464 = EDGE_CURVE ( 'NONE', #708, #1861, #1413, .T. ) ;
#1465 = AXIS2_PLACEMENT_3D ( 'NONE', #479, #234, #224 ) ;
#1466 = ORIENTED_EDGE ( 'NONE', *, *, #566, .F. ) ;
#1467 = CIRCLE ( 'NONE', #1240, 1.500000000000000222 ) ;
#1468 = DIRECTION ( 'NONE',  ( 1.000000000000000000, 0.000000000000000000, 0.000000000000000000 ) ) ;
#1469 = CIRCLE ( 'NONE', #56, 1.500000000000001332 ) ;
#1470 = ORIENTED_EDGE ( 'NONE', *, *, #24, .F. ) ;
#1471 = DIRECTION ( 'NONE',  ( -1.000000000000000000, -0.000000000000000000, -0.000000000000000000 ) ) ;
#1472 = DIRECTION ( 'NONE',  ( -1.000000000000000000, 0.000000000000000000, 0.000000000000000000 ) ) ;
#1473 = ORIENTED_EDGE ( 'NONE', *, *, #1599, .F. ) ;
#1474 = CARTESIAN_POINT ( 'NONE',  ( 7.110555533852457977, 3.000000000000000000, -15.00000000000000355 ) ) ;
#1475 = DIRECTION ( 'NONE',  ( -0.000000000000000000, -1.000000000000000000, -0.000000000000000000 ) ) ;
#1476 = EDGE_CURVE ( 'NONE', #279, #1933, #1395, .T. ) ;
#1477 = EDGE_CURVE ( 'NONE', #65, #840, #638, .T. ) ;
#1478 = DIRECTION ( 'NONE',  ( 0.000000000000000000, 0.000000000000000000, 1.000000000000000000 ) ) ;
#1479 = ORIENTED_EDGE ( 'NONE', *, *, #1060, .T. ) ;
#1480 = FACE_BOUND ( 'NONE', #744, .T. ) ;
#1481 = FACE_OUTER_BOUND ( 'NONE', #1878, .T. ) ;
#1482 = ORIENTED_EDGE ( 'NONE', *, *, #1546, .T. ) ;
#1483 = DIRECTION ( 'NONE',  ( 0.000000000000000000, 0.000000000000000000, 1.000000000000000000 ) ) ;
#1484 = DIRECTION ( 'NONE',  ( -0.000000000000000000, -1.000000000000000000, 0.000000000000000000 ) ) ;
#1485 = EDGE_CURVE ( 'NONE', #825, #388, #1798, .T. ) ;
#1486 = DIRECTION ( 'NONE',  ( -0.000000000000000000, -1.000000000000000000, 0.000000000000000000 ) ) ;
#1487 = EDGE_LOOP ( 'NONE', ( #320, #1583 ) ) ;
#1488 = ADVANCED_FACE ( 'NONE', ( #587 ), #289, .T. ) ;
#1489 = CARTESIAN_POINT ( 'NONE',  ( 7.110555533852442878, 6.000000000000000000, 15.00000000000000355 ) ) ;
#1490 = DIRECTION ( 'NONE',  ( 0.000000000000000000, 0.000000000000000000, -1.000000000000000000 ) ) ;
#1491 = EDGE_LOOP ( 'NONE', ( #1847, #397, #786, #486 ) ) ;
#1492 = VECTOR ( 'NONE', #18, 1000.000000000000000 ) ;
#1493 = CARTESIAN_POINT ( 'NONE',  ( 0.000000000000000000, 6.000000000000000000, 0.000000000000000000 ) ) ;
#1494 = VECTOR ( 'NONE', #1575, 1000.000000000000000 ) ;
#1495 = DIRECTION ( 'NONE',  ( -1.000000000000000000, 0.000000000000000000, 0.000000000000000000 ) ) ;
#1496 = EDGE_CURVE ( 'NONE', #1416, #825, #27, .T. ) ;
#1497 = ORIENTED_EDGE ( 'NONE', *, *, #444, .T. ) ;
#1498 = VECTOR ( 'NONE', #1500, 1000.000000000000114 ) ;
#1499 = VECTOR ( 'NONE', #1134, 1000.000000000000000 ) ;
#1500 = DIRECTION ( 'NONE',  ( 0.8849145424388606962, 0.000000000000000000, -0.4657534246575344428 ) ) ;
#1501 = DIRECTION ( 'NONE',  ( -1.000000000000000000, 0.000000000000000000, 0.000000000000000000 ) ) ;
#1502 = ORIENTED_EDGE ( 'NONE', *, *, #869, .F. ) ;
#1503 = CYLINDRICAL_SURFACE ( 'NONE', #17, 2.400000000000000799 ) ;
#1504 = CARTESIAN_POINT ( 'NONE',  ( -19.84999999999999787, 15.00000000000000000, -18.00000000000000355 ) ) ;
#1505 = CARTESIAN_POINT ( 'NONE',  ( -20.62534246575342678, 6.000000000000000000, -4.513064166438192970 ) ) ;
#1506 = ORIENTED_EDGE ( 'NONE', *, *, #1409, .F. ) ;
#1507 = ADVANCED_FACE ( 'NONE', ( #1013 ), #706, .T. ) ;
#1508 = CARTESIAN_POINT ( 'NONE',  ( 0.000000000000000000, 0.000000000000000000, -15.00000000000000355 ) ) ;
#1509 = DIRECTION ( 'NONE',  ( -0.000000000000000000, -1.000000000000000000, -0.000000000000000000 ) ) ;
#1510 = ORIENTED_EDGE ( 'NONE', *, *, #1864, .T. ) ;
#1511 = LINE ( 'NONE', #1663, #1209 ) ;
#1512 = EDGE_CURVE ( 'NONE', #26, #412, #1321, .T. ) ;
#1513 = APPROVAL_STATUS ( 'not_yet_approved' ) ;
#1514 = EDGE_LOOP ( 'NONE', ( #1197, #767, #9, #1125 ) ) ;
#1515 = CARTESIAN_POINT ( 'NONE',  ( 8.202157676079007587, 3.000000000000000000, -14.43206878644701163 ) ) ;
#1516 = DIRECTION ( 'NONE',  ( 0.000000000000000000, -1.000000000000000000, 0.000000000000000000 ) ) ;
#1517 = ORIENTED_EDGE ( 'NONE', *, *, #83, .T. ) ;
#1518 = DIRECTION ( 'NONE',  ( 0.000000000000000000, 0.000000000000000000, 1.000000000000000000 ) ) ;
#1519 = DIRECTION ( 'NONE',  ( -0.000000000000000000, -1.000000000000000000, -0.000000000000000000 ) ) ;
#1520 = DIRECTION ( 'NONE',  ( 0.000000000000000000, 0.000000000000000000, -1.000000000000000000 ) ) ;
#1521 = DIRECTION ( 'NONE',  ( -1.000000000000000000, 0.000000000000000000, 0.000000000000000000 ) ) ;
#1522 = VECTOR ( 'NONE', #1843, 1000.000000000000000 ) ;
#1523 = ADVANCED_FACE ( 'NONE', ( #881, #1170, #1305, #1480 ), #132, .T. ) ;
#1524 = CIRCLE ( 'NONE', #1909, 1.500000000000001332 ) ;
#1525 = PERSON_AND_ORGANIZATION_ROLE ( 'creator' ) ;
#1526 = ORIENTED_EDGE ( 'NONE', *, *, #444, .F. ) ;
#1527 = AXIS2_PLACEMENT_3D ( 'NONE', #1533, #382, #1118 ) ;
#1528 = DIRECTION ( 'NONE',  ( -1.000000000000000000, 0.000000000000000000, 0.000000000000000000 ) ) ;
#1529 = VECTOR ( 'NONE', #494, 1000.000000000000000 ) ;
#1530 = LINE ( 'NONE', #1063, #1752 ) ;
#1531 = VERTEX_POINT ( 'NONE', #1034 ) ;
#1532 = CC_DESIGN_APPROVAL ( #248, ( #958 ) ) ;
#1533 = CARTESIAN_POINT ( 'NONE',  ( -21.35000000000000142, 15.00000000000000000, -18.00000000000000355 ) ) ;
#1534 = CARTESIAN_POINT ( 'NONE',  ( 21.34999968774226176, 15.00000000000000000, -15.00000000000000355 ) ) ;
#1535 = LINE ( 'NONE', #1038, #1207 ) ;
#1536 = EDGE_CURVE ( 'NONE', #1400, #613, #110, .T. ) ;
#1537 = DATE_AND_TIME ( #1084, #1332 ) ;
#1538 = ORIENTED_EDGE ( 'NONE', *, *, #741, .T. ) ;
#1539 = CARTESIAN_POINT ( 'NONE',  ( 0.000000000000000000, 10.00000000000000000, 18.00000000000000355 ) ) ;
#1540 = ORIENTED_EDGE ( 'NONE', *, *, #788, .T. ) ;
#1541 = CARTESIAN_POINT ( 'NONE',  ( 18.25000000000000355, 3.000000000000000000, 0.000000000000000000 ) ) ;
#1542 = CARTESIAN_POINT ( 'NONE',  ( 0.000000000000000000, 6.000000000000000000, -13.60000000000000675 ) ) ;
#1543 = FACE_OUTER_BOUND ( 'NONE', #77, .T. ) ;
#1544 = ORIENTED_EDGE ( 'NONE', *, *, #951, .T. ) ;
#1545 = CYLINDRICAL_SURFACE ( 'NONE', #1655, 1.500000000000001332 ) ;
#1546 = EDGE_CURVE ( 'NONE', #942, #1002, #558, .T. ) ;
#1547 = APPROVAL_STATUS ( 'not_yet_approved' ) ;
#1548 = VERTEX_POINT ( 'NONE', #1489 ) ;
#1549 = EDGE_CURVE ( 'NONE', #495, #416, #1112, .T. ) ;
#1550 = DIRECTION ( 'NONE',  ( -0.000000000000000000, -1.000000000000000000, -0.000000000000000000 ) ) ;
#1551 = ORIENTED_EDGE ( 'NONE', *, *, #1599, .T. ) ;
#1552 = EDGE_CURVE ( 'NONE', #1557, #1389, #1931, .T. ) ;
#1553 = LINE ( 'NONE', #1404, #1106 ) ;
#1554 = ORIENTED_EDGE ( 'NONE', *, *, #445, .F. ) ;
#1555 = DIRECTION ( 'NONE',  ( -0.000000000000000000, -1.000000000000000000, 0.000000000000000000 ) ) ;
#1556 = VECTOR ( 'NONE', #1029, 1000.000000000000000 ) ;
#1557 = VERTEX_POINT ( 'NONE', #731 ) ;
#1558 = AXIS2_PLACEMENT_3D ( 'NONE', #527, #1042, #1350 ) ;
#1559 = PLANE ( 'NONE',  #736 ) ;
#1560 = ADVANCED_FACE ( 'NONE', ( #1939 ), #1163, .F. ) ;
#1561 = EDGE_LOOP ( 'NONE', ( #350, #344 ) ) ;
#1562 = VECTOR ( 'NONE', #60, 1000.000000000000000 ) ;
#1563 = CIRCLE ( 'NONE', #1327, 5.099999999999999645 ) ;
#1564 = CARTESIAN_POINT ( 'NONE',  ( 0.000000000000000000, 0.000000000000000000, -11.00000000000000000 ) ) ;
#1565 = EDGE_CURVE ( 'NONE', #342, #960, #1181, .T. ) ;
#1566 = DIRECTION ( 'NONE',  ( 0.000000000000000000, 1.000000000000000000, 0.000000000000000000 ) ) ;
#1567 = EDGE_LOOP ( 'NONE', ( #1800, #271, #1100, #866 ) ) ;
#1568 = AXIS2_PLACEMENT_3D ( 'NONE', #1, #1804, #448 ) ;
#1569 = CARTESIAN_POINT ( 'NONE',  ( -7.110555533852442878, 6.000000000000000000, 15.00000000000000355 ) ) ;
#1570 = LOCAL_TIME ( 18, 7, 10.00000000000000000, #1214 ) ;
#1571 = CYLINDRICAL_SURFACE ( 'NONE', #1876, 1.500000000000000222 ) ;
#1572 = EDGE_LOOP ( 'NONE', ( #1637, #1554, #782, #754 ) ) ;
#1573 = LINE ( 'NONE', #1115, #610 ) ;
#1574 = VERTEX_POINT ( 'NONE', #280 ) ;
#1575 = DIRECTION ( 'NONE',  ( -0.000000000000000000, -0.000000000000000000, 1.000000000000000000 ) ) ;
#1576 = CARTESIAN_POINT ( 'NONE',  ( 0.000000000000000000, 3.000000000000000000, 0.000000000000000000 ) ) ;
#1577 = VERTEX_POINT ( 'NONE', #439 ) ;
#1578 = DIRECTION ( 'NONE',  ( 0.000000000000000000, 0.000000000000000000, 1.000000000000000000 ) ) ;
#1579 = EDGE_CURVE ( 'NONE', #167, #6, #1431, .T. ) ;
#1580 = VERTEX_POINT ( 'NONE', #1183 ) ;
#1581 = LINE ( 'NONE', #1271, #795 ) ;
#1582 = FACE_OUTER_BOUND ( 'NONE', #1883, .T. ) ;
#1583 = ORIENTED_EDGE ( 'NONE', *, *, #1549, .T. ) ;
#1584 = DIRECTION ( 'NONE',  ( 0.000000000000000000, 0.000000000000000000, 1.000000000000000000 ) ) ;
#1585 = ORIENTED_EDGE ( 'NONE', *, *, #37, .F. ) ;
#1586 = DIRECTION ( 'NONE',  ( -0.000000000000000000, -0.000000000000000000, -1.000000000000000000 ) ) ;
#1587 = CC_DESIGN_PERSON_AND_ORGANIZATION_ASSIGNMENT ( #1196, #1223, ( #1884 ) ) ;
#1588 = ORIENTED_EDGE ( 'NONE', *, *, #1667, .T. ) ;
#1589 = AXIS2_PLACEMENT_3D ( 'NONE', #1628, #867, #1483 ) ;
#1590 = PLANE ( 'NONE',  #765 ) ;
#1591 = CARTESIAN_POINT ( 'NONE',  ( -18.25000000000000355, 3.000000000000000000, 0.000000000000000000 ) ) ;
#1592 = ORIENTED_EDGE ( 'NONE', *, *, #24, .T. ) ;
#1593 = VECTOR ( 'NONE', #141, 1000.000000000000000 ) ;
#1594 = CARTESIAN_POINT ( 'NONE',  ( 26.34999968774226176, 15.00000000000000000, 18.00000000000000355 ) ) ;
#1595 = DIRECTION ( 'NONE',  ( -1.000000000000000000, 0.000000000000000000, 0.000000000000000000 ) ) ;
#1596 = DIRECTION ( 'NONE',  ( 0.8849145424388610293, 0.000000000000000000, 0.4657534246575341652 ) ) ;
#1597 = DIRECTION ( 'NONE',  ( 8.566535683836090905E-16, 0.000000000000000000, 1.000000000000000000 ) ) ;
#1598 = AXIS2_PLACEMENT_3D ( 'NONE', #1189, #297, #1786 ) ;
#1599 = EDGE_CURVE ( 'NONE', #1646, #920, #362, .T. ) ;
#1600 = EDGE_LOOP ( 'NONE', ( #193, #1231, #625, #1120 ) ) ;
#1601 = DIRECTION ( 'NONE',  ( -1.000000000000000000, 0.000000000000000000, 0.000000000000000000 ) ) ;
#1602 = CARTESIAN_POINT ( 'NONE',  ( -7.731506849315073815, 3.000000000000000000, -14.68958140448508587 ) ) ;
#1603 = VERTEX_POINT ( 'NONE', #413 ) ;
#1604 = CARTESIAN_POINT ( 'NONE',  ( -21.34999999999999432, 15.00000000000000000, -15.00000000000000355 ) ) ;
#1605 = CARTESIAN_POINT ( 'NONE',  ( 20.62534246575342678, 6.000000000000000000, -4.513064166438192970 ) ) ;
#1606 = ORIENTED_EDGE ( 'NONE', *, *, #1888, .F. ) ;
#1607 = CARTESIAN_POINT ( 'NONE',  ( 21.34999968774226176, 15.00000000000000000, 18.00000000000000355 ) ) ;
#1608 = CARTESIAN_POINT ( 'NONE',  ( -22.02260273972603954, 3.000000000000000000, 7.167807793754765733 ) ) ;
#1609 = ORIENTED_EDGE ( 'NONE', *, *, #1347, .T. ) ;
#1610 = DIRECTION ( 'NONE',  ( -5.781689155659254446E-16, 0.000000000000000000, -1.000000000000000000 ) ) ;
#1611 = DIRECTION ( 'NONE',  ( 0.4652619242802847888, 0.000000000000000000, -0.8851730575514635824 ) ) ;
#1612 = ORIENTED_EDGE ( 'NONE', *, *, #1667, .F. ) ;
#1613 = DIRECTION ( 'NONE',  ( -1.000000000000000000, -1.040834085586084059E-15, 0.000000000000000000 ) ) ;
#1614 = CARTESIAN_POINT ( 'NONE',  ( 0.000000000000000000, 3.000000000000000000, -11.00000000000000000 ) ) ;
#1615 = EDGE_CURVE ( 'NONE', #825, #1919, #851, .T. ) ;
#1616 = EDGE_LOOP ( 'NONE', ( #661, #348, #1785, #354 ) ) ;
#1617 = CYLINDRICAL_SURFACE ( 'NONE', #105, 1.500000000000001332 ) ;
#1618 = CARTESIAN_POINT ( 'NONE',  ( 22.01862158667029234, 6.000000000000000000, -7.169901766166835166 ) ) ;
#1619 = VERTEX_POINT ( 'NONE', #123 ) ;
#1620 = CARTESIAN_POINT ( 'NONE',  ( -21.35000000000000142, 20.00000000000000000, 18.00000000000000355 ) ) ;
#1621 = FACE_BOUND ( 'NONE', #498, .T. ) ;
#1622 = ORIENTED_EDGE ( 'NONE', *, *, #1855, .F. ) ;
#1623 = CARTESIAN_POINT ( 'NONE',  ( -26.35000000000000497, 20.00000000000000000, 18.00000000000000355 ) ) ;
#1624 = CARTESIAN_POINT ( 'NONE',  ( 18.25000000000000355, 0.000000000000000000, 2.400000000000000799 ) ) ;
#1625 = VERTEX_POINT ( 'NONE', #1515 ) ;
#1626 = EDGE_CURVE ( 'NONE', #613, #1890, #956, .T. ) ;
#1627 = AXIS2_PLACEMENT_3D ( 'NONE', #688, #1317, #1903 ) ;
#1628 = CARTESIAN_POINT ( 'NONE',  ( 0.000000000000000000, 6.000000000000000000, 0.000000000000000000 ) ) ;
#1629 = DIRECTION ( 'NONE',  ( 0.000000000000000000, 0.000000000000000000, 1.000000000000000000 ) ) ;
#1630 = AXIS2_PLACEMENT_3D ( 'NONE', #213, #1857, #822 ) ;
#1631 = AXIS2_PLACEMENT_3D ( 'NONE', #848, #1454, #607 ) ;
#1632 = AXIS2_PLACEMENT_3D ( 'NONE', #1508, #13, #458 ) ;
#1633 = AXIS2_PLACEMENT_3D ( 'NONE', #85, #837, #679 ) ;
#1634 = ORIENTED_EDGE ( 'NONE', *, *, #1285, .F. ) ;
#1635 = DIRECTION ( 'NONE',  ( 0.000000000000000000, 0.000000000000000000, -1.000000000000000000 ) ) ;
#1636 = CARTESIAN_POINT ( 'NONE',  ( 22.01862158667029234, 3.000000000000000000, -7.169901766166835166 ) ) ;
#1637 = ORIENTED_EDGE ( 'NONE', *, *, #611, .F. ) ;
#1638 = ADVANCED_FACE ( 'NONE', ( #321, #908 ), #40, .T. ) ;
#1639 = CYLINDRICAL_SURFACE ( 'NONE', #1682, 11.00000000000000000 ) ;
#1640 = DIRECTION ( 'NONE',  ( 0.000000000000000000, 0.000000000000000000, 1.000000000000000000 ) ) ;
#1641 = EDGE_CURVE ( 'NONE', #225, #404, #117, .T. ) ;
#1642 = CARTESIAN_POINT ( 'NONE',  ( 6.334246575342473484, 6.000000000000000000, 12.03483777716851044 ) ) ;
#1643 = ORIENTED_EDGE ( 'NONE', *, *, #1269, .T. ) ;
#1644 = CARTESIAN_POINT ( 'NONE',  ( 7.731506849315068486, 3.000000000000000000, 14.68958140448507166 ) ) ;
#1645 = DIRECTION ( 'NONE',  ( -1.000000000000000000, 0.000000000000000000, 0.000000000000000000 ) ) ;
#1646 = VERTEX_POINT ( 'NONE', #335 ) ;
#1647 = DIRECTION ( 'NONE',  ( 0.000000000000000000, 0.000000000000000000, -1.000000000000000000 ) ) ;
#1648 = ADVANCED_FACE ( 'NONE', ( #768 ), #622, .F. ) ;
#1649 = ORIENTED_EDGE ( 'NONE', *, *, #1549, .F. ) ;
#1650 = CARTESIAN_POINT ( 'NONE',  ( 21.34999968774226176, 15.00000000000000000, 18.00000000000000355 ) ) ;
#1651 = DIRECTION ( 'NONE',  ( 0.8851730575514635824, -0.000000000000000000, 0.4652619242802847888 ) ) ;
#1652 = ORIENTED_EDGE ( 'NONE', *, *, #129, .T. ) ;
#1653 = LINE ( 'NONE', #10, #269 ) ;
#1654 = VECTOR ( 'NONE', #852, 1000.000000000000000 ) ;
#1655 = AXIS2_PLACEMENT_3D ( 'NONE', #943, #376, #1385 ) ;
#1656 = EDGE_CURVE ( 'NONE', #537, #1942, #485, .T. ) ;
#1657 = DATE_AND_TIME ( #1828, #1570 ) ;
#1658 = EDGE_LOOP ( 'NONE', ( #1103, #575, #964, #1330 ) ) ;
#1659 = AXIS2_PLACEMENT_3D ( 'NONE', #1539, #184, #1528 ) ;
#1660 = DIRECTION ( 'NONE',  ( -0.000000000000000000, -0.000000000000000000, 1.000000000000000000 ) ) ;
#1661 = CARTESIAN_POINT ( 'NONE',  ( -6.334246575342472596, 6.000000000000000000, 12.03483777716851044 ) ) ;
#1662 = ORIENTED_EDGE ( 'NONE', *, *, #720, .T. ) ;
#1663 = CARTESIAN_POINT ( 'NONE',  ( 26.34999968774226176, 3.000000000000000000, 18.00000000000000355 ) ) ;
#1664 = APPROVAL_STATUS ( 'not_yet_approved' ) ;
#1665 = EDGE_LOOP ( 'NONE', ( #1820, #1453, #846, #1814 ) ) ;
#1666 = LINE ( 'NONE', #315, #1025 ) ;
#1667 = EDGE_CURVE ( 'NONE', #502, #769, #1947, .T. ) ;
#1668 = CARTESIAN_POINT ( 'NONE',  ( 22.02260273972602533, 3.000000000000000000, 7.167807793754747081 ) ) ;
#1669 = ORIENTED_EDGE ( 'NONE', *, *, #1829, .T. ) ;
#1670 = LINE ( 'NONE', #750, #1686 ) ;
#1671 = ADVANCED_FACE ( 'NONE', ( #614 ), #343, .T. ) ;
#1672 = CYLINDRICAL_SURFACE ( 'NONE', #819, 16.59999999999999076 ) ;
#1673 = CARTESIAN_POINT ( 'NONE',  ( 18.25000000000000355, 3.000000000000000000, 0.000000000000000000 ) ) ;
#1674 = DATE_TIME_ROLE ( 'classification_date' ) ;
#1675 = VERTEX_POINT ( 'NONE', #1086 ) ;
#1676 = CARTESIAN_POINT ( 'NONE',  ( 0.000000000000000000, 10.00000000000000000, -18.00000000000000355 ) ) ;
#1677 = PLANE ( 'NONE',  #387 ) ;
#1678 = ORIENTED_EDGE ( 'NONE', *, *, #1476, .F. ) ;
#1679 = EDGE_CURVE ( 'NONE', #378, #1036, #1467, .T. ) ;
#1680 = CYLINDRICAL_SURFACE ( 'NONE', #393, 2.400000000000000799 ) ;
#1681 = LINE ( 'NONE', #1071, #1848 ) ;
#1682 = AXIS2_PLACEMENT_3D ( 'NONE', #283, #1130, #1368 ) ;
#1683 = VECTOR ( 'NONE', #1199, 1000.000000000000000 ) ;
#1684 = CIRCLE ( 'NONE', #1724, 16.59999999999999076 ) ;
#1685 = VERTEX_POINT ( 'NONE', #939 ) ;
#1686 = VECTOR ( 'NONE', #1393, 1000.000000000000000 ) ;
#1687 = DIRECTION ( 'NONE',  ( 0.000000000000000000, 0.000000000000000000, 1.000000000000000000 ) ) ;
#1688 = AXIS2_PLACEMENT_3D ( 'NONE', #1341, #594, #258 ) ;
#1689 = EDGE_LOOP ( 'NONE', ( #214, #1538, #940, #142 ) ) ;
#1690 = DESIGN_CONTEXT ( 'detailed design', #1058, 'design' ) ;
#1691 = AXIS2_PLACEMENT_3D ( 'NONE', #437, #1486, #1187 ) ;
#1692 = FACE_OUTER_BOUND ( 'NONE', #363, .T. ) ;
#1693 = DIRECTION ( 'NONE',  ( 1.000000000000000000, -0.000000000000000000, 0.000000000000000000 ) ) ;
#1694 = CARTESIAN_POINT ( 'NONE',  ( 0.000000000000000000, 3.000000000000000000, -15.00000000000000355 ) ) ;
#1695 = ADVANCED_FACE ( 'NONE', ( #1831 ), #28, .F. ) ;
#1696 = VERTEX_POINT ( 'NONE', #775 ) ;
#1697 = DIRECTION ( 'NONE',  ( -0.000000000000000000, -1.000000000000000000, 0.000000000000000000 ) ) ;
#1698 = EDGE_CURVE ( 'NONE', #934, #1619, #764, .T. ) ;
#1699 = PRODUCT ( 'Part3', 'Part3', '', ( #1311 ) ) ;
#1700 = COORDINATED_UNIVERSAL_TIME_OFFSET ( 5, 30, .AHEAD. ) ;
#1701 = EDGE_CURVE ( 'NONE', #907, #776, #1208, .T. ) ;
#1702 = EDGE_LOOP ( 'NONE', ( #836, #843, #947, #1886 ) ) ;
#1703 = DIRECTION ( 'NONE',  ( 0.000000000000000000, 0.000000000000000000, 1.000000000000000000 ) ) ;
#1704 = ORIENTED_EDGE ( 'NONE', *, *, #1880, .F. ) ;
#1705 = DIRECTION ( 'NONE',  ( -1.000000000000000000, 0.000000000000000000, 0.000000000000000000 ) ) ;
#1706 = DIRECTION ( 'NONE',  ( 0.000000000000000000, -0.000000000000000000, 1.000000000000000000 ) ) ;
#1707 = DIRECTION ( 'NONE',  ( -0.000000000000000000, -1.000000000000000000, -0.000000000000000000 ) ) ;
#1708 = ORIENTED_EDGE ( 'NONE', *, *, #1251, .F. ) ;
#1709 = DIRECTION ( 'NONE',  ( 0.000000000000000000, 0.000000000000000000, 1.000000000000000000 ) ) ;
#1710 = EDGE_CURVE ( 'NONE', #279, #1284, #178, .T. ) ;
#1711 = ORIENTED_EDGE ( 'NONE', *, *, #1842, .F. ) ;
#1712 = EDGE_CURVE ( 'NONE', #1919, #120, #515, .T. ) ;
#1713 = CARTESIAN_POINT ( 'NONE',  ( 0.000000000000000000, 3.000000000000000000, 15.00000000000000355 ) ) ;
#1714 = VERTEX_POINT ( 'NONE', #1823 ) ;
#1715 = CARTESIAN_POINT ( 'NONE',  ( 0.000000000000000000, 6.000000000000000000, 0.000000000000000000 ) ) ;
#1716 = CARTESIAN_POINT ( 'NONE',  ( -20.62534246575342678, 3.000000000000000000, 4.513064166438185865 ) ) ;
#1717 = CARTESIAN_POINT ( 'NONE',  ( 26.34999968774224399, 15.00000000000000000, 15.00000000000000355 ) ) ;
#1718 = AXIS2_PLACEMENT_3D ( 'NONE', #570, #101, #398 ) ;
#1719 = ADVANCED_FACE ( 'NONE', ( #1860, #35, #747, #1051 ), #307, .T. ) ;
#1720 = EDGE_LOOP ( 'NONE', ( #93, #749, #235, #1040 ) ) ;
#1721 = AXIS2_PLACEMENT_3D ( 'NONE', #98, #406, #1014 ) ;
#1722 = FACE_OUTER_BOUND ( 'NONE', #874, .T. ) ;
#1723 = ORIENTED_EDGE ( 'NONE', *, *, #666, .F. ) ;
#1724 = AXIS2_PLACEMENT_3D ( 'NONE', #1493, #1801, #162 ) ;
#1725 = VECTOR ( 'NONE', #1201, 1000.000000000000000 ) ;
#1726 = DIRECTION ( 'NONE',  ( 0.000000000000000000, 0.000000000000000000, -1.000000000000000000 ) ) ;
#1727 = CARTESIAN_POINT ( 'NONE',  ( 0.000000000000000000, 3.000000000000000000, -13.60000000000000675 ) ) ;
#1728 = EDGE_CURVE ( 'NONE', #96, #658, #1666, .T. ) ;
#1729 = VECTOR ( 'NONE', #464, 1000.000000000000000 ) ;
#1730 = EDGE_LOOP ( 'NONE', ( #1711, #73, #1407, #1200, #3, #267, #549, #1669, #222, #112 ) ) ;
#1731 = APPROVAL_PERSON_ORGANIZATION ( #1047, #330, #1059 ) ;
#1732 = CARTESIAN_POINT ( 'NONE',  ( 18.25000000000000355, 6.000000000000000000, 0.000000000000000000 ) ) ;
#1733 = ORIENTED_EDGE ( 'NONE', *, *, #813, .F. ) ;
#1734 = DIRECTION ( 'NONE',  ( -5.781689155659254446E-16, 0.000000000000000000, 1.000000000000000000 ) ) ;
#1735 = ORIENTED_EDGE ( 'NONE', *, *, #680, .F. ) ;
#1736 = LINE ( 'NONE', #187, #1019 ) ;
#1737 = EDGE_CURVE ( 'NONE', #1646, #1360, #1289, .T. ) ;
#1738 = DIRECTION ( 'NONE',  ( 0.000000000000000000, 1.000000000000000000, 0.000000000000000000 ) ) ;
#1739 = CYLINDRICAL_SURFACE ( 'NONE', #1845, 2.400000000000000799 ) ;
#1740 = EDGE_LOOP ( 'NONE', ( #125, #678, #1756, #799, #1185 ) ) ;
#1741 = LINE ( 'NONE', #1749, #146 ) ;
#1742 = DIRECTION ( 'NONE',  ( -0.000000000000000000, -1.000000000000000000, -0.000000000000000000 ) ) ;
#1743 = ORIENTED_EDGE ( 'NONE', *, *, #1928, .T. ) ;
#1744 = LINE ( 'NONE', #1283, #1046 ) ;
#1745 = CYLINDRICAL_SURFACE ( 'NONE', #1456, 13.60000000000000675 ) ;
#1746 = DIRECTION ( 'NONE',  ( -1.000000000000000000, 0.000000000000000000, 0.000000000000000000 ) ) ;
#1747 = EDGE_CURVE ( 'NONE', #1402, #1890, #1401, .T. ) ;
#1748 = ORIENTED_EDGE ( 'NONE', *, *, #1698, .F. ) ;
#1749 = CARTESIAN_POINT ( 'NONE',  ( 0.000000000000000000, 6.000000000000000000, -15.00000000000000355 ) ) ;
#1750 = CARTESIAN_POINT ( 'NONE',  ( 26.34999968774225110, 0.000000000000000000, -15.00000000000000355 ) ) ;
#1751 = EDGE_LOOP ( 'NONE', ( #1224, #61, #369, #627, #1678, #746, #1252, #1482, #1335 ) ) ;
#1752 = VECTOR ( 'NONE', #1651, 999.9999999999998863 ) ;
#1753 = CARTESIAN_POINT ( 'NONE',  ( 0.000000000000000000, 6.000000000000000000, 0.000000000000000000 ) ) ;
#1754 = AXIS2_PLACEMENT_3D ( 'NONE', #274, #409, #127 ) ;
#1755 = DIRECTION ( 'NONE',  ( 0.4657534246575344428, 0.000000000000000000, -0.8849145424388608072 ) ) ;
#1756 = ORIENTED_EDGE ( 'NONE', *, *, #1329, .T. ) ;
#1757 = AXIS2_PLACEMENT_3D ( 'NONE', #681, #533, #403 ) ;
#1758 = FACE_OUTER_BOUND ( 'NONE', #1491, .T. ) ;
#1759 = DIRECTION ( 'NONE',  ( 0.000000000000000000, 1.000000000000000000, -0.000000000000000000 ) ) ;
#1760 = AXIS2_PLACEMENT_3D ( 'NONE', #1604, #841, #1448 ) ;
#1761 = EDGE_CURVE ( 'NONE', #1036, #378, #174, .T. ) ;
#1762 = ORIENTED_EDGE ( 'NONE', *, *, #151, .F. ) ;
#1763 = EDGE_CURVE ( 'NONE', #120, #537, #360, .T. ) ;
#1764 = LINE ( 'NONE', #1906, #240 ) ;
#1765 = CYLINDRICAL_SURFACE ( 'NONE', #1757, 5.000000000000000888 ) ;
#1766 = ORIENTED_EDGE ( 'NONE', *, *, #1050, .T. ) ;
#1767 = CARTESIAN_POINT ( 'NONE',  ( 7.731506849315068486, 3.000000000000000000, 14.68958140448507166 ) ) ;
#1768 = FACE_OUTER_BOUND ( 'NONE', #1514, .T. ) ;
#1769 = EDGE_LOOP ( 'NONE', ( #1048, #1173, #1470, #381 ) ) ;
#1770 = LINE ( 'NONE', #1316, #198 ) ;
#1771 = CARTESIAN_POINT ( 'NONE',  ( 21.34999968774226176, 15.00000000000000000, -18.00000000000000355 ) ) ;
#1772 = ORIENTED_EDGE ( 'NONE', *, *, #1251, .T. ) ;
#1773 = EDGE_CURVE ( 'NONE', #1577, #65, #532, .T. ) ;
#1774 = APPLICATION_PROTOCOL_DEFINITION ( 'international standard', 'config_control_design', 1994, #1391 ) ;
#1775 = DIRECTION ( 'NONE',  ( 0.000000000000000000, 0.000000000000000000, -1.000000000000000000 ) ) ;
#1776 = ORIENTED_EDGE ( 'NONE', *, *, #1132, .T. ) ;
#1777 = ADVANCED_FACE ( 'NONE', ( #1869, #504, #349, #1421 ), #1559, .F. ) ;
#1778 = DIRECTION ( 'NONE',  ( 0.000000000000000000, 0.000000000000000000, 1.000000000000000000 ) ) ;
#1779 = DIRECTION ( 'NONE',  ( 0.000000000000000000, 0.000000000000000000, -1.000000000000000000 ) ) ;
#1780 = ORIENTED_EDGE ( 'NONE', *, *, #1858, .F. ) ;
#1781 = FACE_OUTER_BOUND ( 'NONE', #69, .T. ) ;
#1782 = CARTESIAN_POINT ( 'NONE',  ( -26.35000000000000497, 15.00000000000000000, -15.00000000000000355 ) ) ;
#1783 = DIRECTION ( 'NONE',  ( 0.000000000000000000, 0.000000000000000000, 1.000000000000000000 ) ) ;
#1784 = EDGE_CURVE ( 'NONE', #1714, #963, #1581, .T. ) ;
#1785 = ORIENTED_EDGE ( 'NONE', *, *, #666, .T. ) ;
#1786 = DIRECTION ( 'NONE',  ( 0.000000000000000000, 0.000000000000000000, 1.000000000000000000 ) ) ;
#1787 = CARTESIAN_POINT ( 'NONE',  ( -1.500000000000000222, 10.00000000000000000, 18.00000000000000355 ) ) ;
#1788 = ORIENTED_EDGE ( 'NONE', *, *, #1294, .F. ) ;
#1789 = VECTOR ( 'NONE', #425, 1000.000000000000000 ) ;
#1790 = AXIS2_PLACEMENT_3D ( 'NONE', #876, #856, #1746 ) ;
#1791 = EDGE_CURVE ( 'NONE', #1389, #853, #304, .T. ) ;
#1792 = FACE_OUTER_BOUND ( 'NONE', #1133, .T. ) ;
#1793 = LINE ( 'NONE', #551, #172 ) ;
#1794 = AXIS2_PLACEMENT_3D ( 'NONE', #452, #1056, #1521 ) ;
#1795 = FACE_BOUND ( 'NONE', #1487, .T. ) ;
#1796 = DIRECTION ( 'NONE',  ( 0.000000000000000000, 0.000000000000000000, -1.000000000000000000 ) ) ;
#1797 = ORIENTED_EDGE ( 'NONE', *, *, #1203, .T. ) ;
#1798 = LINE ( 'NONE', #150, #206 ) ;
#1799 = CARTESIAN_POINT ( 'NONE',  ( -21.35000000000000142, 15.00000000000000000, 15.00000000000000355 ) ) ;
#1800 = ORIENTED_EDGE ( 'NONE', *, *, #1773, .F. ) ;
#1801 = DIRECTION ( 'NONE',  ( 0.000000000000000000, 1.000000000000000000, -0.000000000000000000 ) ) ;
#1802 = EDGE_CURVE ( 'NONE', #1070, #1603, #1741, .T. ) ;
#1803 = ORIENTED_EDGE ( 'NONE', *, *, #653, .T. ) ;
#1804 = DIRECTION ( 'NONE',  ( -0.000000000000000000, -1.000000000000000000, 0.000000000000000000 ) ) ;
#1805 = DIRECTION ( 'NONE',  ( -0.000000000000000000, -0.000000000000000000, -1.000000000000000000 ) ) ;
#1806 = EDGE_LOOP ( 'NONE', ( #1811, #1497, #1218, #99 ) ) ;
#1807 = DIRECTION ( 'NONE',  ( -0.000000000000000000, -1.000000000000000000, -0.000000000000000000 ) ) ;
#1808 = CARTESIAN_POINT ( 'NONE',  ( -6.334246575342469932, 6.000000000000000000, -12.03483777716851577 ) ) ;
#1809 = EDGE_CURVE ( 'NONE', #388, #776, #394, .T. ) ;
#1810 = PERSON_AND_ORGANIZATION ( #286, #991 ) ;
#1811 = ORIENTED_EDGE ( 'NONE', *, *, #1552, .F. ) ;
#1812 = CARTESIAN_POINT ( 'NONE',  ( 0.000000000000000000, 10.00000000000000000, 18.00000000000000355 ) ) ;
#1813 = LINE ( 'NONE', #1364, #507 ) ;
#1814 = ORIENTED_EDGE ( 'NONE', *, *, #1101, .F. ) ;
#1815 = UNCERTAINTY_MEASURE_WITH_UNIT (LENGTH_MEASURE( 1.000000000000000082E-05 ), #847, 'distance_accuracy_value', 'NONE');
#1816 = DIRECTION ( 'NONE',  ( 0.000000000000000000, 0.000000000000000000, 1.000000000000000000 ) ) ;
#1817 = VECTOR ( 'NONE', #159, 1000.000000000000000 ) ;
#1818 = AXIS2_PLACEMENT_3D ( 'NONE', #1430, #1697, #1709 ) ;
#1819 = COORDINATED_UNIVERSAL_TIME_OFFSET ( 5, 30, .AHEAD. ) ;
#1820 = ORIENTED_EDGE ( 'NONE', *, *, #936, .F. ) ;
#1821 = VECTOR ( 'NONE', #1471, 1000.000000000000000 ) ;
#1822 = ADVANCED_FACE ( 'NONE', ( #1123 ), #1590, .T. ) ;
#1823 = CARTESIAN_POINT ( 'NONE',  ( -22.02260273972603599, 6.000000000000000000, 7.167807793754763956 ) ) ;
#1824 = DIRECTION ( 'NONE',  ( 0.8849145424388606962, 0.000000000000000000, 0.4657534246575346093 ) ) ;
#1825 = ORIENTED_EDGE ( 'NONE', *, *, #566, .T. ) ;
#1826 = CARTESIAN_POINT ( 'NONE',  ( -26.35000000000000142, 3.000000000000000000, 18.00000000000000355 ) ) ;
#1827 = DIRECTION ( 'NONE',  ( -0.000000000000000000, -1.000000000000000000, -0.000000000000000000 ) ) ;
#1828 = CALENDAR_DATE ( 2026, 20, 6 ) ;
#1829 = EDGE_CURVE ( 'NONE', #880, #1942, #233, .T. ) ;
#1830 = VERTEX_POINT ( 'NONE', #946 ) ;
#1831 = FACE_OUTER_BOUND ( 'NONE', #463, .T. ) ;
#1832 = FACE_OUTER_BOUND ( 'NONE', #34, .T. ) ;
#1833 = ADVANCED_FACE ( 'NONE', ( #1722 ), #959, .T. ) ;
#1834 = ORIENTED_EDGE ( 'NONE', *, *, #113, .T. ) ;
#1835 = DIRECTION ( 'NONE',  ( -0.000000000000000000, -1.000000000000000000, -0.000000000000000000 ) ) ;
#1836 = APPROVAL_DATE_TIME ( #1657, #248 ) ;
#1837 = ORIENTED_EDGE ( 'NONE', *, *, #37, .T. ) ;
#1838 = EDGE_CURVE ( 'NONE', #907, #1890, #1573, .T. ) ;
#1839 = DIRECTION ( 'NONE',  ( 1.000000000000000000, 0.000000000000000000, 0.000000000000000000 ) ) ;
#1840 = VERTEX_POINT ( 'NONE', #514 ) ;
#1841 = DIRECTION ( 'NONE',  ( 0.000000000000000000, 0.000000000000000000, -1.000000000000000000 ) ) ;
#1842 = EDGE_CURVE ( 'NONE', #388, #1340, #1259, .T. ) ;
#1843 = DIRECTION ( 'NONE',  ( -0.000000000000000000, -1.000000000000000000, -0.000000000000000000 ) ) ;
#1844 = VECTOR ( 'NONE', #1292, 1000.000000000000000 ) ;
#1845 = AXIS2_PLACEMENT_3D ( 'NONE', #355, #1278, #1399 ) ;
#1846 = SECURITY_CLASSIFICATION_LEVEL ( 'unclassified' ) ;
#1847 = ORIENTED_EDGE ( 'NONE', *, *, #741, .F. ) ;
#1848 = VECTOR ( 'NONE', #462, 1000.000000000000000 ) ;
#1849 = DIRECTION ( 'NONE',  ( -1.000000000000000000, 0.000000000000000000, 0.000000000000000000 ) ) ;
#1850 = AXIS2_PLACEMENT_3D ( 'NONE', #1411, #245, #975 ) ;
#1851 = ORIENTED_EDGE ( 'NONE', *, *, #1477, .F. ) ;
#1852 = AXIS2_PLACEMENT_3D ( 'NONE', #137, #1000, #1478 ) ;
#1853 = DIRECTION ( 'NONE',  ( -1.000000000000000000, 0.000000000000000000, 0.000000000000000000 ) ) ;
#1854 = DIRECTION ( 'NONE',  ( -0.000000000000000000, -1.000000000000000000, -0.000000000000000000 ) ) ;
#1855 = EDGE_CURVE ( 'NONE', #1840, #59, #806, .T. ) ;
#1856 = ORIENTED_EDGE ( 'NONE', *, *, #151, .T. ) ;
#1857 = DIRECTION ( 'NONE',  ( -0.4657534246575345538, 0.000000000000000000, -0.8849145424388608072 ) ) ;
#1858 = EDGE_CURVE ( 'NONE', #708, #1360, #657, .T. ) ;
#1859 = VERTEX_POINT ( 'NONE', #1094 ) ;
#1860 = FACE_BOUND ( 'NONE', #603, .T. ) ;
#1861 = VERTEX_POINT ( 'NONE', #1936 ) ;
#1862 = CARTESIAN_POINT ( 'NONE',  ( 19.84999968774225820, 15.00000000000000000, -18.00000000000000355 ) ) ;
#1863 = DIRECTION ( 'NONE',  ( 0.000000000000000000, 0.000000000000000000, -1.000000000000000000 ) ) ;
#1864 = EDGE_CURVE ( 'NONE', #769, #502, #797, .T. ) ;
#1865 = ORIENTED_EDGE ( 'NONE', *, *, #1546, .F. ) ;
#1866 = CARTESIAN_POINT ( 'NONE',  ( -6.334246575342472596, 3.000000000000000000, 12.03483777716851044 ) ) ;
#1867 = VERTEX_POINT ( 'NONE', #1168 ) ;
#1868 = EDGE_CURVE ( 'NONE', #416, #858, #1764, .T. ) ;
#1869 = FACE_OUTER_BOUND ( 'NONE', #50, .T. ) ;
#1870 = ORIENTED_EDGE ( 'NONE', *, *, #944, .F. ) ;
#1871 = DIRECTION ( 'NONE',  ( -5.781689155659254446E-16, 0.000000000000000000, -1.000000000000000000 ) ) ;
#1872 = ORIENTED_EDGE ( 'NONE', *, *, #1579, .F. ) ;
#1873 = DIRECTION ( 'NONE',  ( -0.000000000000000000, -0.000000000000000000, -1.000000000000000000 ) ) ;
#1874 = AXIS2_PLACEMENT_3D ( 'NONE', #1891, #536, #124 ) ;
#1875 = ORIENTED_EDGE ( 'NONE', *, *, #1202, .F. ) ;
#1876 = AXIS2_PLACEMENT_3D ( 'NONE', #1885, #1586, #228 ) ;
#1877 = CARTESIAN_POINT ( 'NONE',  ( 6.334246575342469932, 6.000000000000000000, -12.03483777716851577 ) ) ;
#1878 = EDGE_LOOP ( 'NONE', ( #1061, #185, #1875, #467 ) ) ;
#1879 = AXIS2_PLACEMENT_3D ( 'NONE', #523, #1707, #371 ) ;
#1880 = EDGE_CURVE ( 'NONE', #1371, #1911, #1469, .T. ) ;
#1881 = CARTESIAN_POINT ( 'NONE',  ( -7.731506849315065821, 3.000000000000000000, 14.68958140448508942 ) ) ;
#1882 = VECTOR ( 'NONE', #140, 1000.000000000000000 ) ;
#1883 = EDGE_LOOP ( 'NONE', ( #1206, #645, #1312, #1323, #1922 ) ) ;
#1884 = PRODUCT_DEFINITION_FORMATION_WITH_SPECIFIED_SOURCE ( 'ANY', '', #1699, .NOT_KNOWN. ) ;
#1885 = CARTESIAN_POINT ( 'NONE',  ( 0.000000000000000000, 10.00000000000000000, 18.00000000000000355 ) ) ;
#1886 = ORIENTED_EDGE ( 'NONE', *, *, #1419, .F. ) ;
#1887 = DIRECTION ( 'NONE',  ( 1.000000000000000000, -0.000000000000000000, 0.000000000000000000 ) ) ;
#1888 = EDGE_CURVE ( 'NONE', #96, #963, #1057, .T. ) ;
#1889 = FACE_OUTER_BOUND ( 'NONE', #323, .T. ) ;
#1890 = VERTEX_POINT ( 'NONE', #879 ) ;
#1891 = CARTESIAN_POINT ( 'NONE',  ( 0.000000000000000000, 10.00000000000000000, 18.00000000000000355 ) ) ;
#1892 = CARTESIAN_POINT ( 'NONE',  ( -7.110555533852442878, 6.000000000000000000, 15.00000000000000355 ) ) ;
#1893 = DIRECTION ( 'NONE',  ( 0.000000000000000000, 1.000000000000000000, -0.000000000000000000 ) ) ;
#1894 = ORIENTED_EDGE ( 'NONE', *, *, #1359, .T. ) ;
#1895 = CARTESIAN_POINT ( 'NONE',  ( 7.731506849315068486, 6.000000000000000000, 14.68958140448507166 ) ) ;
#1896 = CARTESIAN_POINT ( 'NONE',  ( 18.25000000000000355, 3.000000000000000000, 2.400000000000000799 ) ) ;
#1897 = ORIENTED_EDGE ( 'NONE', *, *, #1144, .F. ) ;
#1898 = ADVANCED_FACE ( 'NONE', ( #1929 ), #713, .F. ) ;
#1899 = DIRECTION ( 'NONE',  ( -0.000000000000000000, -0.000000000000000000, -1.000000000000000000 ) ) ;
#1900 = VERTEX_POINT ( 'NONE', #870 ) ;
#1901 = EDGE_CURVE ( 'NONE', #1315, #1374, #517, .T. ) ;
#1902 = DIRECTION ( 'NONE',  ( -1.000000000000000000, 0.000000000000000000, 0.000000000000000000 ) ) ;
#1903 = DIRECTION ( 'NONE',  ( 0.000000000000000000, 0.000000000000000000, -1.000000000000000000 ) ) ;
#1904 = EDGE_CURVE ( 'NONE', #960, #342, #80, .T. ) ;
#1905 = EDGE_LOOP ( 'NONE', ( #39, #1551, #484, #1540 ) ) ;
#1906 = CARTESIAN_POINT ( 'NONE',  ( -1.500000000000000222, 10.00000000000000000, 18.00000000000000355 ) ) ;
#1907 = CYLINDRICAL_SURFACE ( 'NONE', #704, 8.099999999999994316 ) ;
#1908 = ORIENTED_EDGE ( 'NONE', *, *, #89, .T. ) ;
#1909 = AXIS2_PLACEMENT_3D ( 'NONE', #239, #1899, #694 ) ;
#1910 = PLANE ( 'NONE',  #660 ) ;
#1911 = VERTEX_POINT ( 'NONE', #420 ) ;
#1912 = CIRCLE ( 'NONE', #609, 5.000000000000000888 ) ;
#1913 = PLANE ( 'NONE',  #1137 ) ;
#1914 = CARTESIAN_POINT ( 'NONE',  ( 20.62534246575342678, 3.000000000000000000, 4.513064166438185865 ) ) ;
#1915 = EDGE_CURVE ( 'NONE', #1315, #960, #402, .T. ) ;
#1916 = AXIS2_PLACEMENT_3D ( 'NONE', #989, #1434, #390 ) ;
#1917 = AXIS2_PLACEMENT_3D ( 'NONE', #278, #544, #1783 ) ;
#1918 = EDGE_CURVE ( 'NONE', #26, #1574, #208, .T. ) ;
#1919 = VERTEX_POINT ( 'NONE', #1620 ) ;
#1920 = CARTESIAN_POINT ( 'NONE',  ( 21.34999968774226176, 15.00000000000000000, 18.00000000000000355 ) ) ;
#1921 = FACE_OUTER_BOUND ( 'NONE', #203, .T. ) ;
#1922 = ORIENTED_EDGE ( 'NONE', *, *, #386, .T. ) ;
#1923 = CARTESIAN_POINT ( 'NONE',  ( 0.000000000000000000, 3.000000000000000000, 0.000000000000000000 ) ) ;
#1924 = CARTESIAN_POINT ( 'NONE',  ( 1.500000000000000222, 10.00000000000000000, 18.00000000000000355 ) ) ;
#1925 = EDGE_LOOP ( 'NONE', ( #849, #1949 ) ) ;
#1926 = CARTESIAN_POINT ( 'NONE',  ( 1.347111479062088405E-15, 3.000000000000000000, 11.00000000000000000 ) ) ;
#1927 = CARTESIAN_POINT ( 'NONE',  ( -19.84999999999999787, 15.00000000000000000, -15.00000000000000355 ) ) ;
#1928 = EDGE_CURVE ( 'NONE', #96, #1942, #1301, .T. ) ;
#1929 = FACE_OUTER_BOUND ( 'NONE', #665, .T. ) ;
#1930 = ORIENTED_EDGE ( 'NONE', *, *, #938, .T. ) ;
#1931 = LINE ( 'NONE', #577, #1882 ) ;
#1932 = DIRECTION ( 'NONE',  ( 0.000000000000000000, 0.000000000000000000, -1.000000000000000000 ) ) ;
#1933 = VERTEX_POINT ( 'NONE', #1642 ) ;
#1934 = CARTESIAN_POINT ( 'NONE',  ( -1.500000000000000222, 10.00000000000000000, -15.00000000000000355 ) ) ;
#1935 = DIRECTION ( 'NONE',  ( -0.000000000000000000, -0.000000000000000000, -1.000000000000000000 ) ) ;
#1936 = CARTESIAN_POINT ( 'NONE',  ( 20.62534246575342678, 6.000000000000000000, -4.513064166438192970 ) ) ;
#1937 = EDGE_LOOP ( 'NONE', ( #250, #1704, #291, #717 ) ) ;
#1938 = AXIS2_PLACEMENT_3D ( 'NONE', #770, #1520, #1221 ) ;
#1939 = FACE_OUTER_BOUND ( 'NONE', #1905, .T. ) ;
#1940 = CARTESIAN_POINT ( 'NONE',  ( 22.02260273972602533, 6.000000000000000000, 7.167807793754747081 ) ) ;
#1941 = CC_DESIGN_PERSON_AND_ORGANIZATION_ASSIGNMENT ( #5, #1525, ( #1884 ) ) ;
#1942 = VERTEX_POINT ( 'NONE', #889 ) ;
#1943 = VECTOR ( 'NONE', #674, 1000.000000000000000 ) ;
#1944 = AXIS2_PLACEMENT_3D ( 'NONE', #66, #82, #1578 ) ;
#1945 = DIRECTION ( 'NONE',  ( -0.000000000000000000, -1.000000000000000000, 0.000000000000000000 ) ) ;
#1946 = VECTOR ( 'NONE', #808, 1000.000000000000114 ) ;
#1947 = CIRCLE ( 'NONE', #1080, 2.400000000000000799 ) ;
#1948 = VECTOR ( 'NONE', #1601, 1000.000000000000000 ) ;
#1949 = ORIENTED_EDGE ( 'NONE', *, *, #1406, .F. ) ;
#1950 = EDGE_CURVE ( 'NONE', #1343, #1273, #1242, .T. ) ;
ENDSEC;
END-ISO-10303-21;
