ISO-10303-21;
HEADER;
FILE_DESCRIPTION (( 'STEP AP203' ),
    '1' );
FILE_NAME ('Part20^Assem6.STEP',
    '2026-06-20T12:36:23',
    ( '' ),
    ( '' ),
    'SwSTEP 2.0',
    'SolidWorks 2024',
    '' );
FILE_SCHEMA (( 'CONFIG_CONTROL_DESIGN' ));
ENDSEC;

DATA;
#1 = VERTEX_POINT ( 'NONE', #34 ) ;
#2 = DIRECTION ( 'NONE',  ( -0.000000000000000000, 1.000000000000000000, -0.000000000000000000 ) ) ;
#3 = EDGE_CURVE ( 'NONE', #40, #1074, #1513, .T. ) ;
#4 = DIRECTION ( 'NONE',  ( 0.000000000000000000, 1.000000000000000000, -0.000000000000000000 ) ) ;
#5 = EDGE_CURVE ( 'NONE', #795, #1280, #298, .T. ) ;
#6 = CARTESIAN_POINT ( 'NONE',  ( 19.56925219810040062, 55.50000000000000000, 15.00000000000000000 ) ) ;
#7 = AXIS2_PLACEMENT_3D ( 'NONE', #1248, #467, #493 ) ;
#8 = VERTEX_POINT ( 'NONE', #1175 ) ;
#9 = AXIS2_PLACEMENT_3D ( 'NONE', #65, #556, #1054 ) ;
#10 = DIRECTION ( 'NONE',  ( 0.000000000000000000, -0.000000000000000000, -1.000000000000000000 ) ) ;
#11 = DIRECTION ( 'NONE',  ( 0.000000000000000000, 0.000000000000000000, 1.000000000000000000 ) ) ;
#12 = VECTOR ( 'NONE', #29, 1000.000000000000000 ) ;
#13 = AXIS2_PLACEMENT_3D ( 'NONE', #1420, #793, #836 ) ;
#14 = VERTEX_POINT ( 'NONE', #1466 ) ;
#15 = CARTESIAN_POINT ( 'NONE',  ( 3.599999999999936584, 19.00000000000000000, -13.63268132100208874 ) ) ;
#16 = DIRECTION ( 'NONE',  ( 1.000000000000000000, 0.000000000000000000, -2.891205793294679312E-16 ) ) ;
#17 = ADVANCED_FACE ( 'NONE', ( #558 ), #597, .F. ) ;
#18 = CARTESIAN_POINT ( 'NONE',  ( 0.000000000000000000, 55.50000000000000000, 0.000000000000000000 ) ) ;
#19 = ORIENTED_EDGE ( 'NONE', *, *, #686, .T. ) ;
#20 = AXIS2_PLACEMENT_3D ( 'NONE', #111, #1352, #852 ) ;
#21 = ADVANCED_FACE ( 'NONE', ( #48, #1404, #176, #292 ), #667, .F. ) ;
#22 = DIRECTION ( 'NONE',  ( -1.000000000000000000, -0.000000000000000000, 0.000000000000000000 ) ) ;
#23 = ORIENTED_EDGE ( 'NONE', *, *, #774, .F. ) ;
#24 = CYLINDRICAL_SURFACE ( 'NONE', #515, 2.000000000000000000 ) ;
#25 = ORIENTED_EDGE ( 'NONE', *, *, #368, .F. ) ;
#26 = CC_DESIGN_APPROVAL ( #413, ( #997 ) ) ;
#27 = LINE ( 'NONE', #998, #1599 ) ;
#28 = FACE_OUTER_BOUND ( 'NONE', #884, .T. ) ;
#29 = DIRECTION ( 'NONE',  ( 0.000000000000000000, -1.000000000000000000, 0.000000000000000000 ) ) ;
#30 = CIRCLE ( 'NONE', #624, 5.036784605883436683 ) ;
#31 = ORIENTED_EDGE ( 'NONE', *, *, #362, .T. ) ;
#32 = AXIS2_PLACEMENT_3D ( 'NONE', #899, #475, #1078 ) ;
#33 = CARTESIAN_POINT ( 'NONE',  ( -3.599999999999936584, 19.00000000000000000, 13.63268132100208874 ) ) ;
#34 = CARTESIAN_POINT ( 'NONE',  ( 5.599999999999938360, 55.50000000000000000, 15.00000000000000000 ) ) ;
#35 = FACE_OUTER_BOUND ( 'NONE', #1325, .T. ) ;
#36 = ORIENTED_EDGE ( 'NONE', *, *, #1558, .T. ) ;
#37 = DIRECTION ( 'NONE',  ( 0.000000000000000000, 0.000000000000000000, 1.000000000000000000 ) ) ;
#38 = EDGE_CURVE ( 'NONE', #951, #1430, #420, .T. ) ;
#39 = DIRECTION ( 'NONE',  ( -2.891205793294679312E-16, -0.000000000000000000, 1.000000000000000000 ) ) ;
#40 = VERTEX_POINT ( 'NONE', #550 ) ;
#41 = CARTESIAN_POINT ( 'NONE',  ( 5.599999999999938360, 20.50000000000000000, 15.00000000000000000 ) ) ;
#42 = DIRECTION ( 'NONE',  ( -0.000000000000000000, -1.000000000000000000, -0.000000000000000000 ) ) ;
#43 = ORIENTED_EDGE ( 'NONE', *, *, #1113, .F. ) ;
#44 = DIRECTION ( 'NONE',  ( 0.000000000000000000, 0.000000000000000000, -1.000000000000000000 ) ) ;
#45 = EDGE_CURVE ( 'NONE', #416, #1398, #427, .T. ) ;
#46 = ADVANCED_FACE ( 'NONE', ( #911 ), #1410, .T. ) ;
#47 = DIRECTION ( 'NONE',  ( 1.000000000000000000, -0.000000000000000000, 0.000000000000000000 ) ) ;
#48 = FACE_OUTER_BOUND ( 'NONE', #670, .T. ) ;
#49 = ORIENTED_EDGE ( 'NONE', *, *, #1361, .F. ) ;
#50 = LINE ( 'NONE', #903, #154 ) ;
#51 = DIRECTION ( 'NONE',  ( -1.000000000000000000, -1.389704630069017130E-16, 6.240078075933507005E-15 ) ) ;
#52 = EDGE_CURVE ( 'NONE', #943, #1028, #1290, .T. ) ;
#53 = CARTESIAN_POINT ( 'NONE',  ( -5.599999999999938360, 55.50000000000000000, 15.00000000000000000 ) ) ;
#54 = ORIENTED_EDGE ( 'NONE', *, *, #524, .F. ) ;
#55 = DIRECTION ( 'NONE',  ( 0.000000000000000000, 0.000000000000000000, 1.000000000000000000 ) ) ;
#56 = CARTESIAN_POINT ( 'NONE',  ( -16.09999999999995879, 55.50000000000000000, -15.00000000000000000 ) ) ;
#57 = DIRECTION ( 'NONE',  ( 0.000000000000000000, 0.000000000000000000, -1.000000000000000000 ) ) ;
#58 = VECTOR ( 'NONE', #1512, 1000.000000000000000 ) ;
#59 = PERSON_AND_ORGANIZATION ( #521, #1171 ) ;
#60 = ORIENTED_EDGE ( 'NONE', *, *, #652, .T. ) ;
#61 = CARTESIAN_POINT ( 'NONE',  ( 19.56925219810040417, 15.51343613666569965, -23.79628019228514191 ) ) ;
#62 = ORIENTED_EDGE ( 'NONE', *, *, #1209, .F. ) ;
#63 = CARTESIAN_POINT ( 'NONE',  ( 5.599999999999937472, 55.50000000000000000, -18.00000000000000000 ) ) ;
#64 = ORIENTED_EDGE ( 'NONE', *, *, #724, .F. ) ;
#65 = CARTESIAN_POINT ( 'NONE',  ( 0.000000000000000000, 20.50000000000000000, 17.50000000000000000 ) ) ;
#66 = DIRECTION ( 'NONE',  ( -1.389704630069017130E-16, 1.000000000000000000, 0.000000000000000000 ) ) ;
#67 = PERSON_AND_ORGANIZATION_ROLE ( 'creator' ) ;
#68 = ORIENTED_EDGE ( 'NONE', *, *, #1232, .F. ) ;
#69 = EDGE_CURVE ( 'NONE', #309, #1015, #112, .T. ) ;
#70 = LINE ( 'NONE', #1020, #1252 ) ;
#71 = VECTOR ( 'NONE', #873, 1000.000000000000000 ) ;
#72 = ORIENTED_EDGE ( 'NONE', *, *, #1081, .T. ) ;
#73 = VECTOR ( 'NONE', #1299, 1000.000000000000000 ) ;
#74 = DIRECTION ( 'NONE',  ( 0.000000000000000000, 0.000000000000000000, 1.000000000000000000 ) ) ;
#75 = ORIENTED_EDGE ( 'NONE', *, *, #770, .T. ) ;
#76 = DIRECTION ( 'NONE',  ( 1.389704630069017130E-16, -1.000000000000000000, -0.000000000000000000 ) ) ;
#77 = CARTESIAN_POINT ( 'NONE',  ( 0.000000000000000000, 20.50000000000000000, -19.50000000000000355 ) ) ;
#78 = DATE_TIME_ROLE ( 'classification_date' ) ;
#79 = EDGE_CURVE ( 'NONE', #180, #963, #1297, .T. ) ;
#80 = EDGE_LOOP ( 'NONE', ( #398, #279, #1040, #355 ) ) ;
#81 = CARTESIAN_POINT ( 'NONE',  ( 19.56925219810040417, 20.50000000000000000, -3.020285571402461003E-15 ) ) ;
#82 = ORIENTED_EDGE ( 'NONE', *, *, #108, .F. ) ;
#83 = VECTOR ( 'NONE', #1529, 1000.000000000000000 ) ;
#84 = DIRECTION ( 'NONE',  ( 1.389704630069017130E-16, -1.000000000000000000, -0.000000000000000000 ) ) ;
#85 = ORIENTED_EDGE ( 'NONE', *, *, #1504, .F. ) ;
#86 = EDGE_CURVE ( 'NONE', #581, #593, #1035, .T. ) ;
#87 = DIRECTION ( 'NONE',  ( -1.000000000000000000, 0.000000000000000000, 2.891205793294679312E-16 ) ) ;
#88 = CARTESIAN_POINT ( 'NONE',  ( 3.599999999999936584, 15.51343613666569787, 0.000000000000000000 ) ) ;
#89 = ORIENTED_EDGE ( 'NONE', *, *, #1275, .F. ) ;
#90 = VECTOR ( 'NONE', #1476, 1000.000000000000000 ) ;
#91 = CARTESIAN_POINT ( 'NONE',  ( 0.000000000000000000, 20.50000000000000000, -15.00000000000000000 ) ) ;
#92 = VECTOR ( 'NONE', #1227, 1000.000000000000000 ) ;
#93 = EDGE_LOOP ( 'NONE', ( #299, #1008 ) ) ;
#94 = CARTESIAN_POINT ( 'NONE',  ( 0.000000000000000000, 15.51343613666569610, 17.50000000000000000 ) ) ;
#95 = ORIENTED_EDGE ( 'NONE', *, *, #163, .F. ) ;
#96 = ADVANCED_FACE ( 'NONE', ( #920 ), #657, .F. ) ;
#97 = CARTESIAN_POINT ( 'NONE',  ( 2.449293598294706414E-16, 20.50000000000000000, -15.50000000000000178 ) ) ;
#98 = CARTESIAN_POINT ( 'NONE',  ( 5.599999999999938360, 55.50000000000000000, -15.00000000000000000 ) ) ;
#99 = ORIENTED_EDGE ( 'NONE', *, *, #602, .T. ) ;
#100 = DIRECTION ( 'NONE',  ( -0.000000000000000000, -1.000000000000000000, -0.000000000000000000 ) ) ;
#101 = EDGE_LOOP ( 'NONE', ( #1257, #68, #1047, #648 ) ) ;
#102 = DIRECTION ( 'NONE',  ( 2.891205793294679312E-16, 0.000000000000000000, -1.000000000000000000 ) ) ;
#103 = DIRECTION ( 'NONE',  ( -8.612350862727570134E-14, 0.000000000000000000, 1.000000000000000000 ) ) ;
#104 = DIRECTION ( 'NONE',  ( -1.877458068268167797E-16, -2.609112170232705644E-32, -1.000000000000000000 ) ) ;
#105 = ORIENTED_EDGE ( 'NONE', *, *, #587, .F. ) ;
#106 = EDGE_CURVE ( 'NONE', #735, #1408, #589, .T. ) ;
#107 = DIRECTION ( 'NONE',  ( 0.000000000000000000, 1.000000000000000000, 0.000000000000000000 ) ) ;
#108 = EDGE_CURVE ( 'NONE', #1015, #823, #905, .T. ) ;
#109 = ORIENTED_EDGE ( 'NONE', *, *, #724, .T. ) ;
#110 = CARTESIAN_POINT ( 'NONE',  ( -16.09999999999995879, 55.50000000000000000, 15.00000000000000000 ) ) ;
#111 = CARTESIAN_POINT ( 'NONE',  ( 0.000000000000000000, 20.50000000000000000, 17.50000000000000000 ) ) ;
#112 = LINE ( 'NONE', #778, #92 ) ;
#113 = VERTEX_POINT ( 'NONE', #465 ) ;
#114 = FACE_OUTER_BOUND ( 'NONE', #1418, .T. ) ;
#115 = APPROVAL_ROLE ( '' ) ;
#116 = CARTESIAN_POINT ( 'NONE',  ( -3.600000000001110756, 15.51343613666569610, -3.100446310582881777E-13 ) ) ;
#117 = ORIENTED_EDGE ( 'NONE', *, *, #335, .F. ) ;
#118 = CARTESIAN_POINT ( 'NONE',  ( 0.000000000000000000, 55.50000000000000000, 0.000000000000000000 ) ) ;
#119 = AXIS2_PLACEMENT_3D ( 'NONE', #1200, #84, #1089 ) ;
#120 = LINE ( 'NONE', #1236, #1317 ) ;
#121 = LINE ( 'NONE', #605, #403 ) ;
#122 = DIRECTION ( 'NONE',  ( 0.000000000000000000, 0.000000000000000000, -1.000000000000000000 ) ) ;
#123 = PLANE ( 'NONE',  #501 ) ;
#124 = APPLICATION_PROTOCOL_DEFINITION ( 'international standard', 'config_control_design', 1994, #239 ) ;
#125 = DIRECTION ( 'NONE',  ( 0.000000000000000000, 1.000000000000000000, -0.000000000000000000 ) ) ;
#126 = ORIENTED_EDGE ( 'NONE', *, *, #984, .F. ) ;
#127 = ADVANCED_FACE ( 'NONE', ( #955, #222, #711, #1218 ), #1090, .T. ) ;
#128 = ADVANCED_FACE ( 'NONE', ( #1099 ), #730, .F. ) ;
#129 = DIRECTION ( 'NONE',  ( -1.000000000000000000, -1.389704630069017130E-16, 0.000000000000000000 ) ) ;
#130 = LINE ( 'NONE', #613, #656 ) ;
#131 = DIRECTION ( 'NONE',  ( 0.000000000000000000, 0.000000000000000000, -1.000000000000000000 ) ) ;
#132 = DIRECTION ( 'NONE',  ( -1.000000000000000000, 0.000000000000000000, 0.000000000000000000 ) ) ;
#133 = AXIS2_PLACEMENT_3D ( 'NONE', #236, #1266, #1277 ) ;
#134 = VECTOR ( 'NONE', #1197, 1000.000000000000000 ) ;
#135 = ORIENTED_EDGE ( 'NONE', *, *, #950, .F. ) ;
#136 = ORIENTED_EDGE ( 'NONE', *, *, #704, .F. ) ;
#137 = CARTESIAN_POINT ( 'NONE',  ( 3.599999999999936584, 15.51343613666569787, 0.000000000000000000 ) ) ;
#138 = LINE ( 'NONE', #1134, #359 ) ;
#139 = DIRECTION ( 'NONE',  ( 0.000000000000000000, 0.000000000000000000, -1.000000000000000000 ) ) ;
#140 = CC_DESIGN_PERSON_AND_ORGANIZATION_ASSIGNMENT ( #59, #846, ( #1356 ) ) ;
#141 = EDGE_LOOP ( 'NONE', ( #266, #326, #811, #177 ) ) ;
#142 = AXIS2_PLACEMENT_3D ( 'NONE', #816, #1310, #1163 ) ;
#143 = CARTESIAN_POINT ( 'NONE',  ( 5.599999999999937472, 55.50000000000000000, 18.00000000000000000 ) ) ;
#144 = FACE_OUTER_BOUND ( 'NONE', #712, .T. ) ;
#145 = VECTOR ( 'NONE', #1158, 1000.000000000000000 ) ;
#146 = DIRECTION ( 'NONE',  ( -1.543383232444437376E-16, 0.000000000000000000, -1.000000000000000000 ) ) ;
#147 = ADVANCED_FACE ( 'NONE', ( #484 ), #361, .F. ) ;
#148 = ORIENTED_EDGE ( 'NONE', *, *, #612, .F. ) ;
#149 = ORIENTED_EDGE ( 'NONE', *, *, #255, .F. ) ;
#150 = DIRECTION ( 'NONE',  ( 0.000000000000000000, 0.000000000000000000, -1.000000000000000000 ) ) ;
#151 = AXIS2_PLACEMENT_3D ( 'NONE', #1550, #934, #303 ) ;
#152 = EDGE_CURVE ( 'NONE', #1375, #1214, #1353, .T. ) ;
#153 = EDGE_LOOP ( 'NONE', ( #1121, #85 ) ) ;
#154 = VECTOR ( 'NONE', #914, 1000.000000000000000 ) ;
#155 = DIRECTION ( 'NONE',  ( 0.000000000000000000, 0.000000000000000000, -1.000000000000000000 ) ) ;
#156 = EDGE_CURVE ( 'NONE', #623, #1441, #1174, .T. ) ;
#157 = ORIENTED_EDGE ( 'NONE', *, *, #1260, .T. ) ;
#158 = CARTESIAN_POINT ( 'NONE',  ( 2.449293598294706414E-16, 20.50000000000000000, 19.50000000000000355 ) ) ;
#159 = ORIENTED_EDGE ( 'NONE', *, *, #970, .T. ) ;
#160 = CIRCLE ( 'NONE', #1283, 2.000000000000000000 ) ;
#161 = ORIENTED_EDGE ( 'NONE', *, *, #780, .T. ) ;
#162 = DIRECTION ( 'NONE',  ( 0.000000000000000000, 1.000000000000000000, 0.000000000000000000 ) ) ;
#163 = EDGE_CURVE ( 'NONE', #563, #1309, #1389, .T. ) ;
#164 = EDGE_CURVE ( 'NONE', #1185, #1315, #910, .T. ) ;
#165 = ORIENTED_EDGE ( 'NONE', *, *, #202, .T. ) ;
#166 = CARTESIAN_POINT ( 'NONE',  ( 19.56925219810040062, 55.50000000000000000, -18.00000000000000000 ) ) ;
#167 = DIRECTION ( 'NONE',  ( 1.000000000000000000, -0.000000000000000000, 0.000000000000000000 ) ) ;
#168 = CARTESIAN_POINT ( 'NONE',  ( -3.599999999999936584, 19.00000000000000000, 0.000000000000000000 ) ) ;
#169 = VERTEX_POINT ( 'NONE', #1014 ) ;
#170 = VECTOR ( 'NONE', #1116, 1000.000000000000000 ) ;
#171 = FACE_OUTER_BOUND ( 'NONE', #1433, .T. ) ;
#172 = FACE_OUTER_BOUND ( 'NONE', #1233, .T. ) ;
#173 = LINE ( 'NONE', #1144, #12 ) ;
#174 = ORIENTED_EDGE ( 'NONE', *, *, #219, .T. ) ;
#175 = LINE ( 'NONE', #182, #850 ) ;
#176 = FACE_BOUND ( 'NONE', #1190, .T. ) ;
#177 = ORIENTED_EDGE ( 'NONE', *, *, #1168, .F. ) ;
#178 = CARTESIAN_POINT ( 'NONE',  ( 5.577633906953673559, 17.50000000000000000, -18.00000000000000000 ) ) ;
#179 = VECTOR ( 'NONE', #760, 1000.000000000000000 ) ;
#180 = VERTEX_POINT ( 'NONE', #33 ) ;
#181 = DIRECTION ( 'NONE',  ( 0.000000000000000000, 1.000000000000000000, 0.000000000000000000 ) ) ;
#182 = CARTESIAN_POINT ( 'NONE',  ( -16.09999999999995879, 20.50000000000000000, 0.000000000000000000 ) ) ;
#183 = EDGE_CURVE ( 'NONE', #488, #1151, #641, .T. ) ;
#184 = CARTESIAN_POINT ( 'NONE',  ( 17.56925219810040417, 13.99999999999999822, 8.106894137130931099 ) ) ;
#185 = VECTOR ( 'NONE', #250, 1000.000000000000000 ) ;
#186 = PERSON_AND_ORGANIZATION ( #521, #1171 ) ;
#187 = ORIENTED_EDGE ( 'NONE', *, *, #801, .T. ) ;
#188 = DIRECTION ( 'NONE',  ( -1.877458068268167797E-16, -2.609112170232705644E-32, -1.000000000000000000 ) ) ;
#189 = EDGE_LOOP ( 'NONE', ( #316, #157, #859, #1211 ) ) ;
#190 = VERTEX_POINT ( 'NONE', #530 ) ;
#191 = DIRECTION ( 'NONE',  ( 0.000000000000000000, 0.000000000000000000, 1.000000000000000000 ) ) ;
#192 = DIRECTION ( 'NONE',  ( -0.000000000000000000, -1.000000000000000000, -0.000000000000000000 ) ) ;
#193 = PERSON_AND_ORGANIZATION ( #521, #1171 ) ;
#194 = ORIENTED_EDGE ( 'NONE', *, *, #1516, .T. ) ;
#195 = LINE ( 'NONE', #91, #134 ) ;
#196 = VECTOR ( 'NONE', #248, 1000.000000000000000 ) ;
#197 = ORIENTED_EDGE ( 'NONE', *, *, #1136, .T. ) ;
#198 = AXIS2_PLACEMENT_3D ( 'NONE', #1556, #327, #812 ) ;
#199 = ORIENTED_EDGE ( 'NONE', *, *, #1371, .F. ) ;
#200 = CARTESIAN_POINT ( 'NONE',  ( 0.000000000000000000, 20.50000000000000000, 17.50000000000000000 ) ) ;
#201 = CARTESIAN_POINT ( 'NONE',  ( -5.599999999999938360, 55.50000000000000000, -15.00000000000000000 ) ) ;
#202 = EDGE_CURVE ( 'NONE', #258, #1104, #883, .T. ) ;
#203 = VERTEX_POINT ( 'NONE', #1397 ) ;
#204 = CARTESIAN_POINT ( 'NONE',  ( 10.61932523057085298, 15.51343613666569787, -9.275771215772781630 ) ) ;
#205 = EDGE_LOOP ( 'NONE', ( #1571, #561, #342, #1268 ) ) ;
#206 = EDGE_CURVE ( 'NONE', #569, #966, #771, .T. ) ;
#207 = AXIS2_PLACEMENT_3D ( 'NONE', #1344, #4, #343 ) ;
#208 = CYLINDRICAL_SURFACE ( 'NONE', #585, 5.600000000000067146 ) ;
#209 = VECTOR ( 'NONE', #47, 1000.000000000000000 ) ;
#210 = ORIENTED_EDGE ( 'NONE', *, *, #459, .F. ) ;
#211 = DIRECTION ( 'NONE',  ( 1.000000000000000000, -0.000000000000000000, -1.543383232444437376E-16 ) ) ;
#212 = LINE ( 'NONE', #201, #1068 ) ;
#213 = ORIENTED_EDGE ( 'NONE', *, *, #1406, .F. ) ;
#214 = VECTOR ( 'NONE', #1203, 1000.000000000000000 ) ;
#215 = CARTESIAN_POINT ( 'NONE',  ( -3.600000000001110756, 13.99999999999999822, -3.100446310582881777E-13 ) ) ;
#216 = AXIS2_PLACEMENT_3D ( 'NONE', #543, #66, #1570 ) ;
#217 = ORIENTED_EDGE ( 'NONE', *, *, #206, .F. ) ;
#218 = DIRECTION ( 'NONE',  ( -1.000000000000000000, 0.000000000000000000, 0.000000000000000000 ) ) ;
#219 = EDGE_CURVE ( 'NONE', #1309, #593, #212, .T. ) ;
#220 = EDGE_CURVE ( 'NONE', #1096, #8, #449, .T. ) ;
#221 = FACE_OUTER_BOUND ( 'NONE', #902, .T. ) ;
#222 = FACE_BOUND ( 'NONE', #93, .T. ) ;
#223 = ORIENTED_EDGE ( 'NONE', *, *, #707, .T. ) ;
#224 = CARTESIAN_POINT ( 'NONE',  ( 17.56925219810040417, 13.99999999999999822, 9.203719807714863421 ) ) ;
#225 = DIRECTION ( 'NONE',  ( -1.000000000000000000, -1.230300337572206591E-16, -1.776356839400250465E-15 ) ) ;
#226 = VERTEX_POINT ( 'NONE', #98 ) ;
#227 = CARTESIAN_POINT ( 'NONE',  ( -16.09999999999995879, 55.50000000000000000, -15.00000000000000000 ) ) ;
#228 = AXIS2_PLACEMENT_3D ( 'NONE', #1434, #895, #1199 ) ;
#229 = DIRECTION ( 'NONE',  ( -0.000000000000000000, -1.000000000000000000, 0.000000000000000000 ) ) ;
#230 = DIRECTION ( 'NONE',  ( 0.000000000000000000, 1.000000000000000000, -0.000000000000000000 ) ) ;
#231 = VERTEX_POINT ( 'NONE', #77 ) ;
#232 = VECTOR ( 'NONE', #1520, 1000.000000000000000 ) ;
#233 = LINE ( 'NONE', #738, #519 ) ;
#234 = DATE_TIME_ROLE ( 'creation_date' ) ;
#235 = ORIENTED_EDGE ( 'NONE', *, *, #1145, .F. ) ;
#236 = CARTESIAN_POINT ( 'NONE',  ( 0.000000000000000000, 15.51343613666569610, 0.000000000000000000 ) ) ;
#237 = CARTESIAN_POINT ( 'NONE',  ( 19.56925219810040417, 15.51343613666569787, -8.818471051988961307 ) ) ;
#238 = DIRECTION ( 'NONE',  ( 1.543383232444437376E-16, 0.000000000000000000, 1.000000000000000000 ) ) ;
#239 = APPLICATION_CONTEXT ( 'configuration controlled 3d designs of mechanical parts and assemblies' ) ;
#240 = VECTOR ( 'NONE', #211, 1000.000000000000000 ) ;
#241 = CARTESIAN_POINT ( 'NONE',  ( 5.599999999999938360, 55.50000000000000000, -15.00000000000000000 ) ) ;
#242 = CARTESIAN_POINT ( 'NONE',  ( -7.700000000000040146, 19.00000000000000000, -5.424953531142940612E-16 ) ) ;
#243 = EDGE_CURVE ( 'NONE', #706, #813, #160, .T. ) ;
#244 = VERTEX_POINT ( 'NONE', #1082 ) ;
#245 = VECTOR ( 'NONE', #627, 1000.000000000000000 ) ;
#246 = AXIS2_PLACEMENT_3D ( 'NONE', #1474, #1589, #122 ) ;
#247 = CARTESIAN_POINT ( 'NONE',  ( 5.599999999999937472, 55.50000000000000000, 18.00000000000000000 ) ) ;
#248 = DIRECTION ( 'NONE',  ( -0.000000000000000000, -1.000000000000000000, -0.000000000000000000 ) ) ;
#249 = LINE ( 'NONE', #1595, #338 ) ;
#250 = DIRECTION ( 'NONE',  ( 8.612350862727570134E-14, 1.196862386971139815E-29, -1.000000000000000000 ) ) ;
#251 = ORIENTED_EDGE ( 'NONE', *, *, #1575, .T. ) ;
#252 = LINE ( 'NONE', #618, #170 ) ;
#253 = ADVANCED_FACE ( 'NONE', ( #693 ), #1574, .F. ) ;
#254 = PLANE ( 'NONE',  #523 ) ;
#255 = EDGE_CURVE ( 'NONE', #40, #581, #723, .T. ) ;
#256 = DIRECTION ( 'NONE',  ( 0.000000000000000000, 0.000000000000000000, 1.000000000000000000 ) ) ;
#257 = CIRCLE ( 'NONE', #1572, 5.600000000000067146 ) ;
#258 = VERTEX_POINT ( 'NONE', #1231 ) ;
#259 = EDGE_LOOP ( 'NONE', ( #1295, #777 ) ) ;
#260 = DIRECTION ( 'NONE',  ( 1.877458068268167797E-16, 0.000000000000000000, 1.000000000000000000 ) ) ;
#261 = EDGE_CURVE ( 'NONE', #309, #677, #437, .T. ) ;
#262 = CARTESIAN_POINT ( 'NONE',  ( 5.599999999999937472, 55.50000000000000000, -18.00000000000000000 ) ) ;
#263 = LINE ( 'NONE', #1597, #1405 ) ;
#264 = VECTOR ( 'NONE', #393, 1000.000000000000000 ) ;
#265 = EDGE_LOOP ( 'NONE', ( #923, #1196, #959, #1087 ) ) ;
#266 = ORIENTED_EDGE ( 'NONE', *, *, #742, .F. ) ;
#267 = CARTESIAN_POINT ( 'NONE',  ( 17.56925219810040417, 19.00000000000000000, -8.818471051988961307 ) ) ;
#268 = ORIENTED_EDGE ( 'NONE', *, *, #219, .F. ) ;
#269 = VECTOR ( 'NONE', #949, 1000.000000000000000 ) ;
#270 = EDGE_CURVE ( 'NONE', #552, #1492, #808, .T. ) ;
#271 = DIRECTION ( 'NONE',  ( 2.891205793294679312E-16, -0.000000000000000000, -1.000000000000000000 ) ) ;
#272 = EDGE_CURVE ( 'NONE', #226, #258, #958, .T. ) ;
#273 = CARTESIAN_POINT ( 'NONE',  ( 0.000000000000000000, 15.51343613666569787, 17.50000000000000000 ) ) ;
#274 = ORIENTED_EDGE ( 'NONE', *, *, #950, .T. ) ;
#275 = DIRECTION ( 'NONE',  ( -0.000000000000000000, -1.000000000000000000, -0.000000000000000000 ) ) ;
#276 = FACE_OUTER_BOUND ( 'NONE', #141, .T. ) ;
#277 = CARTESIAN_POINT ( 'NONE',  ( 5.599999999999942801, 20.50000000000000000, 1.619075244245003849E-15 ) ) ;
#278 = VECTOR ( 'NONE', #1288, 1000.000000000000000 ) ;
#279 = ORIENTED_EDGE ( 'NONE', *, *, #1584, .T. ) ;
#280 = AXIS2_PLACEMENT_3D ( 'NONE', #775, #412, #796 ) ;
#281 = CARTESIAN_POINT ( 'NONE',  ( 5.577633906953673559, 15.51343613666570143, -18.00000000000000000 ) ) ;
#282 = ORIENTED_EDGE ( 'NONE', *, *, #270, .T. ) ;
#283 = ORIENTED_EDGE ( 'NONE', *, *, #612, .T. ) ;
#284 = EDGE_CURVE ( 'NONE', #569, #680, #1320, .T. ) ;
#285 = EDGE_CURVE ( 'NONE', #14, #700, #575, .T. ) ;
#286 = CARTESIAN_POINT ( 'NONE',  ( 0.000000000000000000, 13.99999999999999822, 0.000000000000000000 ) ) ;
#287 = CIRCLE ( 'NONE', #898, 14.09999999999995879 ) ;
#288 = CARTESIAN_POINT ( 'NONE',  ( 14.56925219810040240, 15.51343613666569787, 8.106894137130931099 ) ) ;
#289 = CARTESIAN_POINT ( 'NONE',  ( 0.000000000000000000, 20.50000000000000000, 15.50000000000000178 ) ) ;
#290 = CIRCLE ( 'NONE', #1207, 5.036784605883436683 ) ;
#291 = VECTOR ( 'NONE', #786, 1000.000000000000000 ) ;
#292 = FACE_BOUND ( 'NONE', #153, .T. ) ;
#293 =( LENGTH_UNIT ( ) NAMED_UNIT ( * ) SI_UNIT ( .MILLI., .METRE. ) );
#294 = DIRECTION ( 'NONE',  ( 0.000000000000000000, 0.000000000000000000, -1.000000000000000000 ) ) ;
#295 = CARTESIAN_POINT ( 'NONE',  ( -5.788153660091840728E-14, 19.00000000000000000, -9.275771215772715905 ) ) ;
#296 = FACE_OUTER_BOUND ( 'NONE', #1484, .T. ) ;
#297 = CARTESIAN_POINT ( 'NONE',  ( 5.577633906953673559, 17.50000000000000000, 18.00000000000000000 ) ) ;
#298 = LINE ( 'NONE', #1046, #1284 ) ;
#299 = ORIENTED_EDGE ( 'NONE', *, *, #749, .F. ) ;
#300 = AXIS2_PLACEMENT_3D ( 'NONE', #886, #518, #10 ) ;
#301 = CARTESIAN_POINT ( 'NONE',  ( 19.56925219810040062, 55.50000000000000000, 18.00000000000000000 ) ) ;
#302 = ORIENTED_EDGE ( 'NONE', *, *, #417, .F. ) ;
#303 = DIRECTION ( 'NONE',  ( 0.000000000000000000, 0.000000000000000000, 1.000000000000000000 ) ) ;
#304 = FACE_OUTER_BOUND ( 'NONE', #1188, .T. ) ;
#305 = DIRECTION ( 'NONE',  ( 0.000000000000000000, -1.000000000000000000, 0.000000000000000000 ) ) ;
#306 = ORIENTED_EDGE ( 'NONE', *, *, #1322, .F. ) ;
#307 = CARTESIAN_POINT ( 'NONE',  ( -5.599999999999939249, 55.50000000000000000, 18.00000000000000000 ) ) ;
#308 = APPROVAL_PERSON_ORGANIZATION ( #940, #1456, #1554 ) ;
#309 = VERTEX_POINT ( 'NONE', #1450 ) ;
#310 = EDGE_LOOP ( 'NONE', ( #390, #549, #535, #536 ) ) ;
#311 = EDGE_CURVE ( 'NONE', #1441, #1321, #574, .T. ) ;
#312 = CARTESIAN_POINT ( 'NONE',  ( -16.09999999999995879, 20.49999999999999645, -15.00000000000000000 ) ) ;
#313 = VECTOR ( 'NONE', #991, 1000.000000000000000 ) ;
#314 = CARTESIAN_POINT ( 'NONE',  ( 0.000000000000000000, 20.50000000000000000, 15.00000000000000000 ) ) ;
#315 = VECTOR ( 'NONE', #588, 1000.000000000000000 ) ;
#316 = ORIENTED_EDGE ( 'NONE', *, *, #1016, .F. ) ;
#317 = CARTESIAN_POINT ( 'NONE',  ( -3.599999999999936584, 13.99999999999999822, 13.63268132100208874 ) ) ;
#318 = EDGE_LOOP ( 'NONE', ( #819, #805, #709, #915, #346, #875, #54, #679, #72, #332, #1565, #1377, #1179, #885, #126, #439, #379 ) ) ;
#319 = ADVANCED_FACE ( 'NONE', ( #1221 ), #557, .F. ) ;
#320 = DIRECTION ( 'NONE',  ( 2.891205793294679312E-16, 0.000000000000000000, 1.000000000000000000 ) ) ;
#321 = ORIENTED_EDGE ( 'NONE', *, *, #1585, .T. ) ;
#322 = CARTESIAN_POINT ( 'NONE',  ( 0.000000000000000000, 20.50000000000000000, -17.50000000000000000 ) ) ;
#323 = DIRECTION ( 'NONE',  ( -0.000000000000000000, -0.000000000000000000, 1.000000000000000000 ) ) ;
#324 = EDGE_CURVE ( 'NONE', #639, #1280, #1056, .T. ) ;
#325 = APPROVAL_DATE_TIME ( #1440, #1456 ) ;
#326 = ORIENTED_EDGE ( 'NONE', *, *, #704, .T. ) ;
#327 = DIRECTION ( 'NONE',  ( 0.000000000000000000, 1.000000000000000000, -0.000000000000000000 ) ) ;
#328 = VECTOR ( 'NONE', #2, 1000.000000000000000 ) ;
#329 = ORIENTED_EDGE ( 'NONE', *, *, #842, .F. ) ;
#330 = VECTOR ( 'NONE', #162, 1000.000000000000000 ) ;
#331 = PLANE ( 'NONE',  #1347 ) ;
#332 = ORIENTED_EDGE ( 'NONE', *, *, #459, .T. ) ;
#333 = DIRECTION ( 'NONE',  ( -1.000000000000000000, 0.000000000000000000, 0.000000000000000000 ) ) ;
#334 = ORIENTED_EDGE ( 'NONE', *, *, #489, .T. ) ;
#335 = EDGE_CURVE ( 'NONE', #1503, #8, #1428, .T. ) ;
#336 = CARTESIAN_POINT ( 'NONE',  ( 0.000000000000000000, 20.50000000000000000, 15.50000000000000178 ) ) ;
#337 = ORIENTED_EDGE ( 'NONE', *, *, #345, .T. ) ;
#338 = VECTOR ( 'NONE', #853, 1000.000000000000000 ) ;
#339 = CARTESIAN_POINT ( 'NONE',  ( 19.56925219810040062, 17.50000000000000000, 18.00000000000000000 ) ) ;
#340 = CARTESIAN_POINT ( 'NONE',  ( -5.599999999999933920, 20.50000000000000000, 1.619075244245001285E-15 ) ) ;
#341 = AXIS2_PLACEMENT_3D ( 'NONE', #784, #87, #1536 ) ;
#342 = ORIENTED_EDGE ( 'NONE', *, *, #781, .F. ) ;
#343 = DIRECTION ( 'NONE',  ( 0.000000000000000000, 0.000000000000000000, 1.000000000000000000 ) ) ;
#344 = CARTESIAN_POINT ( 'NONE',  ( 0.000000000000000000, 15.51343613666569610, 0.000000000000000000 ) ) ;
#345 = EDGE_CURVE ( 'NONE', #8, #1074, #1363, .T. ) ;
#346 = ORIENTED_EDGE ( 'NONE', *, *, #1403, .T. ) ;
#347 = VECTOR ( 'NONE', #139, 1000.000000000000000 ) ;
#348 = ORIENTED_EDGE ( 'NONE', *, *, #1291, .F. ) ;
#349 = DIRECTION ( 'NONE',  ( 0.000000000000000000, 1.000000000000000000, 0.000000000000000000 ) ) ;
#350 = DIRECTION ( 'NONE',  ( 1.000000000000000000, 0.000000000000000000, 0.000000000000000000 ) ) ;
#351 = CARTESIAN_POINT ( 'NONE',  ( 0.000000000000000000, 19.00000000000000000, 0.000000000000000000 ) ) ;
#352 = EDGE_LOOP ( 'NONE', ( #583, #772, #1156, #579, #337, #1111 ) ) ;
#353 = DIRECTION ( 'NONE',  ( 0.000000000000000000, 1.000000000000000000, 0.000000000000000000 ) ) ;
#354 = CARTESIAN_POINT ( 'NONE',  ( 5.599999999999938360, 55.50000000000000000, -15.00000000000000000 ) ) ;
#355 = ORIENTED_EDGE ( 'NONE', *, *, #79, .T. ) ;
#356 = CARTESIAN_POINT ( 'NONE',  ( -5.788153660091840728E-14, 13.99999999999999822, -9.275771215772715905 ) ) ;
#357 = ORIENTED_EDGE ( 'NONE', *, *, #871, .T. ) ;
#358 = DIRECTION ( 'NONE',  ( -1.000000000000000000, 0.000000000000000000, -2.891205793294679312E-16 ) ) ;
#359 = VECTOR ( 'NONE', #350, 1000.000000000000000 ) ;
#360 = DIRECTION ( 'NONE',  ( -1.000000000000000000, 0.000000000000000000, 0.000000000000000000 ) ) ;
#361 = PLANE ( 'NONE',  #625 ) ;
#362 = EDGE_CURVE ( 'NONE', #244, #633, #1135, .T. ) ;
#363 = DIRECTION ( 'NONE',  ( 0.000000000000000000, 0.000000000000000000, 1.000000000000000000 ) ) ;
#364 = DIRECTION ( 'NONE',  ( -1.000000000000000000, 0.000000000000000000, 0.000000000000000000 ) ) ;
#365 = ORIENTED_EDGE ( 'NONE', *, *, #749, .T. ) ;
#366 = LINE ( 'NONE', #1568, #611 ) ;
#367 = LINE ( 'NONE', #1098, #1239 ) ;
#368 = EDGE_CURVE ( 'NONE', #956, #837, #487, .T. ) ;
#369 = AXIS2_PLACEMENT_3D ( 'NONE', #477, #975, #363 ) ;
#370 = FACE_OUTER_BOUND ( 'NONE', #1477, .T. ) ;
#371 = VECTOR ( 'NONE', #674, 1000.000000000000000 ) ;
#372 = FACE_OUTER_BOUND ( 'NONE', #1308, .T. ) ;
#373 = ORIENTED_EDGE ( 'NONE', *, *, #1232, .T. ) ;
#374 = AXIS2_PLACEMENT_3D ( 'NONE', #993, #378, #747 ) ;
#375 = CARTESIAN_POINT ( 'NONE',  ( -3.599999999999936584, 19.00000000000000000, 17.50000000000000000 ) ) ;
#376 = DIRECTION ( 'NONE',  ( 0.000000000000000000, 0.000000000000000000, -1.000000000000000000 ) ) ;
#377 = EDGE_CURVE ( 'NONE', #433, #1185, #856, .T. ) ;
#378 = DIRECTION ( 'NONE',  ( -0.000000000000000000, 0.000000000000000000, 1.000000000000000000 ) ) ;
#379 = ORIENTED_EDGE ( 'NONE', *, *, #1183, .T. ) ;
#380 = EDGE_CURVE ( 'NONE', #1492, #1289, #30, .T. ) ;
#381 = FACE_OUTER_BOUND ( 'NONE', #205, .T. ) ;
#382 = FACE_OUTER_BOUND ( 'NONE', #1025, .T. ) ;
#383 = LINE ( 'NONE', #752, #1483 ) ;
#384 = FACE_OUTER_BOUND ( 'NONE', #1019, .T. ) ;
#385 = VECTOR ( 'NONE', #1465, 1000.000000000000000 ) ;
#386 = EDGE_LOOP ( 'NONE', ( #864, #1414, #1204, #136 ) ) ;
#387 = ADVANCED_FACE ( 'NONE', ( #863 ), #391, .F. ) ;
#388 = EDGE_CURVE ( 'NONE', #169, #1567, #514, .T. ) ;
#389 = FACE_OUTER_BOUND ( 'NONE', #310, .T. ) ;
#390 = ORIENTED_EDGE ( 'NONE', *, *, #722, .F. ) ;
#391 = PLANE ( 'NONE',  #374 ) ;
#392 = ORIENTED_EDGE ( 'NONE', *, *, #441, .F. ) ;
#393 = DIRECTION ( 'NONE',  ( 1.000000000000000000, -0.000000000000000000, 0.000000000000000000 ) ) ;
#394 = LINE ( 'NONE', #880, #328 ) ;
#395 = VECTOR ( 'NONE', #1482, 1000.000000000000000 ) ;
#396 = CARTESIAN_POINT ( 'NONE',  ( 5.599999999999937472, 55.50000000000000000, 18.00000000000000000 ) ) ;
#397 = ORIENTED_EDGE ( 'NONE', *, *, #270, .F. ) ;
#398 = ORIENTED_EDGE ( 'NONE', *, *, #1155, .F. ) ;
#399 = ORIENTED_EDGE ( 'NONE', *, *, #108, .T. ) ;
#400 = CARTESIAN_POINT ( 'NONE',  ( 19.56925219810040062, 55.50000000000000000, 15.00000000000000000 ) ) ;
#401 = VERTEX_POINT ( 'NONE', #1001 ) ;
#402 = ADVANCED_FACE ( 'NONE', ( #1368 ), #855, .T. ) ;
#403 = VECTOR ( 'NONE', #1107, 1000.000000000000000 ) ;
#404 = VERTEX_POINT ( 'NONE', #987 ) ;
#405 = AXIS2_PLACEMENT_3D ( 'NONE', #407, #1038, #1547 ) ;
#406 = CARTESIAN_POINT ( 'NONE',  ( 5.599999999999937472, 55.50000000000000000, -18.00000000000000000 ) ) ;
#407 = CARTESIAN_POINT ( 'NONE',  ( 0.000000000000000000, 15.51343613666569787, -17.50000000000000000 ) ) ;
#408 = DIRECTION ( 'NONE',  ( 0.000000000000000000, 1.000000000000000000, 0.000000000000000000 ) ) ;
#409 = CARTESIAN_POINT ( 'NONE',  ( 17.56925219810040417, 15.51343613666569965, -3.298553429276184719E-15 ) ) ;
#410 = LINE ( 'NONE', #1269, #83 ) ;
#411 = ADVANCED_FACE ( 'NONE', ( #384 ), #877, .T. ) ;
#412 = DIRECTION ( 'NONE',  ( 0.000000000000000000, 0.000000000000000000, 1.000000000000000000 ) ) ;
#413 = APPROVAL ( #1538, 'UNSPECIFIED' ) ;
#414 = CARTESIAN_POINT ( 'NONE',  ( -16.09999999999995879, 55.50000000000000000, -15.00000000000000000 ) ) ;
#415 = AXIS2_PLACEMENT_3D ( 'NONE', #1262, #146, #1499 ) ;
#416 = VERTEX_POINT ( 'NONE', #847 ) ;
#417 = EDGE_CURVE ( 'NONE', #1309, #40, #1381, .T. ) ;
#418 = FACE_OUTER_BOUND ( 'NONE', #1349, .T. ) ;
#419 = VECTOR ( 'NONE', #1335, 1000.000000000000000 ) ;
#420 = LINE ( 'NONE', #184, #291 ) ;
#421 =( NAMED_UNIT ( * ) PLANE_ANGLE_UNIT ( ) SI_UNIT ( $, .RADIAN. ) );
#422 = ORIENTED_EDGE ( 'NONE', *, *, #324, .T. ) ;
#423 = EDGE_CURVE ( 'NONE', #1289, #1492, #290, .T. ) ;
#424 = CARTESIAN_POINT ( 'NONE',  ( 17.56925219810040417, 15.51343613666569965, -3.298553429276184719E-15 ) ) ;
#425 = ORIENTED_EDGE ( 'NONE', *, *, #834, .F. ) ;
#426 = FACE_OUTER_BOUND ( 'NONE', #80, .T. ) ;
#427 = LINE ( 'NONE', #409, #736 ) ;
#428 = VECTOR ( 'NONE', #129, 1000.000000000000000 ) ;
#429 = DIRECTION ( 'NONE',  ( 1.000000000000000000, 0.000000000000000000, 0.000000000000000000 ) ) ;
#430 = ORIENTED_EDGE ( 'NONE', *, *, #834, .T. ) ;
#431 = VECTOR ( 'NONE', #188, 1000.000000000000000 ) ;
#432 = DIRECTION ( 'NONE',  ( -1.000000000000000000, -1.389704630069017130E-16, 1.543383232444437376E-16 ) ) ;
#433 = VERTEX_POINT ( 'NONE', #870 ) ;
#434 = ADVANCED_FACE ( 'NONE', ( #1007 ), #622, .F. ) ;
#435 = ORIENTED_EDGE ( 'NONE', *, *, #460, .F. ) ;
#436 = LINE ( 'NONE', #665, #371 ) ;
#437 = LINE ( 'NONE', #1438, #904 ) ;
#438 = CARTESIAN_POINT ( 'NONE',  ( 0.000000000000000000, 0.000000000000000000, 0.000000000000000000 ) ) ;
#439 = ORIENTED_EDGE ( 'NONE', *, *, #86, .T. ) ;
#440 = APPROVAL_PERSON_ORGANIZATION ( #1429, #413, #115 ) ;
#441 = EDGE_CURVE ( 'NONE', #401, #773, #1129, .T. ) ;
#442 = LINE ( 'NONE', #288, #1055 ) ;
#443 = VECTOR ( 'NONE', #1331, 1000.000000000000000 ) ;
#444 = ORIENTED_EDGE ( 'NONE', *, *, #1210, .T. ) ;
#445 = LINE ( 'NONE', #689, #278 ) ;
#446 = ORIENTED_EDGE ( 'NONE', *, *, #1016, .T. ) ;
#447 = DIRECTION ( 'NONE',  ( 1.389704630069017130E-16, -1.000000000000000000, -0.000000000000000000 ) ) ;
#448 = VECTOR ( 'NONE', #703, 1000.000000000000000 ) ;
#449 = LINE ( 'NONE', #929, #1382 ) ;
#450 = VECTOR ( 'NONE', #1457, 1000.000000000000000 ) ;
#451 = COORDINATED_UNIVERSAL_TIME_OFFSET ( 5, 30, .AHEAD. ) ;
#452 = ORIENTED_EDGE ( 'NONE', *, *, #1439, .F. ) ;
#453 = LINE ( 'NONE', #821, #443 ) ;
#454 = ORIENTED_EDGE ( 'NONE', *, *, #1024, .T. ) ;
#455 = CARTESIAN_POINT ( 'NONE',  ( -5.599999999999939249, 55.50000000000000000, 18.00000000000000000 ) ) ;
#456 = CARTESIAN_POINT ( 'NONE',  ( -5.599999999999938360, 20.49999999999999645, -15.00000000000000000 ) ) ;
#457 = ORIENTED_EDGE ( 'NONE', *, *, #1003, .T. ) ;
#458 = CARTESIAN_POINT ( 'NONE',  ( -5.599999999999939249, 20.50000000000000000, 18.00000000000000000 ) ) ;
#459 = EDGE_CURVE ( 'NONE', #1104, #1552, #263, .T. ) ;
#460 = EDGE_CURVE ( 'NONE', #943, #169, #753, .T. ) ;
#461 = EDGE_LOOP ( 'NONE', ( #1508, #268, #95, #1228 ) ) ;
#462 = FACE_OUTER_BOUND ( 'NONE', #815, .T. ) ;
#463 = ORIENTED_EDGE ( 'NONE', *, *, #164, .T. ) ;
#464 = DIRECTION ( 'NONE',  ( 0.000000000000000000, 1.000000000000000000, 0.000000000000000000 ) ) ;
#465 = CARTESIAN_POINT ( 'NONE',  ( 3.599999999999936584, 15.51343613666569610, 17.50000000000000000 ) ) ;
#466 = ORIENTED_EDGE ( 'NONE', *, *, #1024, .F. ) ;
#467 = DIRECTION ( 'NONE',  ( -0.000000000000000000, -1.000000000000000000, -0.000000000000000000 ) ) ;
#468 = ADVANCED_FACE ( 'NONE', ( #372 ), #503, .F. ) ;
#469 = DIRECTION ( 'NONE',  ( 0.000000000000000000, 0.000000000000000000, 1.000000000000000000 ) ) ;
#470 = EDGE_LOOP ( 'NONE', ( #1143, #496, #197, #1065 ) ) ;
#471 = DIRECTION ( 'NONE',  ( -1.000000000000000000, 0.000000000000000000, -8.612350862727570134E-14 ) ) ;
#472 = ORIENTED_EDGE ( 'NONE', *, *, #45, .T. ) ;
#473 = AXIS2_PLACEMENT_3D ( 'NONE', #438, #1596, #429 ) ;
#474 = CARTESIAN_POINT ( 'NONE',  ( 0.000000000000000000, 20.50000000000000000, -23.10000000000006892 ) ) ;
#475 = DIRECTION ( 'NONE',  ( -0.000000000000000000, 0.000000000000000000, 1.000000000000000000 ) ) ;
#476 = ORIENTED_EDGE ( 'NONE', *, *, #1122, .T. ) ;
#477 = CARTESIAN_POINT ( 'NONE',  ( 0.000000000000000000, 19.00000000000000000, -17.50000000000000000 ) ) ;
#478 = DIRECTION ( 'NONE',  ( 0.000000000000000000, 1.000000000000000000, 0.000000000000000000 ) ) ;
#479 = ORIENTED_EDGE ( 'NONE', *, *, #801, .F. ) ;
#480 = AXIS2_PLACEMENT_3D ( 'NONE', #1311, #107, #839 ) ;
#481 = EDGE_CURVE ( 'NONE', #1151, #1375, #173, .T. ) ;
#482 = DIRECTION ( 'NONE',  ( 0.000000000000000000, 1.000000000000000000, 0.000000000000000000 ) ) ;
#483 = CARTESIAN_POINT ( 'NONE',  ( 19.56925219810040417, 15.51343613666569965, -23.79628019228514191 ) ) ;
#484 = FACE_OUTER_BOUND ( 'NONE', #643, .T. ) ;
#485 = CYLINDRICAL_SURFACE ( 'NONE', #897, 5.599999999999938360 ) ;
#486 = CALENDAR_DATE ( 2026, 20, 6 ) ;
#487 = LINE ( 'NONE', #1103, #1101 ) ;
#488 = VERTEX_POINT ( 'NONE', #53 ) ;
#489 = EDGE_CURVE ( 'NONE', #609, #956, #1271, .T. ) ;
#490 = LINE ( 'NONE', #1217, #887 ) ;
#491 = CIRCLE ( 'NONE', #133, 14.09999999999993570 ) ;
#492 = AXIS2_PLACEMENT_3D ( 'NONE', #1314, #1049, #678 ) ;
#493 = DIRECTION ( 'NONE',  ( 0.000000000000000000, 0.000000000000000000, -1.000000000000000000 ) ) ;
#494 = DATE_AND_TIME ( #1102, #1376 ) ;
#495 = CARTESIAN_POINT ( 'NONE',  ( -7.700000000000040146, 19.00000000000000000, -5.424953531142940612E-16 ) ) ;
#496 = ORIENTED_EDGE ( 'NONE', *, *, #647, .T. ) ;
#497 = FACE_OUTER_BOUND ( 'NONE', #764, .T. ) ;
#498 = EDGE_CURVE ( 'NONE', #1552, #932, #631, .T. ) ;
#499 = CARTESIAN_POINT ( 'NONE',  ( 5.599999999999937472, 20.49999999999999645, -18.00000000000000000 ) ) ;
#500 = LINE ( 'NONE', #483, #313 ) ;
#501 = AXIS2_PLACEMENT_3D ( 'NONE', #241, #1327, #828 ) ;
#502 = PLANE ( 'NONE',  #989 ) ;
#503 = PLANE ( 'NONE',  #415 ) ;
#504 = EDGE_CURVE ( 'NONE', #258, #1272, #527, .T. ) ;
#505 = ORIENTED_EDGE ( 'NONE', *, *, #156, .F. ) ;
#506 = AXIS2_PLACEMENT_3D ( 'NONE', #18, #1127, #1374 ) ;
#507 = VECTOR ( 'NONE', #1518, 1000.000000000000000 ) ;
#508 = CARTESIAN_POINT ( 'NONE',  ( 0.000000000000000000, 19.00000000000000000, 17.50000000000000000 ) ) ;
#509 = CARTESIAN_POINT ( 'NONE',  ( -5.577633906953804122, 20.50000000000000000, -17.99999999999998579 ) ) ;
#510 = CARTESIAN_POINT ( 'NONE',  ( 0.000000000000000000, 20.50000000000000000, 15.00000000000000000 ) ) ;
#511 = EDGE_CURVE ( 'NONE', #684, #609, #888, .T. ) ;
#512 = VERTEX_POINT ( 'NONE', #289 ) ;
#513 = PLANE ( 'NONE',  #785 ) ;
#514 = LINE ( 'NONE', #510, #90 ) ;
#515 = AXIS2_PLACEMENT_3D ( 'NONE', #1510, #1017, #150 ) ;
#516 = ORIENTED_EDGE ( 'NONE', *, *, #686, .F. ) ;
#517 = ORIENTED_EDGE ( 'NONE', *, *, #551, .F. ) ;
#518 = DIRECTION ( 'NONE',  ( 0.000000000000000000, -1.000000000000000000, 0.000000000000000000 ) ) ;
#519 = VECTOR ( 'NONE', #1360, 1000.000000000000000 ) ;
#520 = EDGE_LOOP ( 'NONE', ( #971, #827, #1279, #466 ) ) ;
#521 = PERSON ( 'UNSPECIFIED', 'UNSPECIFIED', 'UNSPECIFIED', ('UNSPECIFIED'), ('UNSPECIFIED'), ('UNSPECIFIED') ) ;
#522 = CARTESIAN_POINT ( 'NONE',  ( -2.897526449308124630E-15, 15.51343613666569787, 18.00000000000000000 ) ) ;
#523 = AXIS2_PLACEMENT_3D ( 'NONE', #262, #16, #1255 ) ;
#524 = EDGE_CURVE ( 'NONE', #1567, #833, #653, .T. ) ;
#525 = VERTEX_POINT ( 'NONE', #661 ) ;
#526 = VECTOR ( 'NONE', #1182, 1000.000000000000000 ) ;
#527 = LINE ( 'NONE', #1506, #1333 ) ;
#528 = ORIENTED_EDGE ( 'NONE', *, *, #1448, .F. ) ;
#529 = UNCERTAINTY_MEASURE_WITH_UNIT (LENGTH_MEASURE( 1.000000000000000082E-05 ), #293, 'distance_accuracy_value', 'NONE');
#530 = CARTESIAN_POINT ( 'NONE',  ( 3.599999999999936584, 19.00000000000000000, -17.50000000000000000 ) ) ;
#531 = VERTEX_POINT ( 'NONE', #1170 ) ;
#532 = DIRECTION ( 'NONE',  ( -1.389704630069017130E-16, 1.000000000000000000, 0.000000000000000000 ) ) ;
#533 = DIRECTION ( 'NONE',  ( -1.000000000000000000, -0.000000000000000000, -0.000000000000000000 ) ) ;
#534 = DIRECTION ( 'NONE',  ( 1.877458068268167797E-16, 0.000000000000000000, 1.000000000000000000 ) ) ;
#535 = ORIENTED_EDGE ( 'NONE', *, *, #183, .F. ) ;
#536 = ORIENTED_EDGE ( 'NONE', *, *, #1585, .F. ) ;
#537 = AXIS2_PLACEMENT_3D ( 'NONE', #644, #42, #294 ) ;
#538 = DIRECTION ( 'NONE',  ( 0.000000000000000000, 1.000000000000000000, 0.000000000000000000 ) ) ;
#539 = ORIENTED_EDGE ( 'NONE', *, *, #481, .F. ) ;
#540 = DIRECTION ( 'NONE',  ( 0.000000000000000000, 1.000000000000000000, 0.000000000000000000 ) ) ;
#541 = ORIENTED_EDGE ( 'NONE', *, *, #202, .F. ) ;
#542 = EDGE_CURVE ( 'NONE', #531, #203, #1039, .T. ) ;
#543 = CARTESIAN_POINT ( 'NONE',  ( 0.000000000000000000, 15.51343613666569787, -17.50000000000000000 ) ) ;
#544 = VECTOR ( 'NONE', #271, 1000.000000000000000 ) ;
#545 = CIRCLE ( 'NONE', #697, 3.599999999999970335 ) ;
#546 = ORIENTED_EDGE ( 'NONE', *, *, #524, .T. ) ;
#547 = PLANE ( 'NONE',  #280 ) ;
#548 = VECTOR ( 'NONE', #540, 1000.000000000000000 ) ;
#549 = ORIENTED_EDGE ( 'NONE', *, *, #620, .F. ) ;
#550 = CARTESIAN_POINT ( 'NONE',  ( -5.599999999999939249, 55.50000000000000000, -18.00000000000000000 ) ) ;
#551 = EDGE_CURVE ( 'NONE', #244, #525, #1018, .T. ) ;
#552 = VERTEX_POINT ( 'NONE', #1523 ) ;
#553 = DIRECTION ( 'NONE',  ( -1.000000000000000000, -1.389704630069017130E-16, 0.000000000000000000 ) ) ;
#554 = ORIENTED_EDGE ( 'NONE', *, *, #345, .F. ) ;
#555 = CARTESIAN_POINT ( 'NONE',  ( 0.000000000000000000, 19.00000000000000000, -19.50000000000000355 ) ) ;
#556 = DIRECTION ( 'NONE',  ( -0.000000000000000000, -1.000000000000000000, -0.000000000000000000 ) ) ;
#557 = CYLINDRICAL_SURFACE ( 'NONE', #480, 3.599999999999936584 ) ;
#558 = FACE_OUTER_BOUND ( 'NONE', #1070, .T. ) ;
#559 = VECTOR ( 'NONE', #1225, 1000.000000000000000 ) ;
#560 = MECHANICAL_CONTEXT ( 'NONE', #239, 'mechanical' ) ;
#561 = ORIENTED_EDGE ( 'NONE', *, *, #1439, .T. ) ;
#562 = VECTOR ( 'NONE', #756, 1000.000000000000000 ) ;
#563 = VERTEX_POINT ( 'NONE', #414 ) ;
#564 = ORIENTED_EDGE ( 'NONE', *, *, #311, .F. ) ;
#565 = CARTESIAN_POINT ( 'NONE',  ( 0.000000000000000000, 19.00000000000000000, 0.000000000000000000 ) ) ;
#566 = APPROVAL_STATUS ( 'not_yet_approved' ) ;
#567 = ORIENTED_EDGE ( 'NONE', *, *, #1403, .F. ) ;
#568 = LINE ( 'NONE', #336, #614 ) ;
#569 = VERTEX_POINT ( 'NONE', #907 ) ;
#570 = EDGE_CURVE ( 'NONE', #757, #525, #783, .T. ) ;
#571 = EDGE_CURVE ( 'NONE', #1274, #226, #935, .T. ) ;
#572 = ORIENTED_EDGE ( 'NONE', *, *, #261, .T. ) ;
#573 = CARTESIAN_POINT ( 'NONE',  ( -3.599999999999936584, 13.99999999999999822, 0.000000000000000000 ) ) ;
#574 = CIRCLE ( 'NONE', #1431, 14.09999999999996589 ) ;
#575 = LINE ( 'NONE', #1461, #269 ) ;
#576 = AXIS2_PLACEMENT_3D ( 'NONE', #351, #230, #826 ) ;
#577 = ORIENTED_EDGE ( 'NONE', *, *, #69, .F. ) ;
#578 = CARTESIAN_POINT ( 'NONE',  ( -3.599999999999936584, 15.51343613666569787, 13.63268132100208874 ) ) ;
#579 = ORIENTED_EDGE ( 'NONE', *, *, #220, .T. ) ;
#580 = CARTESIAN_POINT ( 'NONE',  ( -2.897526449308124630E-15, 15.51343613666569787, 18.00000000000000000 ) ) ;
#581 = VERTEX_POINT ( 'NONE', #690 ) ;
#582 = CARTESIAN_POINT ( 'NONE',  ( 19.56925219810040417, 19.00000000000000000, 8.106894137130931099 ) ) ;
#583 = ORIENTED_EDGE ( 'NONE', *, *, #255, .T. ) ;
#584 = DIRECTION ( 'NONE',  ( 0.000000000000000000, -1.000000000000000000, 0.000000000000000000 ) ) ;
#585 = AXIS2_PLACEMENT_3D ( 'NONE', #1479, #825, #1097 ) ;
#586 = CARTESIAN_POINT ( 'NONE',  ( 5.599999999999938360, 55.50000000000000000, 15.00000000000000000 ) ) ;
#587 = EDGE_CURVE ( 'NONE', #113, #14, #1307, .T. ) ;
#588 = DIRECTION ( 'NONE',  ( 0.000000000000000000, 1.000000000000000000, 0.000000000000000000 ) ) ;
#589 = LINE ( 'NONE', #1304, #526 ) ;
#590 = ORIENTED_EDGE ( 'NONE', *, *, #368, .T. ) ;
#591 = FACE_OUTER_BOUND ( 'NONE', #890, .T. ) ;
#592 = ADVANCED_FACE ( 'NONE', ( #221 ), #1425, .F. ) ;
#593 = VERTEX_POINT ( 'NONE', #456 ) ;
#594 = ORIENTED_EDGE ( 'NONE', *, *, #377, .F. ) ;
#595 = CC_DESIGN_APPROVAL ( #939, ( #1356 ) ) ;
#596 = DIRECTION ( 'NONE',  ( 2.891205793294679312E-16, 0.000000000000000000, -1.000000000000000000 ) ) ;
#597 = CYLINDRICAL_SURFACE ( 'NONE', #1041, 5.036784605883436683 ) ;
#598 = LINE ( 'NONE', #224, #1549 ) ;
#599 = DIRECTION ( 'NONE',  ( 1.000000000000000000, -0.000000000000000000, -1.543383232444437376E-16 ) ) ;
#600 = ORIENTED_EDGE ( 'NONE', *, *, #542, .F. ) ;
#601 = VECTOR ( 'NONE', #938, 1000.000000000000000 ) ;
#602 = EDGE_CURVE ( 'NONE', #433, #1214, #946, .T. ) ;
#603 = DIRECTION ( 'NONE',  ( 0.000000000000000000, -1.000000000000000000, 0.000000000000000000 ) ) ;
#604 = CARTESIAN_POINT ( 'NONE',  ( -5.599999999999938360, 55.50000000000000000, 15.00000000000000000 ) ) ;
#605 = CARTESIAN_POINT ( 'NONE',  ( -16.09999999999995879, 55.50000000000000000, -18.00000000000000000 ) ) ;
#606 = CARTESIAN_POINT ( 'NONE',  ( 14.56925219810040240, 19.00000000000000000, 8.106894137130931099 ) ) ;
#607 = APPROVAL_STATUS ( 'not_yet_approved' ) ;
#608 = DIRECTION ( 'NONE',  ( 0.000000000000000000, 0.000000000000000000, 1.000000000000000000 ) ) ;
#609 = VERTEX_POINT ( 'NONE', #1579 ) ;
#610 = CARTESIAN_POINT ( 'NONE',  ( 2.410753246454388416E-31, 15.51343613666569787, -23.10000000000006892 ) ) ;
#611 = VECTOR ( 'NONE', #596, 1000.000000000000000 ) ;
#612 = EDGE_CURVE ( 'NONE', #1305, #1421, #500, .T. ) ;
#613 = CARTESIAN_POINT ( 'NONE',  ( 17.56925219810040062, 13.99999999999999822, -9.275771215772826039 ) ) ;
#614 = VECTOR ( 'NONE', #100, 1000.000000000000000 ) ;
#615 = DIRECTION ( 'NONE',  ( -0.000000000000000000, -1.000000000000000000, -0.000000000000000000 ) ) ;
#616 = DIRECTION ( 'NONE',  ( -1.000000000000000000, 0.000000000000000000, 1.877458068268167797E-16 ) ) ;
#617 = ORIENTED_EDGE ( 'NONE', *, *, #1137, .T. ) ;
#618 = CARTESIAN_POINT ( 'NONE',  ( 0.000000000000000000, 20.50000000000000000, -18.00000000000000000 ) ) ;
#619 = CIRCLE ( 'NONE', #369, 2.000000000000000000 ) ;
#620 = EDGE_CURVE ( 'NONE', #1151, #1555, #367, .T. ) ;
#621 = CIRCLE ( 'NONE', #1061, 2.000000000000000000 ) ;
#622 = PLANE ( 'NONE',  #506 ) ;
#623 = VERTEX_POINT ( 'NONE', #983 ) ;
#624 = AXIS2_PLACEMENT_3D ( 'NONE', #495, #1495, #256 ) ;
#625 = AXIS2_PLACEMENT_3D ( 'NONE', #974, #238, #844 ) ;
#626 = LINE ( 'NONE', #522, #867 ) ;
#627 = DIRECTION ( 'NONE',  ( 0.000000000000000000, 1.000000000000000000, 0.000000000000000000 ) ) ;
#628 = ORIENTED_EDGE ( 'NONE', *, *, #69, .T. ) ;
#629 = PLANE ( 'NONE',  #716 ) ;
#630 = CIRCLE ( 'NONE', #1140, 5.036784605883436683 ) ;
#631 = LINE ( 'NONE', #1013, #1152 ) ;
#632 = VECTOR ( 'NONE', #804, 1000.000000000000000 ) ;
#633 = VERTEX_POINT ( 'NONE', #1367 ) ;
#634 = ADVANCED_FACE ( 'NONE', ( #1006 ), #254, .F. ) ;
#635 = DIRECTION ( 'NONE',  ( 1.000000000000000000, 0.000000000000000000, 0.000000000000000000 ) ) ;
#636 = DIRECTION ( 'NONE',  ( 0.000000000000000000, 1.000000000000000000, 0.000000000000000000 ) ) ;
#637 = CARTESIAN_POINT ( 'NONE',  ( 0.000000000000000000, 19.00000000000000000, 17.50000000000000000 ) ) ;
#638 = VECTOR ( 'NONE', #635, 1000.000000000000000 ) ;
#639 = VERTEX_POINT ( 'NONE', #1588 ) ;
#640 = AXIS2_PLACEMENT_3D ( 'NONE', #1427, #447, #1318 ) ;
#641 = LINE ( 'NONE', #1159, #933 ) ;
#642 = VERTEX_POINT ( 'NONE', #509 ) ;
#643 = EDGE_LOOP ( 'NONE', ( #223, #1198, #1390, #1032 ) ) ;
#644 = CARTESIAN_POINT ( 'NONE',  ( -7.700000000000040146, 20.50000000000000000, -5.424953531142940612E-16 ) ) ;
#645 = VECTOR ( 'NONE', #1346, 1000.000000000000000 ) ;
#646 = CC_DESIGN_DATE_AND_TIME_ASSIGNMENT ( #1362, #78, ( #1502 ) ) ;
#647 = EDGE_CURVE ( 'NONE', #773, #823, #1494, .T. ) ;
#648 = ORIENTED_EDGE ( 'NONE', *, *, #774, .T. ) ;
#649 = EDGE_CURVE ( 'NONE', #401, #932, #138, .T. ) ;
#650 = CARTESIAN_POINT ( 'NONE',  ( 0.000000000000000000, 20.50000000000000000, 18.00000000000000000 ) ) ;
#651 = FACE_OUTER_BOUND ( 'NONE', #1342, .T. ) ;
#652 = EDGE_CURVE ( 'NONE', #937, #231, #682, .T. ) ;
#653 = LINE ( 'NONE', #277, #145 ) ;
#654 = ORIENTED_EDGE ( 'NONE', *, *, #1136, .F. ) ;
#655 = CARTESIAN_POINT ( 'NONE',  ( -16.09999999999995879, 20.49999999999999645, 15.00000000000000000 ) ) ;
#656 = VECTOR ( 'NONE', #408, 1000.000000000000000 ) ;
#657 = PLANE ( 'NONE',  #13 ) ;
#658 = ORIENTED_EDGE ( 'NONE', *, *, #901, .F. ) ;
#659 = LINE ( 'NONE', #178, #330 ) ;
#660 = CYLINDRICAL_SURFACE ( 'NONE', #228, 3.599999999999936584 ) ;
#661 = CARTESIAN_POINT ( 'NONE',  ( -3.599999999999936584, 19.00000000000000000, -13.63268132100208874 ) ) ;
#662 = ADVANCED_FACE ( 'NONE', ( #382 ), #1226, .T. ) ;
#663 = ORIENTED_EDGE ( 'NONE', *, *, #511, .T. ) ;
#664 = EDGE_CURVE ( 'NONE', #512, #832, #918, .T. ) ;
#665 = CARTESIAN_POINT ( 'NONE',  ( -7.700000000000040146, 20.50000000000000000, -5.036784605883437571 ) ) ;
#666 = PRODUCT_DEFINITION_SHAPE ( 'NONE', 'NONE',  #997 ) ;
#667 = PLANE ( 'NONE',  #576 ) ;
#668 = VECTOR ( 'NONE', #22, 1000.000000000000000 ) ;
#669 = COORDINATED_UNIVERSAL_TIME_OFFSET ( 5, 30, .AHEAD. ) ;
#670 = EDGE_LOOP ( 'NONE', ( #213, #1162, #1050, #199, #769, #941, #235, #765, #348, #720, #62, #865, #978, #663, #334, #590, #476 ) ) ;
#671 = DIRECTION ( 'NONE',  ( 0.000000000000000000, 1.000000000000000000, -0.000000000000000000 ) ) ;
#672 = ORIENTED_EDGE ( 'NONE', *, *, #481, .T. ) ;
#673 = DIRECTION ( 'NONE',  ( 0.000000000000000000, 0.000000000000000000, 1.000000000000000000 ) ) ;
#674 = DIRECTION ( 'NONE',  ( -0.000000000000000000, -1.000000000000000000, -0.000000000000000000 ) ) ;
#675 = CARTESIAN_POINT ( 'NONE',  ( -16.09999999999995879, 55.50000000000000000, -18.00000000000000000 ) ) ;
#676 = COORDINATED_UNIVERSAL_TIME_OFFSET ( 5, 30, .AHEAD. ) ;
#677 = VERTEX_POINT ( 'NONE', #237 ) ;
#678 = DIRECTION ( 'NONE',  ( 0.000000000000000000, 0.000000000000000000, 1.000000000000000000 ) ) ;
#679 = ORIENTED_EDGE ( 'NONE', *, *, #388, .F. ) ;
#680 = VERTEX_POINT ( 'NONE', #729 ) ;
#681 = CARTESIAN_POINT ( 'NONE',  ( -16.09999999999995879, 15.51343613666569787, 0.000000000000000000 ) ) ;
#682 = CIRCLE ( 'NONE', #744, 2.000000000000000000 ) ;
#683 = PERSON_AND_ORGANIZATION ( #521, #1171 ) ;
#684 = VERTEX_POINT ( 'NONE', #1237 ) ;
#685 = AXIS2_PLACEMENT_3D ( 'NONE', #215, #471, #1205 ) ;
#686 = EDGE_CURVE ( 'NONE', #1074, #563, #121, .T. ) ;
#687 = FACE_OUTER_BOUND ( 'NONE', #1546, .T. ) ;
#688 = ORIENTED_EDGE ( 'NONE', *, *, #311, .T. ) ;
#689 = CARTESIAN_POINT ( 'NONE',  ( -16.09999999999995879, 55.50000000000000000, 18.00000000000000000 ) ) ;
#690 = CARTESIAN_POINT ( 'NONE',  ( -5.599999999999939249, 20.50000000000000000, -18.00000000000000000 ) ) ;
#691 = ORIENTED_EDGE ( 'NONE', *, *, #1437, .F. ) ;
#692 = CARTESIAN_POINT ( 'NONE',  ( -5.599999999999938360, 55.50000000000000000, -15.00000000000000000 ) ) ;
#693 = FACE_OUTER_BOUND ( 'NONE', #1058, .T. ) ;
#694 = ORIENTED_EDGE ( 'NONE', *, *, #1157, .T. ) ;
#695 = CIRCLE ( 'NONE', #207, 5.599999999999938360 ) ;
#696 = CARTESIAN_POINT ( 'NONE',  ( 10.61932523057085298, 13.99999999999999822, -9.275771215772781630 ) ) ;
#697 = AXIS2_PLACEMENT_3D ( 'NONE', #1447, #76, #333 ) ;
#698 = ORIENTED_EDGE ( 'NONE', *, *, #1329, .F. ) ;
#699 = LINE ( 'NONE', #580, #428 ) ;
#700 = VERTEX_POINT ( 'NONE', #1247 ) ;
#701 = CC_DESIGN_DATE_AND_TIME_ASSIGNMENT ( #1176, #234, ( #997 ) ) ;
#702 = CARTESIAN_POINT ( 'NONE',  ( 10.68183231946075118, 15.51343613666569787, 9.203719807714856316 ) ) ;
#703 = DIRECTION ( 'NONE',  ( 0.000000000000000000, 1.000000000000000000, 0.000000000000000000 ) ) ;
#704 = EDGE_CURVE ( 'NONE', #1398, #609, #130, .T. ) ;
#705 = VECTOR ( 'NONE', #719, 1000.000000000000000 ) ;
#706 = VERTEX_POINT ( 'NONE', #555 ) ;
#707 = EDGE_CURVE ( 'NONE', #1469, #1305, #906, .T. ) ;
#708 = DIRECTION ( 'NONE',  ( 0.000000000000000000, 1.000000000000000000, -0.000000000000000000 ) ) ;
#709 = ORIENTED_EDGE ( 'NONE', *, *, #1516, .F. ) ;
#710 = LINE ( 'NONE', #604, #1053 ) ;
#711 = FACE_BOUND ( 'NONE', #1357, .T. ) ;
#712 = EDGE_LOOP ( 'NONE', ( #878, #1326, #1002, #715 ) ) ;
#713 = EDGE_CURVE ( 'NONE', #190, #966, #1417, .T. ) ;
#714 = CYLINDRICAL_SURFACE ( 'NONE', #1031, 5.600000000000067146 ) ;
#715 = ORIENTED_EDGE ( 'NONE', *, *, #1254, .F. ) ;
#716 = AXIS2_PLACEMENT_3D ( 'NONE', #1259, #1004, #260 ) ;
#717 = ORIENTED_EDGE ( 'NONE', *, *, #1260, .F. ) ;
#718 = DIRECTION ( 'NONE',  ( 0.000000000000000000, 0.000000000000000000, -1.000000000000000000 ) ) ;
#719 = DIRECTION ( 'NONE',  ( 2.891205793294679312E-16, 0.000000000000000000, 1.000000000000000000 ) ) ;
#720 = ORIENTED_EDGE ( 'NONE', *, *, #570, .F. ) ;
#721 = DIRECTION ( 'NONE',  ( 0.000000000000000000, 0.000000000000000000, 1.000000000000000000 ) ) ;
#722 = EDGE_CURVE ( 'NONE', #1555, #795, #445, .T. ) ;
#723 = LINE ( 'NONE', #817, #601 ) ;
#724 = EDGE_CURVE ( 'NONE', #203, #531, #1112, .T. ) ;
#725 = ORIENTED_EDGE ( 'NONE', *, *, #1003, .F. ) ;
#726 = AXIS2_PLACEMENT_3D ( 'NONE', #286, #538, #1384 ) ;
#727 = CC_DESIGN_APPROVAL ( #1456, ( #1502 ) ) ;
#728 = DIRECTION ( 'NONE',  ( 0.000000000000000000, -1.000000000000000000, 0.000000000000000000 ) ) ;
#729 = CARTESIAN_POINT ( 'NONE',  ( 3.599999999999936584, 15.51343613666569787, -17.50000000000000000 ) ) ;
#730 = CYLINDRICAL_SURFACE ( 'NONE', #246, 2.000000000000001776 ) ;
#731 = CYLINDRICAL_SURFACE ( 'NONE', #7, 2.000000000000001776 ) ;
#732 = PERSON_AND_ORGANIZATION ( #521, #1171 ) ;
#733 = DIRECTION ( 'NONE',  ( -2.891205793294679312E-16, 0.000000000000000000, -1.000000000000000000 ) ) ;
#734 = AXIS2_PLACEMENT_3D ( 'NONE', #1243, #616, #1592 ) ;
#735 = VERTEX_POINT ( 'NONE', #1294 ) ;
#736 = VECTOR ( 'NONE', #104, 1000.000000000000000 ) ;
#737 = FACE_OUTER_BOUND ( 'NONE', #908, .T. ) ;
#738 = CARTESIAN_POINT ( 'NONE',  ( -16.09999999999995879, 17.50000000000000000, 18.00000000000000000 ) ) ;
#739 = DIRECTION ( 'NONE',  ( -1.389704630069017130E-16, 1.000000000000000000, 0.000000000000000000 ) ) ;
#740 = ORIENTED_EDGE ( 'NONE', *, *, #362, .F. ) ;
#741 = ADVANCED_FACE ( 'NONE', ( #172 ), #660, .F. ) ;
#742 = EDGE_CURVE ( 'NONE', #1398, #1219, #1402, .T. ) ;
#743 = PLANE ( 'NONE',  #300 ) ;
#744 = AXIS2_PLACEMENT_3D ( 'NONE', #1340, #229, #11 ) ;
#745 = CIRCLE ( 'NONE', #405, 5.600000000000067146 ) ;
#746 = CARTESIAN_POINT ( 'NONE',  ( 0.000000000000000000, 55.50000000000000000, 0.000000000000000000 ) ) ;
#747 = DIRECTION ( 'NONE',  ( 1.000000000000000000, 0.000000000000000000, 0.000000000000000000 ) ) ;
#748 = ORIENTED_EDGE ( 'NONE', *, *, #602, .F. ) ;
#749 = EDGE_CURVE ( 'NONE', #759, #552, #630, .T. ) ;
#750 = ORIENTED_EDGE ( 'NONE', *, *, #970, .F. ) ;
#751 = CARTESIAN_POINT ( 'NONE',  ( 14.56925219810040240, 15.51343613666569787, -8.818471051988961307 ) ) ;
#752 = CARTESIAN_POINT ( 'NONE',  ( -3.599999999999603517, 13.99999999999999822, -17.49999830211801211 ) ) ;
#753 = LINE ( 'NONE', #6, #395 ) ;
#754 = ORIENTED_EDGE ( 'NONE', *, *, #52, .T. ) ;
#755 = VECTOR ( 'NONE', #103, 1000.000000000000000 ) ;
#756 = DIRECTION ( 'NONE',  ( 0.000000000000000000, 0.000000000000000000, -1.000000000000000000 ) ) ;
#757 = VERTEX_POINT ( 'NONE', #1534 ) ;
#758 = CARTESIAN_POINT ( 'NONE',  ( -16.09999999999995879, 17.50000000000000000, -18.00000000000000000 ) ) ;
#759 = VERTEX_POINT ( 'NONE', #1051 ) ;
#760 = DIRECTION ( 'NONE',  ( 0.000000000000000000, 0.000000000000000000, -1.000000000000000000 ) ) ;
#761 = LINE ( 'NONE', #751, #71 ) ;
#762 = VECTOR ( 'NONE', #482, 1000.000000000000000 ) ;
#763 = CARTESIAN_POINT ( 'NONE',  ( 17.56925219810040417, 19.00000000000000000, -3.298553429276184719E-15 ) ) ;
#764 = EDGE_LOOP ( 'NONE', ( #972, #36, #803, #1399 ) ) ;
#765 = ORIENTED_EDGE ( 'NONE', *, *, #79, .F. ) ;
#766 = FACE_OUTER_BOUND ( 'NONE', #1500, .T. ) ;
#767 = DIRECTION ( 'NONE',  ( 0.000000000000000000, -1.000000000000000000, 0.000000000000000000 ) ) ;
#768 = AXIS2_PLACEMENT_3D ( 'NONE', #118, #603, #1594 ) ;
#769 = ORIENTED_EDGE ( 'NONE', *, *, #106, .T. ) ;
#770 = EDGE_CURVE ( 'NONE', #1321, #735, #916, .T. ) ;
#771 = LINE ( 'NONE', #1281, #448 ) ;
#772 = ORIENTED_EDGE ( 'NONE', *, *, #984, .T. ) ;
#773 = VERTEX_POINT ( 'NONE', #474 ) ;
#774 = EDGE_CURVE ( 'NONE', #1274, #932, #490, .T. ) ;
#775 = CARTESIAN_POINT ( 'NONE',  ( 0.000000000000000000, 17.50000000000000000, -18.00000000000000000 ) ) ;
#776 = VECTOR ( 'NONE', #1563, 1000.000000000000000 ) ;
#777 = ORIENTED_EDGE ( 'NONE', *, *, #380, .T. ) ;
#778 = CARTESIAN_POINT ( 'NONE',  ( -2.897526449308124630E-15, 15.51343613666569787, -18.00000000000000000 ) ) ;
#779 = LINE ( 'NONE', #1293, #232 ) ;
#780 = EDGE_CURVE ( 'NONE', #1421, #1185, #699, .T. ) ;
#781 = EDGE_CURVE ( 'NONE', #1430, #917, #814, .T. ) ;
#782 = CARTESIAN_POINT ( 'NONE',  ( 19.56925219810040417, 19.00000000000000000, 8.106894137130931099 ) ) ;
#783 = LINE ( 'NONE', #1043, #755 ) ;
#784 = CARTESIAN_POINT ( 'NONE',  ( -5.599999999999939249, 55.50000000000000000, -18.00000000000000000 ) ) ;
#785 = AXIS2_PLACEMENT_3D ( 'NONE', #861, #155, #1366 ) ;
#786 = DIRECTION ( 'NONE',  ( 0.000000000000000000, 1.000000000000000000, -0.000000000000000000 ) ) ;
#787 = ORIENTED_EDGE ( 'NONE', *, *, #1071, .F. ) ;
#788 = DIRECTION ( 'NONE',  ( 0.000000000000000000, 1.000000000000000000, 0.000000000000000000 ) ) ;
#789 = ORIENTED_EDGE ( 'NONE', *, *, #1517, .T. ) ;
#790 = DIRECTION ( 'NONE',  ( 0.000000000000000000, 1.000000000000000000, -0.000000000000000000 ) ) ;
#791 = PLANE ( 'NONE',  #142 ) ;
#792 = DIRECTION ( 'NONE',  ( 0.000000000000000000, 1.000000000000000000, 0.000000000000000000 ) ) ;
#793 = DIRECTION ( 'NONE',  ( 0.000000000000000000, 0.000000000000000000, 1.000000000000000000 ) ) ;
#794 = LOCAL_TIME ( 18, 6, 23.00000000000000000, #1195 ) ;
#795 = VERTEX_POINT ( 'NONE', #110 ) ;
#796 = DIRECTION ( 'NONE',  ( 1.000000000000000000, 0.000000000000000000, -0.000000000000000000 ) ) ;
#797 = ORIENTED_EDGE ( 'NONE', *, *, #1168, .T. ) ;
#798 = AXIS2_PLACEMENT_3D ( 'NONE', #969, #478, #469 ) ;
#799 = ORIENTED_EDGE ( 'NONE', *, *, #818, .T. ) ;
#800 = DIRECTION ( 'NONE',  ( 0.000000000000000000, 1.000000000000000000, -0.000000000000000000 ) ) ;
#801 = EDGE_CURVE ( 'NONE', #680, #190, #120, .T. ) ;
#802 = PERSON_AND_ORGANIZATION ( #521, #1171 ) ;
#803 = ORIENTED_EDGE ( 'NONE', *, *, #571, .T. ) ;
#804 = DIRECTION ( 'NONE',  ( 0.000000000000000000, -1.000000000000000000, 0.000000000000000000 ) ) ;
#805 = ORIENTED_EDGE ( 'NONE', *, *, #324, .F. ) ;
#806 = ORIENTED_EDGE ( 'NONE', *, *, #1081, .F. ) ;
#807 = CARTESIAN_POINT ( 'NONE',  ( 0.000000000000000000, 19.00000000000000000, 0.000000000000000000 ) ) ;
#808 = LINE ( 'NONE', #1073, #1486 ) ;
#809 = AXIS2_PLACEMENT_3D ( 'NONE', #247, #358, #843 ) ;
#810 = PERSON_AND_ORGANIZATION_ROLE ( 'design_owner' ) ;
#811 = ORIENTED_EDGE ( 'NONE', *, *, #511, .F. ) ;
#812 = DIRECTION ( 'NONE',  ( 0.000000000000000000, 0.000000000000000000, 1.000000000000000000 ) ) ;
#813 = VERTEX_POINT ( 'NONE', #1077 ) ;
#814 = LINE ( 'NONE', #1444, #559 ) ;
#815 = EDGE_LOOP ( 'NONE', ( #1411, #457, #1251, #165, #806, #435, #754, #1445, #148, #1454, #995, #658 ) ) ;
#816 = CARTESIAN_POINT ( 'NONE',  ( 0.000000000000000000, 17.50000000000000000, 18.00000000000000000 ) ) ;
#817 = CARTESIAN_POINT ( 'NONE',  ( -5.599999999999939249, 55.50000000000000000, -18.00000000000000000 ) ) ;
#818 = EDGE_CURVE ( 'NONE', #1557, #1, #366, .T. ) ;
#819 = ORIENTED_EDGE ( 'NONE', *, *, #1329, .T. ) ;
#820 = VECTOR ( 'NONE', #533, 1000.000000000000000 ) ;
#821 = CARTESIAN_POINT ( 'NONE',  ( 3.599999999999936584, 13.99999999999999822, 17.50000000000000000 ) ) ;
#822 = AXIS2_PLACEMENT_3D ( 'NONE', #200, #1303, #1192 ) ;
#823 = VERTEX_POINT ( 'NONE', #610 ) ;
#824 = EDGE_CURVE ( 'NONE', #1096, #642, #851, .T. ) ;
#825 = DIRECTION ( 'NONE',  ( -0.000000000000000000, -1.000000000000000000, -0.000000000000000000 ) ) ;
#826 = DIRECTION ( 'NONE',  ( 0.000000000000000000, 0.000000000000000000, 1.000000000000000000 ) ) ;
#827 = ORIENTED_EDGE ( 'NONE', *, *, #1448, .T. ) ;
#828 = DIRECTION ( 'NONE',  ( -1.000000000000000000, 0.000000000000000000, -0.000000000000000000 ) ) ;
#829 = VECTOR ( 'NONE', #1030, 1000.000000000000000 ) ;
#830 = DIRECTION ( 'NONE',  ( 1.389704630069017130E-16, -1.000000000000000000, -0.000000000000000000 ) ) ;
#831 = VECTOR ( 'NONE', #792, 1000.000000000000000 ) ;
#832 = VERTEX_POINT ( 'NONE', #1455 ) ;
#833 = VERTEX_POINT ( 'NONE', #1587 ) ;
#834 = EDGE_CURVE ( 'NONE', #488, #639, #710, .T. ) ;
#835 = ADVANCED_FACE ( 'NONE', ( #982 ), #208, .T. ) ;
#836 = DIRECTION ( 'NONE',  ( 1.000000000000000000, 0.000000000000000000, -0.000000000000000000 ) ) ;
#837 = VERTEX_POINT ( 'NONE', #1208 ) ;
#838 = CARTESIAN_POINT ( 'NONE',  ( 17.56925219810040062, 15.51343613666569965, -9.275771215772826039 ) ) ;
#839 = DIRECTION ( 'NONE',  ( 0.000000000000000000, 0.000000000000000000, 1.000000000000000000 ) ) ;
#840 = ORIENTED_EDGE ( 'NONE', *, *, #901, .T. ) ;
#841 = CIRCLE ( 'NONE', #198, 5.036784605883436683 ) ;
#842 = EDGE_CURVE ( 'NONE', #14, #404, #1497, .T. ) ;
#843 = DIRECTION ( 'NONE',  ( -2.891205793294679312E-16, 0.000000000000000000, 1.000000000000000000 ) ) ;
#844 = DIRECTION ( 'NONE',  ( 1.000000000000000000, 0.000000000000000000, -1.543383232444437376E-16 ) ) ;
#845 = DIRECTION ( 'NONE',  ( -1.000000000000000000, 0.000000000000000000, -0.000000000000000000 ) ) ;
#846 = PERSON_AND_ORGANIZATION_ROLE ( 'creator' ) ;
#847 = CARTESIAN_POINT ( 'NONE',  ( 17.56925219810040417, 15.51343613666569787, -8.818471051988961307 ) ) ;
#848 = ORIENTED_EDGE ( 'NONE', *, *, #284, .T. ) ;
#849 = APPROVAL_PERSON_ORGANIZATION ( #732, #939, #1545 ) ;
#850 = VECTOR ( 'NONE', #1436, 1000.000000000000000 ) ;
#851 = LINE ( 'NONE', #1559, #979 ) ;
#852 = DIRECTION ( 'NONE',  ( 0.000000000000000000, 0.000000000000000000, 1.000000000000000000 ) ) ;
#853 = DIRECTION ( 'NONE',  ( 0.000000000000000000, -1.000000000000000000, 0.000000000000000000 ) ) ;
#854 = APPLICATION_PROTOCOL_DEFINITION ( 'international standard', 'config_control_design', 1994, #1181 ) ;
#855 = PLANE ( 'NONE',  #734 ) ;
#856 = CIRCLE ( 'NONE', #1464, 5.599999999999938360 ) ;
#857 = EDGE_CURVE ( 'NONE', #1421, #1028, #1339, .T. ) ;
#858 = ADVANCED_FACE ( 'NONE', ( #1359 ), #331, .T. ) ;
#859 = ORIENTED_EDGE ( 'NONE', *, *, #106, .F. ) ;
#860 = DIRECTION ( 'NONE',  ( 6.240078075933507005E-15, -0.000000000000000000, 1.000000000000000000 ) ) ;
#861 = CARTESIAN_POINT ( 'NONE',  ( 5.599999999999938360, 55.50000000000000000, 15.00000000000000000 ) ) ;
#862 = DIRECTION ( 'NONE',  ( -1.000000000000000000, -0.000000000000000000, -0.000000000000000000 ) ) ;
#863 = FACE_OUTER_BOUND ( 'NONE', #1548, .T. ) ;
#864 = ORIENTED_EDGE ( 'NONE', *, *, #45, .F. ) ;
#865 = ORIENTED_EDGE ( 'NONE', *, *, #713, .T. ) ;
#866 = DIRECTION ( 'NONE',  ( 0.000000000000000000, 1.000000000000000000, 0.000000000000000000 ) ) ;
#867 = VECTOR ( 'NONE', #1148, 1000.000000000000000 ) ;
#868 = CC_DESIGN_PERSON_AND_ORGANIZATION_ASSIGNMENT ( #193, #1064, ( #1356 ) ) ;
#869 = DIRECTION ( 'NONE',  ( 0.000000000000000000, 0.000000000000000000, 1.000000000000000000 ) ) ;
#870 = CARTESIAN_POINT ( 'NONE',  ( -5.577633906953678000, 15.51343613666569787, 17.99999999999997513 ) ) ;
#871 = EDGE_CURVE ( 'NONE', #1, #1567, #944, .T. ) ;
#872 = ORIENTED_EDGE ( 'NONE', *, *, #1437, .T. ) ;
#873 = DIRECTION ( 'NONE',  ( 1.000000000000000000, 1.389704630069017130E-16, -1.543383232444437376E-16 ) ) ;
#874 = ADVANCED_FACE ( 'NONE', ( #1578 ), #1245, .F. ) ;
#875 = ORIENTED_EDGE ( 'NONE', *, *, #1564, .T. ) ;
#876 = LOCAL_TIME ( 18, 6, 23.00000000000000000, #669 ) ;
#877 = PLANE ( 'NONE',  #994 ) ;
#878 = ORIENTED_EDGE ( 'NONE', *, *, #1287, .F. ) ;
#879 = VECTOR ( 'NONE', #534, 1000.000000000000000 ) ;
#880 = CARTESIAN_POINT ( 'NONE',  ( 19.56925219810040417, 19.00000000000000000, -8.818471051988961307 ) ) ;
#881 = ADVANCED_FACE ( 'NONE', ( #737 ), #1471, .T. ) ;
#882 = ORIENTED_EDGE ( 'NONE', *, *, #1302, .T. ) ;
#883 = LINE ( 'NONE', #1273, #58 ) ;
#884 = EDGE_LOOP ( 'NONE', ( #19, #1085, #1332, #1543 ) ) ;
#885 = ORIENTED_EDGE ( 'NONE', *, *, #962, .T. ) ;
#886 = CARTESIAN_POINT ( 'NONE',  ( 0.000000000000000000, 55.50000000000000000, 0.000000000000000000 ) ) ;
#887 = VECTOR ( 'NONE', #728, 1000.000000000000000 ) ;
#888 = LINE ( 'NONE', #295, #829 ) ;
#889 = EDGE_CURVE ( 'NONE', #569, #1219, #491, .T. ) ;
#890 = EDGE_LOOP ( 'NONE', ( #748, #1286, #463, #567 ) ) ;
#891 = FACE_OUTER_BOUND ( 'NONE', #1496, .T. ) ;
#892 = ORIENTED_EDGE ( 'NONE', *, *, #1254, .T. ) ;
#893 = CARTESIAN_POINT ( 'NONE',  ( 17.56925219810040417, 13.99999999999999822, -8.818471051988961307 ) ) ;
#894 = EDGE_LOOP ( 'NONE', ( #528, #1298, #454, #1057 ) ) ;
#895 = DIRECTION ( 'NONE',  ( 0.000000000000000000, 1.000000000000000000, 0.000000000000000000 ) ) ;
#896 = DIRECTION ( 'NONE',  ( -2.891205793294679312E-16, 0.000000000000000000, -1.000000000000000000 ) ) ;
#897 = AXIS2_PLACEMENT_3D ( 'NONE', #985, #1582, #1459 ) ;
#898 = AXIS2_PLACEMENT_3D ( 'NONE', #807, #800, #55 ) ;
#899 = CARTESIAN_POINT ( 'NONE',  ( 0.000000000000000000, 17.50000000000000000, 18.00000000000000000 ) ) ;
#900 = ADVANCED_FACE ( 'NONE', ( #381 ), #629, .T. ) ;
#901 = EDGE_CURVE ( 'NONE', #677, #837, #394, .T. ) ;
#902 = EDGE_LOOP ( 'NONE', ( #1336, #1458, #187, #1139 ) ) ;
#903 = CARTESIAN_POINT ( 'NONE',  ( -16.09999999999995879, 55.50000000000000000, -15.00000000000000000 ) ) ;
#904 = VECTOR ( 'NONE', #323, 1000.000000000000000 ) ;
#905 = CIRCLE ( 'NONE', #216, 5.600000000000067146 ) ;
#906 = LINE ( 'NONE', #782, #1598 ) ;
#907 = CARTESIAN_POINT ( 'NONE',  ( 3.599999999999930811, 15.51343613666569610, -13.63268132100206742 ) ) ;
#908 = EDGE_LOOP ( 'NONE', ( #357, #546, #691, #799 ) ) ;
#909 = CARTESIAN_POINT ( 'NONE',  ( 0.000000000000000000, 19.00000000000000000, 9.203719807714863421 ) ) ;
#910 = LINE ( 'NONE', #297, #831 ) ;
#911 = FACE_OUTER_BOUND ( 'NONE', #1244, .T. ) ;
#912 =( NAMED_UNIT ( * ) SI_UNIT ( $, .STERADIAN. ) SOLID_ANGLE_UNIT ( ) );
#913 = ORIENTED_EDGE ( 'NONE', *, *, #460, .T. ) ;
#914 = DIRECTION ( 'NONE',  ( 0.000000000000000000, -1.000000000000000000, 0.000000000000000000 ) ) ;
#915 = ORIENTED_EDGE ( 'NONE', *, *, #152, .T. ) ;
#916 = LINE ( 'NONE', #954, #385 ) ;
#917 = VERTEX_POINT ( 'NONE', #1385 ) ;
#918 = CIRCLE ( 'NONE', #20, 2.000000000000001776 ) ;
#919 = DIRECTION ( 'NONE',  ( -1.000000000000000000, 0.000000000000000000, 0.000000000000000000 ) ) ;
#920 = FACE_OUTER_BOUND ( 'NONE', #352, .T. ) ;
#921 = ORIENTED_EDGE ( 'NONE', *, *, #285, .F. ) ;
#922 = CARTESIAN_POINT ( 'NONE',  ( 10.68183231946076006, 19.00000000000000000, 9.203719807714863421 ) ) ;
#923 = ORIENTED_EDGE ( 'NONE', *, *, #52, .F. ) ;
#924 = EDGE_CURVE ( 'NONE', #832, #531, #1498, .T. ) ;
#925 = CC_DESIGN_SECURITY_CLASSIFICATION ( #1502, ( #1356 ) ) ;
#926 = CARTESIAN_POINT ( 'NONE',  ( -5.577633906953678000, 17.50000000000000000, 17.99999999999997513 ) ) ;
#927 = ORIENTED_EDGE ( 'NONE', *, *, #86, .F. ) ;
#928 = CARTESIAN_POINT ( 'NONE',  ( 5.599999999999937472, 55.50000000000000000, -18.00000000000000000 ) ) ;
#929 = CARTESIAN_POINT ( 'NONE',  ( -2.897526449308124630E-15, 15.51343613666569787, -18.00000000000000000 ) ) ;
#930 = ORIENTED_EDGE ( 'NONE', *, *, #284, .F. ) ;
#931 = DIRECTION ( 'NONE',  ( 0.000000000000000000, 1.000000000000000000, 0.000000000000000000 ) ) ;
#932 = VERTEX_POINT ( 'NONE', #499 ) ;
#933 = VECTOR ( 'NONE', #39, 1000.000000000000000 ) ;
#934 = DIRECTION ( 'NONE',  ( -0.000000000000000000, -1.000000000000000000, 0.000000000000000000 ) ) ;
#935 = LINE ( 'NONE', #63, #968 ) ;
#936 = VECTOR ( 'NONE', #167, 1000.000000000000000 ) ;
#937 = VERTEX_POINT ( 'NONE', #1373 ) ;
#938 = DIRECTION ( 'NONE',  ( 0.000000000000000000, -1.000000000000000000, 0.000000000000000000 ) ) ;
#939 = APPROVAL ( #607, 'UNSPECIFIED' ) ;
#940 = PERSON_AND_ORGANIZATION ( #521, #1171 ) ;
#941 = ORIENTED_EDGE ( 'NONE', *, *, #1011, .F. ) ;
#942 = DIRECTION ( 'NONE',  ( 0.000000000000000000, 0.000000000000000000, 1.000000000000000000 ) ) ;
#943 = VERTEX_POINT ( 'NONE', #400 ) ;
#944 = LINE ( 'NONE', #586, #1191 ) ;
#945 = EDGE_CURVE ( 'NONE', #1441, #1091, #1141, .T. ) ;
#946 = LINE ( 'NONE', #926, #315 ) ;
#947 = ORIENTED_EDGE ( 'NONE', *, *, #1048, .T. ) ;
#948 = FACE_OUTER_BOUND ( 'NONE', #1044, .T. ) ;
#949 = DIRECTION ( 'NONE',  ( 0.000000000000000000, 1.000000000000000000, 0.000000000000000000 ) ) ;
#950 = EDGE_CURVE ( 'NONE', #416, #677, #761, .T. ) ;
#951 = VERTEX_POINT ( 'NONE', #1270 ) ;
#952 = PLANE ( 'NONE',  #1319 ) ;
#953 = ORIENTED_EDGE ( 'NONE', *, *, #742, .T. ) ;
#954 = CARTESIAN_POINT ( 'NONE',  ( 3.599999999999936584, 13.99999999999999822, 13.63268132100208874 ) ) ;
#955 = FACE_OUTER_BOUND ( 'NONE', #318, .T. ) ;
#956 = VERTEX_POINT ( 'NONE', #267 ) ;
#957 = CARTESIAN_POINT ( 'NONE',  ( 3.599999999999936584, 13.99999999999999822, 0.000000000000000000 ) ) ;
#958 = LINE ( 'NONE', #354, #214 ) ;
#959 = ORIENTED_EDGE ( 'NONE', *, *, #818, .F. ) ;
#960 = VECTOR ( 'NONE', #615, 1000.000000000000000 ) ;
#961 = ADVANCED_FACE ( 'NONE', ( #144 ), #24, .F. ) ;
#962 = EDGE_CURVE ( 'NONE', #773, #642, #257, .T. ) ;
#963 = VERTEX_POINT ( 'NONE', #375 ) ;
#964 = DIRECTION ( 'NONE',  ( 1.389704630069017130E-16, -1.000000000000000000, -0.000000000000000000 ) ) ;
#965 = DIRECTION ( 'NONE',  ( 0.000000000000000000, 1.000000000000000000, -0.000000000000000000 ) ) ;
#966 = VERTEX_POINT ( 'NONE', #15 ) ;
#967 = PLANE ( 'NONE',  #1328 ) ;
#968 = VECTOR ( 'NONE', #320, 1000.000000000000000 ) ;
#969 = CARTESIAN_POINT ( 'NONE',  ( 0.000000000000000000, 9.000000000000000000, 0.000000000000000000 ) ) ;
#970 = EDGE_CURVE ( 'NONE', #433, #1503, #626, .T. ) ;
#971 = ORIENTED_EDGE ( 'NONE', *, *, #652, .F. ) ;
#972 = ORIENTED_EDGE ( 'NONE', *, *, #504, .T. ) ;
#973 = DIRECTION ( 'NONE',  ( -1.000000000000000000, 0.000000000000000000, -0.000000000000000000 ) ) ;
#974 = CARTESIAN_POINT ( 'NONE',  ( 14.56925219810040240, 19.00000000000000000, 8.106894137130931099 ) ) ;
#975 = DIRECTION ( 'NONE',  ( -0.000000000000000000, -1.000000000000000000, 0.000000000000000000 ) ) ;
#976 = SHAPE_DEFINITION_REPRESENTATION ( #666, #1186 ) ;
#977 = DIRECTION ( 'NONE',  ( -1.000000000000000000, 0.000000000000000000, 0.000000000000000000 ) ) ;
#978 = ORIENTED_EDGE ( 'NONE', *, *, #1128, .F. ) ;
#979 = VECTOR ( 'NONE', #464, 1000.000000000000000 ) ;
#980 = CARTESIAN_POINT ( 'NONE',  ( 5.599999999999938360, 20.50000000000000000, -15.00000000000000000 ) ) ;
#981 = CIRCLE ( 'NONE', #492, 14.09999999999993570 ) ;
#982 = FACE_OUTER_BOUND ( 'NONE', #470, .T. ) ;
#983 = CARTESIAN_POINT ( 'NONE',  ( 17.56925219810040417, 15.51343613666569787, 9.203719807714863421 ) ) ;
#984 = EDGE_CURVE ( 'NONE', #581, #642, #252, .T. ) ;
#985 = CARTESIAN_POINT ( 'NONE',  ( 0.000000000000000000, 20.50000000000000000, 17.50000000000000000 ) ) ;
#986 = APPROVAL_DATE_TIME ( #1312, #939 ) ;
#987 = CARTESIAN_POINT ( 'NONE',  ( -3.599999999999936584, 15.51343613666569610, 17.50000000000000000 ) ) ;
#988 = ORIENTED_EDGE ( 'NONE', *, *, #1145, .T. ) ;
#989 = AXIS2_PLACEMENT_3D ( 'NONE', #957, #1487, #1100 ) ;
#990 = CARTESIAN_POINT ( 'NONE',  ( 0.000000000000000000, 20.50000000000000000, -17.50000000000000000 ) ) ;
#991 = DIRECTION ( 'NONE',  ( -0.000000000000000000, -0.000000000000000000, 1.000000000000000000 ) ) ;
#992 = CARTESIAN_POINT ( 'NONE',  ( 17.56925219810040417, 19.00000000000000000, 8.106894137130931099 ) ) ;
#993 = CARTESIAN_POINT ( 'NONE',  ( 0.000000000000000000, 13.99999999999999822, 9.203719807714863421 ) ) ;
#994 = AXIS2_PLACEMENT_3D ( 'NONE', #1355, #364, #1488 ) ;
#995 = ORIENTED_EDGE ( 'NONE', *, *, #1122, .F. ) ;
#996 = CLOSED_SHELL ( 'NONE', ( #741, #128, #1066, #961, #835, #1489, #127, #900, #21, #1490, #1250, #1365, #17, #1472, #253, #1343, #319, #1415, #1569, #387, #402, #1528, #1387, #411, #592, #1173, #147, #468, #662, #46, #1261, #858, #1462, #1010, #1000, #881, #434, #1106, #96, #1120, #874, #1323, #1509, #634, #1395, #1551 ) ) ;
#997 = PRODUCT_DEFINITION ( 'UNKNOWN', '', #1356, #1164 ) ;
#998 = CARTESIAN_POINT ( 'NONE',  ( 0.000000000000000000, 20.50000000000000000, -19.50000000000000355 ) ) ;
#999 = CARTESIAN_POINT ( 'NONE',  ( -5.599999999999933920, 20.50000000000000000, -1.619075244245001285E-15 ) ) ;
#1000 = ADVANCED_FACE ( 'NONE', ( #766 ), #513, .T. ) ;
#1001 = CARTESIAN_POINT ( 'NONE',  ( 5.577633906953804122, 20.50000000000000000, -18.00000000000000000 ) ) ;
#1002 = ORIENTED_EDGE ( 'NONE', *, *, #542, .T. ) ;
#1003 = EDGE_CURVE ( 'NONE', #309, #1272, #1124, .T. ) ;
#1004 = DIRECTION ( 'NONE',  ( -1.000000000000000000, 0.000000000000000000, 1.877458068268167797E-16 ) ) ;
#1005 = VECTOR ( 'NONE', #636, 1000.000000000000000 ) ;
#1006 = FACE_OUTER_BOUND ( 'NONE', #101, .T. ) ;
#1007 = FACE_OUTER_BOUND ( 'NONE', #265, .T. ) ;
#1008 = ORIENTED_EDGE ( 'NONE', *, *, #1210, .F. ) ;
#1009 = ORIENTED_EDGE ( 'NONE', *, *, #1527, .T. ) ;
#1010 = ADVANCED_FACE ( 'NONE', ( #389 ), #743, .F. ) ;
#1011 = EDGE_CURVE ( 'NONE', #700, #1408, #1222, .T. ) ;
#1012 = DIRECTION ( 'NONE',  ( 0.000000000000000000, 1.000000000000000000, -0.000000000000000000 ) ) ;
#1013 = CARTESIAN_POINT ( 'NONE',  ( 5.599999999999942801, 20.50000000000000000, -1.619075244245003849E-15 ) ) ;
#1014 = CARTESIAN_POINT ( 'NONE',  ( 19.56925219810040772, 20.50000000000000000, 15.00000000000000000 ) ) ;
#1015 = VERTEX_POINT ( 'NONE', #281 ) ;
#1016 = EDGE_CURVE ( 'NONE', #113, #1321, #1253, .T. ) ;
#1017 = DIRECTION ( 'NONE',  ( -0.000000000000000000, -1.000000000000000000, -0.000000000000000000 ) ) ;
#1018 = LINE ( 'NONE', #1511, #548 ) ;
#1019 = EDGE_LOOP ( 'NONE', ( #930, #1330, #1264, #479 ) ) ;
#1020 = CARTESIAN_POINT ( 'NONE',  ( -3.599999999999936584, 13.99999999999999822, 17.50000000000000000 ) ) ;
#1021 = AXIS2_PLACEMENT_3D ( 'NONE', #227, #718, #973 ) ;
#1022 = DIRECTION ( 'NONE',  ( -0.000000000000000000, -1.000000000000000000, 0.000000000000000000 ) ) ;
#1023 = AXIS2_PLACEMENT_3D ( 'NONE', #1442, #708, #942 ) ;
#1024 = EDGE_CURVE ( 'NONE', #231, #706, #27, .T. ) ;
#1025 = EDGE_LOOP ( 'NONE', ( #516, #554, #117, #1426, #1535, #1541, #698, #43 ) ) ;
#1026 = LINE ( 'NONE', #1391, #638 ) ;
#1027 = CARTESIAN_POINT ( 'NONE',  ( 19.56925219810040062, 20.49999999999999645, -15.00000000000000000 ) ) ;
#1028 = VERTEX_POINT ( 'NONE', #301 ) ;
#1029 = PRODUCT ( 'Part20^Assem6', 'Part20^Assem6', '', ( #560 ) ) ;
#1030 = DIRECTION ( 'NONE',  ( 1.000000000000000000, 0.000000000000000000, -6.240078075933507005E-15 ) ) ;
#1031 = AXIS2_PLACEMENT_3D ( 'NONE', #1590, #1220, #131 ) ;
#1032 = ORIENTED_EDGE ( 'NONE', *, *, #1406, .T. ) ;
#1033 = CARTESIAN_POINT ( 'NONE',  ( 5.577633906953673559, 20.50000000000000000, 18.00000000000000000 ) ) ;
#1034 = CARTESIAN_POINT ( 'NONE',  ( -2.103229206438086879E-16, 15.51343613666569610, 9.203719807714863421 ) ) ;
#1035 = LINE ( 'NONE', #340, #705 ) ;
#1036 = CYLINDRICAL_SURFACE ( 'NONE', #726, 14.09999999999996589 ) ;
#1037 = ORIENTED_EDGE ( 'NONE', *, *, #380, .F. ) ;
#1038 = DIRECTION ( 'NONE',  ( -1.389704630069017130E-16, 1.000000000000000000, 0.000000000000000000 ) ) ;
#1039 = CIRCLE ( 'NONE', #1263, 2.000000000000001776 ) ;
#1040 = ORIENTED_EDGE ( 'NONE', *, *, #1083, .T. ) ;
#1041 = AXIS2_PLACEMENT_3D ( 'NONE', #1165, #1526, #57 ) ;
#1042 = CARTESIAN_POINT ( 'NONE',  ( -7.700000000000040146, 20.50000000000000000, -5.424953531142940612E-16 ) ) ;
#1043 = CARTESIAN_POINT ( 'NONE',  ( -3.600000000001110756, 19.00000000000000000, -3.100446310582881777E-13 ) ) ;
#1044 = EDGE_LOOP ( 'NONE', ( #217, #1491, #797, #1533 ) ) ;
#1045 = LINE ( 'NONE', #909, #209 ) ;
#1046 = CARTESIAN_POINT ( 'NONE',  ( -16.09999999999995879, 55.50000000000000000, 15.00000000000000000 ) ) ;
#1047 = ORIENTED_EDGE ( 'NONE', *, *, #571, .F. ) ;
#1048 = EDGE_CURVE ( 'NONE', #1015, #401, #659, .T. ) ;
#1049 = DIRECTION ( 'NONE',  ( 0.000000000000000000, 1.000000000000000000, -0.000000000000000000 ) ) ;
#1050 = ORIENTED_EDGE ( 'NONE', *, *, #1302, .F. ) ;
#1051 = CARTESIAN_POINT ( 'NONE',  ( -7.700000000000040146, 20.50000000000000000, -5.036784605883437571 ) ) ;
#1052 = ORIENTED_EDGE ( 'NONE', *, *, #587, .T. ) ;
#1053 = VECTOR ( 'NONE', #1351, 1000.000000000000000 ) ;
#1054 = DIRECTION ( 'NONE',  ( 0.000000000000000000, 0.000000000000000000, -1.000000000000000000 ) ) ;
#1055 = VECTOR ( 'NONE', #432, 1000.000000000000000 ) ;
#1056 = LINE ( 'NONE', #314, #645 ) ;
#1057 = ORIENTED_EDGE ( 'NONE', *, *, #243, .T. ) ;
#1058 = EDGE_LOOP ( 'NONE', ( #1138, #1267, #1350, #1094 ) ) ;
#1059 = ORIENTED_EDGE ( 'NONE', *, *, #220, .F. ) ;
#1060 = DIRECTION ( 'NONE',  ( 0.000000000000000000, 1.000000000000000000, -0.000000000000000000 ) ) ;
#1061 = AXIS2_PLACEMENT_3D ( 'NONE', #322, #1072, #1562 ) ;
#1062 = DIRECTION ( 'NONE',  ( -0.000000000000000000, -1.000000000000000000, 0.000000000000000000 ) ) ;
#1063 = AXIS2_PLACEMENT_3D ( 'NONE', #573, #919, #191 ) ;
#1064 = PERSON_AND_ORGANIZATION_ROLE ( 'design_supplier' ) ;
#1065 = ORIENTED_EDGE ( 'NONE', *, *, #824, .T. ) ;
#1066 = ADVANCED_FACE ( 'NONE', ( #651 ), #1178, .F. ) ;
#1067 = DIRECTION ( 'NONE',  ( 0.000000000000000000, 1.000000000000000000, 0.000000000000000000 ) ) ;
#1068 = VECTOR ( 'NONE', #1213, 1000.000000000000000 ) ;
#1069 = CARTESIAN_POINT ( 'NONE',  ( 3.599999999999936584, 19.00000000000000000, -0.000000000000000000 ) ) ;
#1070 = EDGE_LOOP ( 'NONE', ( #397, #444, #1576, #1037 ) ) ;
#1071 = EDGE_CURVE ( 'NONE', #1305, #951, #442, .T. ) ;
#1072 = DIRECTION ( 'NONE',  ( -0.000000000000000000, -1.000000000000000000, 0.000000000000000000 ) ) ;
#1073 = CARTESIAN_POINT ( 'NONE',  ( -7.700000000000039257, 20.50000000000000000, 5.036784605883435795 ) ) ;
#1074 = VERTEX_POINT ( 'NONE', #1167 ) ;
#1075 = CARTESIAN_POINT ( 'NONE',  ( 5.599999999999938360, 55.50000000000000000, -15.00000000000000000 ) ) ;
#1076 = ORIENTED_EDGE ( 'NONE', *, *, #335, .T. ) ;
#1077 = CARTESIAN_POINT ( 'NONE',  ( 2.449293598294706414E-16, 19.00000000000000000, -15.50000000000000178 ) ) ;
#1078 = DIRECTION ( 'NONE',  ( 1.000000000000000000, 0.000000000000000000, 0.000000000000000000 ) ) ;
#1079 = ORIENTED_EDGE ( 'NONE', *, *, #1413, .F. ) ;
#1080 = LINE ( 'NONE', #97, #960 ) ;
#1081 = EDGE_CURVE ( 'NONE', #169, #1104, #779, .T. ) ;
#1082 = CARTESIAN_POINT ( 'NONE',  ( -3.599999999999936584, 15.51343613666569610, -13.63268132100208874 ) ) ;
#1083 = EDGE_CURVE ( 'NONE', #1223, #180, #1422, .T. ) ;
#1084 = AXIS2_PLACEMENT_3D ( 'NONE', #1473, #360, #869 ) ;
#1085 = ORIENTED_EDGE ( 'NONE', *, *, #163, .T. ) ;
#1086 = DIRECTION ( 'NONE',  ( 1.543383232444437376E-16, 0.000000000000000000, 1.000000000000000000 ) ) ;
#1087 = ORIENTED_EDGE ( 'NONE', *, *, #1517, .F. ) ;
#1088 = DIRECTION ( 'NONE',  ( 0.000000000000000000, -1.000000000000000000, 0.000000000000000000 ) ) ;
#1089 = DIRECTION ( 'NONE',  ( -1.000000000000000000, 0.000000000000000000, 0.000000000000000000 ) ) ;
#1090 = PLANE ( 'NONE',  #1131 ) ;
#1091 = VERTEX_POINT ( 'NONE', #922 ) ;
#1092 = LINE ( 'NONE', #606, #240 ) ;
#1093 = DIRECTION ( 'NONE',  ( -1.000000000000000000, -1.389704630069017130E-16, 0.000000000000000000 ) ) ;
#1094 = ORIENTED_EDGE ( 'NONE', *, *, #1291, .T. ) ;
#1095 = LOCAL_TIME ( 18, 6, 23.00000000000000000, #1345 ) ;
#1096 = VERTEX_POINT ( 'NONE', #1154 ) ;
#1097 = DIRECTION ( 'NONE',  ( 0.000000000000000000, 0.000000000000000000, -1.000000000000000000 ) ) ;
#1098 = CARTESIAN_POINT ( 'NONE',  ( -16.09999999999995879, 55.50000000000000000, 18.00000000000000000 ) ) ;
#1099 = FACE_OUTER_BOUND ( 'NONE', #520, .T. ) ;
#1100 = DIRECTION ( 'NONE',  ( 0.000000000000000000, 0.000000000000000000, 1.000000000000000000 ) ) ;
#1101 = VECTOR ( 'NONE', #599, 1000.000000000000000 ) ;
#1102 = CALENDAR_DATE ( 2026, 20, 6 ) ;
#1103 = CARTESIAN_POINT ( 'NONE',  ( 14.56925219810040240, 19.00000000000000000, -8.818471051988961307 ) ) ;
#1104 = VERTEX_POINT ( 'NONE', #1027 ) ;
#1105 = PLANE ( 'NONE',  #1424 ) ;
#1106 = ADVANCED_FACE ( 'NONE', ( #171 ), #1515, .F. ) ;
#1107 = DIRECTION ( 'NONE',  ( 0.000000000000000000, 0.000000000000000000, 1.000000000000000000 ) ) ;
#1108 = FACE_OUTER_BOUND ( 'NONE', #189, .T. ) ;
#1109 = CALENDAR_DATE ( 2026, 20, 6 ) ;
#1110 = DIRECTION ( 'NONE',  ( 0.000000000000000000, 1.000000000000000000, -0.000000000000000000 ) ) ;
#1111 = ORIENTED_EDGE ( 'NONE', *, *, #3, .F. ) ;
#1112 = CIRCLE ( 'NONE', #151, 2.000000000000001776 ) ;
#1113 = EDGE_CURVE ( 'NONE', #563, #1276, #50, .T. ) ;
#1114 = DIRECTION ( 'NONE',  ( 1.000000000000000000, 0.000000000000000000, -6.240078075933507005E-15 ) ) ;
#1115 = VECTOR ( 'NONE', #584, 1000.000000000000000 ) ;
#1116 = DIRECTION ( 'NONE',  ( 1.000000000000000000, 0.000000000000000000, 0.000000000000000000 ) ) ;
#1117 = CARTESIAN_POINT ( 'NONE',  ( -16.09999999999995879, 15.51343613666569610, 18.00000000000000000 ) ) ;
#1118 = DIRECTION ( 'NONE',  ( 0.000000000000000000, 0.000000000000000000, 1.000000000000000000 ) ) ;
#1119 = CC_DESIGN_PERSON_AND_ORGANIZATION_ASSIGNMENT ( #683, #1481, ( #1502 ) ) ;
#1120 = ADVANCED_FACE ( 'NONE', ( #35 ), #547, .F. ) ;
#1121 = ORIENTED_EDGE ( 'NONE', *, *, #243, .F. ) ;
#1122 = EDGE_CURVE ( 'NONE', #837, #1469, #1407, .T. ) ;
#1123 = AXIS2_PLACEMENT_3D ( 'NONE', #565, #1060, #1553 ) ;
#1124 = LINE ( 'NONE', #1133, #1005 ) ;
#1125 = CARTESIAN_POINT ( 'NONE',  ( 0.000000000000000000, 20.50000000000000000, -23.10000000000006892 ) ) ;
#1126 = LINE ( 'NONE', #999, #544 ) ;
#1127 = DIRECTION ( 'NONE',  ( 0.000000000000000000, -1.000000000000000000, 0.000000000000000000 ) ) ;
#1128 = EDGE_CURVE ( 'NONE', #684, #966, #981, .T. ) ;
#1129 = CIRCLE ( 'NONE', #1586, 5.600000000000067146 ) ;
#1130 = ORIENTED_EDGE ( 'NONE', *, *, #1584, .F. ) ;
#1131 = AXIS2_PLACEMENT_3D ( 'NONE', #1580, #965, #1341 ) ;
#1132 = LINE ( 'NONE', #406, #668 ) ;
#1133 = CARTESIAN_POINT ( 'NONE',  ( 19.56925219810040062, 17.50000000000000000, -18.00000000000000000 ) ) ;
#1134 = CARTESIAN_POINT ( 'NONE',  ( 0.000000000000000000, 20.50000000000000000, -18.00000000000000000 ) ) ;
#1135 = LINE ( 'NONE', #116, #185 ) ;
#1136 = EDGE_CURVE ( 'NONE', #823, #1096, #745, .T. ) ;
#1137 = EDGE_CURVE ( 'NONE', #623, #951, #1532, .T. ) ;
#1138 = ORIENTED_EDGE ( 'NONE', *, *, #1083, .F. ) ;
#1139 = ORIENTED_EDGE ( 'NONE', *, *, #1209, .T. ) ;
#1140 = AXIS2_PLACEMENT_3D ( 'NONE', #1042, #790, #673 ) ;
#1141 = LINE ( 'NONE', #1493, #1446 ) ;
#1142 = CIRCLE ( 'NONE', #1394, 3.599999999999936584 ) ;
#1143 = ORIENTED_EDGE ( 'NONE', *, *, #962, .F. ) ;
#1144 = CARTESIAN_POINT ( 'NONE',  ( -5.599999999999939249, 55.50000000000000000, 18.00000000000000000 ) ) ;
#1145 = EDGE_CURVE ( 'NONE', #963, #700, #1142, .T. ) ;
#1146 = ORIENTED_EDGE ( 'NONE', *, *, #647, .F. ) ;
#1147 = LINE ( 'NONE', #1519, #179 ) ;
#1148 = DIRECTION ( 'NONE',  ( -1.000000000000000000, -1.389704630069017130E-16, 0.000000000000000000 ) ) ;
#1149 = DIRECTION ( 'NONE',  ( 0.000000000000000000, 0.000000000000000000, 1.000000000000000000 ) ) ;
#1150 = EDGE_LOOP ( 'NONE', ( #672, #194, #425, #1177 ) ) ;
#1151 = VERTEX_POINT ( 'NONE', #307 ) ;
#1152 = VECTOR ( 'NONE', #896, 1000.000000000000000 ) ;
#1153 = VECTOR ( 'NONE', #1525, 1000.000000000000000 ) ;
#1154 = CARTESIAN_POINT ( 'NONE',  ( -5.577633906953804122, 15.51343613666569787, -17.99999999999998579 ) ) ;
#1155 = EDGE_CURVE ( 'NONE', #404, #963, #70, .T. ) ;
#1156 = ORIENTED_EDGE ( 'NONE', *, *, #824, .F. ) ;
#1157 = EDGE_CURVE ( 'NONE', #956, #416, #1432, .T. ) ;
#1158 = DIRECTION ( 'NONE',  ( -2.891205793294679312E-16, 0.000000000000000000, 1.000000000000000000 ) ) ;
#1159 = CARTESIAN_POINT ( 'NONE',  ( -5.599999999999939249, 55.50000000000000000, 18.00000000000000000 ) ) ;
#1160 = ORIENTED_EDGE ( 'NONE', *, *, #945, .T. ) ;
#1161 = VECTOR ( 'NONE', #74, 1000.000000000000000 ) ;
#1162 = ORIENTED_EDGE ( 'NONE', *, *, #781, .T. ) ;
#1163 = DIRECTION ( 'NONE',  ( 1.000000000000000000, 0.000000000000000000, 0.000000000000000000 ) ) ;
#1164 = DESIGN_CONTEXT ( 'detailed design', #1181, 'design' ) ;
#1165 = CARTESIAN_POINT ( 'NONE',  ( -7.700000000000040146, 20.50000000000000000, -5.424953531142940612E-16 ) ) ;
#1166 = ORIENTED_EDGE ( 'NONE', *, *, #1011, .T. ) ;
#1167 = CARTESIAN_POINT ( 'NONE',  ( -16.09999999999995879, 55.50000000000000000, -18.00000000000000000 ) ) ;
#1168 = EDGE_CURVE ( 'NONE', #1219, #684, #1401, .T. ) ;
#1169 = CARTESIAN_POINT ( 'NONE',  ( -5.809185952156222359E-14, 15.51343613666569610, -9.275771215772715905 ) ) ;
#1170 = CARTESIAN_POINT ( 'NONE',  ( 2.449293598294703949E-16, 19.00000000000000000, 19.50000000000000355 ) ) ;
#1171 = ORGANIZATION ( 'UNSPECIFIED', 'UNSPECIFIED', '' ) ;
#1172 = CARTESIAN_POINT ( 'NONE',  ( -7.700000000000040146, 19.00000000000000000, -5.036784605883437571 ) ) ;
#1173 = ADVANCED_FACE ( 'NONE', ( #687 ), #1577, .F. ) ;
#1174 = LINE ( 'NONE', #1034, #1530 ) ;
#1175 = CARTESIAN_POINT ( 'NONE',  ( -16.09999999999995879, 15.51343613666569610, -18.00000000000000000 ) ) ;
#1176 = DATE_AND_TIME ( #1109, #876 ) ;
#1177 = ORIENTED_EDGE ( 'NONE', *, *, #183, .T. ) ;
#1178 = CYLINDRICAL_SURFACE ( 'NONE', #537, 5.036784605883436683 ) ;
#1179 = ORIENTED_EDGE ( 'NONE', *, *, #441, .T. ) ;
#1180 = CYLINDRICAL_SURFACE ( 'NONE', #9, 2.000000000000000000 ) ;
#1181 = APPLICATION_CONTEXT ( 'configuration controlled 3d designs of mechanical parts and assemblies' ) ;
#1182 = DIRECTION ( 'NONE',  ( 0.000000000000000000, 0.000000000000000000, 1.000000000000000000 ) ) ;
#1183 = EDGE_CURVE ( 'NONE', #593, #1276, #195, .T. ) ;
#1184 = APPROVAL_DATE_TIME ( #494, #413 ) ;
#1185 = VERTEX_POINT ( 'NONE', #1566 ) ;
#1186 = ADVANCED_BREP_SHAPE_REPRESENTATION ( 'Part20^Assem6', ( #1265, #473 ), #1460 ) ;
#1187 = CARTESIAN_POINT ( 'NONE',  ( 19.56925219810040417, 19.00000000000000000, 8.106894137130931099 ) ) ;
#1188 = EDGE_LOOP ( 'NONE', ( #872, #1396, #1379, #1470, #1313, #789 ) ) ;
#1189 = DIRECTION ( 'NONE',  ( 0.000000000000000000, -1.000000000000000000, 0.000000000000000000 ) ) ;
#1190 = EDGE_LOOP ( 'NONE', ( #64, #600 ) ) ;
#1191 = VECTOR ( 'NONE', #1088, 1000.000000000000000 ) ;
#1192 = DIRECTION ( 'NONE',  ( 0.000000000000000000, 0.000000000000000000, 1.000000000000000000 ) ) ;
#1193 = VECTOR ( 'NONE', #788, 1000.000000000000000 ) ;
#1194 = DIRECTION ( 'NONE',  ( 0.000000000000000000, 0.000000000000000000, 1.000000000000000000 ) ) ;
#1195 = COORDINATED_UNIVERSAL_TIME_OFFSET ( 5, 30, .AHEAD. ) ;
#1196 = ORIENTED_EDGE ( 'NONE', *, *, #1575, .F. ) ;
#1197 = DIRECTION ( 'NONE',  ( -1.000000000000000000, 0.000000000000000000, 0.000000000000000000 ) ) ;
#1198 = ORIENTED_EDGE ( 'NONE', *, *, #1071, .T. ) ;
#1199 = DIRECTION ( 'NONE',  ( 0.000000000000000000, 0.000000000000000000, 1.000000000000000000 ) ) ;
#1200 = CARTESIAN_POINT ( 'NONE',  ( 0.000000000000000000, 15.51343613666569610, 17.50000000000000000 ) ) ;
#1201 = ORIENTED_EDGE ( 'NONE', *, *, #570, .T. ) ;
#1202 = PLANE ( 'NONE',  #341 ) ;
#1203 = DIRECTION ( 'NONE',  ( 1.000000000000000000, 0.000000000000000000, 0.000000000000000000 ) ) ;
#1204 = ORIENTED_EDGE ( 'NONE', *, *, #489, .F. ) ;
#1205 = DIRECTION ( 'NONE',  ( -8.612350862727570134E-14, 0.000000000000000000, 1.000000000000000000 ) ) ;
#1206 = ORIENTED_EDGE ( 'NONE', *, *, #1287, .T. ) ;
#1207 = AXIS2_PLACEMENT_3D ( 'NONE', #242, #125, #608 ) ;
#1208 = CARTESIAN_POINT ( 'NONE',  ( 19.56925219810040417, 19.00000000000000000, -8.818471051988961307 ) ) ;
#1209 = EDGE_CURVE ( 'NONE', #190, #757, #1542, .T. ) ;
#1210 = EDGE_CURVE ( 'NONE', #552, #759, #841, .T. ) ;
#1211 = ORIENTED_EDGE ( 'NONE', *, *, #770, .F. ) ;
#1212 = CARTESIAN_POINT ( 'NONE',  ( 3.599999999999936584, 19.00000000000000000, 17.50000000000000000 ) ) ;
#1213 = DIRECTION ( 'NONE',  ( 0.000000000000000000, -1.000000000000000000, 0.000000000000000000 ) ) ;
#1214 = VERTEX_POINT ( 'NONE', #1324 ) ;
#1215 = LINE ( 'NONE', #1075, #1115 ) ;
#1216 = ORIENTED_EDGE ( 'NONE', *, *, #156, .T. ) ;
#1217 = CARTESIAN_POINT ( 'NONE',  ( 5.599999999999937472, 55.50000000000000000, -18.00000000000000000 ) ) ;
#1218 = FACE_BOUND ( 'NONE', #1369, .T. ) ;
#1219 = VERTEX_POINT ( 'NONE', #204 ) ;
#1220 = DIRECTION ( 'NONE',  ( -0.000000000000000000, -1.000000000000000000, -0.000000000000000000 ) ) ;
#1221 = FACE_OUTER_BOUND ( 'NONE', #1583, .T. ) ;
#1222 = CIRCLE ( 'NONE', #1416, 3.599999999999936584 ) ;
#1223 = VERTEX_POINT ( 'NONE', #578 ) ;
#1224 = ORIENTED_EDGE ( 'NONE', *, *, #842, .T. ) ;
#1225 = DIRECTION ( 'NONE',  ( 1.877458068268167797E-16, 0.000000000000000000, 1.000000000000000000 ) ) ;
#1226 = PLANE ( 'NONE',  #1084 ) ;
#1227 = DIRECTION ( 'NONE',  ( -1.000000000000000000, -1.389704630069017130E-16, 0.000000000000000000 ) ) ;
#1228 = ORIENTED_EDGE ( 'NONE', *, *, #1113, .T. ) ;
#1229 = CARTESIAN_POINT ( 'NONE',  ( 19.56925219810040062, 15.51343613666570143, 18.00000000000000000 ) ) ;
#1230 = SECURITY_CLASSIFICATION_LEVEL ( 'unclassified' ) ;
#1231 = CARTESIAN_POINT ( 'NONE',  ( 19.56925219810040062, 55.50000000000000000, -15.00000000000000000 ) ) ;
#1232 = EDGE_CURVE ( 'NONE', #226, #1552, #1215, .T. ) ;
#1233 = EDGE_LOOP ( 'NONE', ( #1052, #1539, #1166, #717 ) ) ;
#1234 = LOCAL_TIME ( 18, 6, 23.00000000000000000, #451 ) ;
#1235 = PLANE ( 'NONE',  #768 ) ;
#1236 = CARTESIAN_POINT ( 'NONE',  ( 3.599999999999936584, 13.99999999999999822, -17.50000000000000000 ) ) ;
#1237 = CARTESIAN_POINT ( 'NONE',  ( 10.61932523057085298, 19.00000000000000000, -9.275771215772781630 ) ) ;
#1238 = CARTESIAN_POINT ( 'NONE',  ( 0.000000000000000000, 20.50000000000000000, 18.00000000000000000 ) ) ;
#1239 = VECTOR ( 'NONE', #862, 1000.000000000000000 ) ;
#1240 = CYLINDRICAL_SURFACE ( 'NONE', #1278, 14.09999999999993570 ) ;
#1241 = AXIS2_PLACEMENT_3D ( 'NONE', #1301, #181, #1560 ) ;
#1242 = CALENDAR_DATE ( 2026, 20, 6 ) ;
#1243 = CARTESIAN_POINT ( 'NONE',  ( 17.56925219810040417, 13.99999999999999822, -3.298553429276184719E-15 ) ) ;
#1244 = EDGE_LOOP ( 'NONE', ( #1285, #1079, #750, #99, #1467, #539 ) ) ;
#1245 = PLANE ( 'NONE',  #1021 ) ;
#1246 = CC_DESIGN_PERSON_AND_ORGANIZATION_ASSIGNMENT ( #186, #810, ( #1029 ) ) ;
#1247 = CARTESIAN_POINT ( 'NONE',  ( 0.000000000000000000, 19.00000000000000000, 21.09999999999993747 ) ) ;
#1248 = CARTESIAN_POINT ( 'NONE',  ( 0.000000000000000000, 20.50000000000000000, -17.50000000000000000 ) ) ;
#1249 = CARTESIAN_POINT ( 'NONE',  ( 0.000000000000000000, 20.50000000000000000, -17.50000000000000000 ) ) ;
#1250 = ADVANCED_FACE ( 'NONE', ( #462 ), #952, .F. ) ;
#1251 = ORIENTED_EDGE ( 'NONE', *, *, #504, .F. ) ;
#1252 = VECTOR ( 'NONE', #931, 1000.000000000000000 ) ;
#1253 = LINE ( 'NONE', #137, #562 ) ;
#1254 = EDGE_CURVE ( 'NONE', #512, #203, #568, .T. ) ;
#1255 = DIRECTION ( 'NONE',  ( -2.891205793294679312E-16, 0.000000000000000000, -1.000000000000000000 ) ) ;
#1256 = CARTESIAN_POINT ( 'NONE',  ( -5.599999999999939249, 55.50000000000000000, -18.00000000000000000 ) ) ;
#1257 = ORIENTED_EDGE ( 'NONE', *, *, #498, .F. ) ;
#1258 = CIRCLE ( 'NONE', #1123, 14.09999999999996589 ) ;
#1259 = CARTESIAN_POINT ( 'NONE',  ( 17.56925219810040417, 13.99999999999999822, -3.298553429276184719E-15 ) ) ;
#1260 = EDGE_CURVE ( 'NONE', #113, #1408, #453, .T. ) ;
#1261 = ADVANCED_FACE ( 'NONE', ( #304 ), #791, .T. ) ;
#1262 = CARTESIAN_POINT ( 'NONE',  ( 14.56925219810040240, 19.00000000000000000, -8.818471051988961307 ) ) ;
#1263 = AXIS2_PLACEMENT_3D ( 'NONE', #637, #1022, #1149 ) ;
#1264 = ORIENTED_EDGE ( 'NONE', *, *, #713, .F. ) ;
#1265 = MANIFOLD_SOLID_BREP ( 'Mirror1', #996 ) ;
#1266 = DIRECTION ( 'NONE',  ( 1.389704630069017130E-16, -1.000000000000000000, -0.000000000000000000 ) ) ;
#1267 = ORIENTED_EDGE ( 'NONE', *, *, #1322, .T. ) ;
#1268 = ORIENTED_EDGE ( 'NONE', *, *, #38, .F. ) ;
#1269 = CARTESIAN_POINT ( 'NONE',  ( -16.09999999999995879, 55.50000000000000000, 15.00000000000000000 ) ) ;
#1270 = CARTESIAN_POINT ( 'NONE',  ( 17.56925219810040417, 15.51343613666569965, 8.106894137130931099 ) ) ;
#1271 = LINE ( 'NONE', #763, #879 ) ;
#1272 = VERTEX_POINT ( 'NONE', #166 ) ;
#1273 = CARTESIAN_POINT ( 'NONE',  ( 19.56925219810040062, 55.50000000000000000, -15.00000000000000000 ) ) ;
#1274 = VERTEX_POINT ( 'NONE', #928 ) ;
#1275 = EDGE_CURVE ( 'NONE', #633, #680, #545, .T. ) ;
#1276 = VERTEX_POINT ( 'NONE', #312 ) ;
#1277 = DIRECTION ( 'NONE',  ( -1.000000000000000000, -1.230300337572209302E-16, 0.000000000000000000 ) ) ;
#1278 = AXIS2_PLACEMENT_3D ( 'NONE', #1354, #353, #721 ) ;
#1279 = ORIENTED_EDGE ( 'NONE', *, *, #1504, .T. ) ;
#1280 = VERTEX_POINT ( 'NONE', #655 ) ;
#1281 = CARTESIAN_POINT ( 'NONE',  ( 3.599999999999936584, 13.99999999999999822, -13.63268132100208874 ) ) ;
#1282 = ORIENTED_EDGE ( 'NONE', *, *, #664, .T. ) ;
#1283 = AXIS2_PLACEMENT_3D ( 'NONE', #1544, #1062, #1194 ) ;
#1284 = VECTOR ( 'NONE', #305, 1000.000000000000000 ) ;
#1285 = ORIENTED_EDGE ( 'NONE', *, *, #620, .T. ) ;
#1286 = ORIENTED_EDGE ( 'NONE', *, *, #377, .T. ) ;
#1287 = EDGE_CURVE ( 'NONE', #832, #512, #1522, .T. ) ;
#1288 = DIRECTION ( 'NONE',  ( 0.000000000000000000, 0.000000000000000000, -1.000000000000000000 ) ) ;
#1289 = VERTEX_POINT ( 'NONE', #1172 ) ;
#1290 = LINE ( 'NONE', #1537, #507 ) ;
#1291 = EDGE_CURVE ( 'NONE', #525, #180, #287, .T. ) ;
#1292 = ORIENTED_EDGE ( 'NONE', *, *, #924, .F. ) ;
#1293 = CARTESIAN_POINT ( 'NONE',  ( 19.56925219810040417, 20.50000000000000000, -3.020285571402461003E-15 ) ) ;
#1294 = CARTESIAN_POINT ( 'NONE',  ( 3.599999999999936584, 19.00000000000000000, 13.63268132100208874 ) ) ;
#1295 = ORIENTED_EDGE ( 'NONE', *, *, #423, .T. ) ;
#1296 = CARTESIAN_POINT ( 'NONE',  ( 19.56925219810040417, 15.51343613666569965, 8.106894137130927547 ) ) ;
#1297 = LINE ( 'NONE', #168, #450 ) ;
#1298 = ORIENTED_EDGE ( 'NONE', *, *, #1372, .F. ) ;
#1299 = DIRECTION ( 'NONE',  ( -0.000000000000000000, -0.000000000000000000, 1.000000000000000000 ) ) ;
#1300 = ORIENTED_EDGE ( 'NONE', *, *, #1155, .T. ) ;
#1301 = CARTESIAN_POINT ( 'NONE',  ( 0.000000000000000000, 13.99999999999999822, -17.50000000000000000 ) ) ;
#1302 = EDGE_CURVE ( 'NONE', #1091, #917, #1045, .T. ) ;
#1303 = DIRECTION ( 'NONE',  ( -0.000000000000000000, -1.000000000000000000, 0.000000000000000000 ) ) ;
#1304 = CARTESIAN_POINT ( 'NONE',  ( 3.599999999999936584, 19.00000000000000000, -0.000000000000000000 ) ) ;
#1305 = VERTEX_POINT ( 'NONE', #1296 ) ;
#1306 = DIRECTION ( 'NONE',  ( -0.000000000000000000, -1.000000000000000000, -0.000000000000000000 ) ) ;
#1307 = CIRCLE ( 'NONE', #119, 3.599999999999936584 ) ;
#1308 = EDGE_LOOP ( 'NONE', ( #694, #274, #840, #25 ) ) ;
#1309 = VERTEX_POINT ( 'NONE', #692 ) ;
#1310 = DIRECTION ( 'NONE',  ( -0.000000000000000000, 0.000000000000000000, 1.000000000000000000 ) ) ;
#1311 = CARTESIAN_POINT ( 'NONE',  ( 0.000000000000000000, 13.99999999999999822, 17.50000000000000000 ) ) ;
#1312 = DATE_AND_TIME ( #1242, #1095 ) ;
#1313 = ORIENTED_EDGE ( 'NONE', *, *, #857, .T. ) ;
#1314 = CARTESIAN_POINT ( 'NONE',  ( 0.000000000000000000, 19.00000000000000000, 0.000000000000000000 ) ) ;
#1315 = VERTEX_POINT ( 'NONE', #1033 ) ;
#1316 = ORIENTED_EDGE ( 'NONE', *, *, #1048, .F. ) ;
#1317 = VECTOR ( 'NONE', #349, 1000.000000000000000 ) ;
#1318 = DIRECTION ( 'NONE',  ( -1.000000000000000000, -1.230300337572207330E-16, 0.000000000000000000 ) ) ;
#1319 = AXIS2_PLACEMENT_3D ( 'NONE', #81, #1452, #1086 ) ;
#1320 = LINE ( 'NONE', #88, #776 ) ;
#1321 = VERTEX_POINT ( 'NONE', #1524 ) ;
#1322 = EDGE_CURVE ( 'NONE', #1223, #244, #1358, .T. ) ;
#1323 = ADVANCED_FACE ( 'NONE', ( #418 ), #1202, .F. ) ;
#1324 = CARTESIAN_POINT ( 'NONE',  ( -5.577633906953673559, 20.50000000000000000, 18.00000000000000000 ) ) ;
#1325 = EDGE_LOOP ( 'NONE', ( #1531, #725, #628, #947, #1463, #23 ) ) ;
#1326 = ORIENTED_EDGE ( 'NONE', *, *, #924, .T. ) ;
#1327 = DIRECTION ( 'NONE',  ( 0.000000000000000000, 0.000000000000000000, -1.000000000000000000 ) ) ;
#1328 = AXIS2_PLACEMENT_3D ( 'NONE', #1468, #376, #845 ) ;
#1329 = EDGE_CURVE ( 'NONE', #1276, #1280, #175, .T. ) ;
#1330 = ORIENTED_EDGE ( 'NONE', *, *, #206, .T. ) ;
#1331 = DIRECTION ( 'NONE',  ( 0.000000000000000000, 1.000000000000000000, 0.000000000000000000 ) ) ;
#1332 = ORIENTED_EDGE ( 'NONE', *, *, #417, .T. ) ;
#1333 = VECTOR ( 'NONE', #44, 1000.000000000000000 ) ;
#1334 = DIRECTION ( 'NONE',  ( 1.000000000000000000, 0.000000000000000000, 2.891205793294679312E-16 ) ) ;
#1335 = DIRECTION ( 'NONE',  ( -1.000000000000000000, -0.000000000000000000, 0.000000000000000000 ) ) ;
#1336 = ORIENTED_EDGE ( 'NONE', *, *, #1527, .F. ) ;
#1337 = FACE_OUTER_BOUND ( 'NONE', #1388, .T. ) ;
#1338 = ORIENTED_EDGE ( 'NONE', *, *, #871, .F. ) ;
#1339 = LINE ( 'NONE', #339, #762 ) ;
#1340 = CARTESIAN_POINT ( 'NONE',  ( 0.000000000000000000, 20.50000000000000000, -17.50000000000000000 ) ) ;
#1341 = DIRECTION ( 'NONE',  ( 0.000000000000000000, 0.000000000000000000, 1.000000000000000000 ) ) ;
#1342 = EDGE_LOOP ( 'NONE', ( #365, #282, #1451, #49 ) ) ;
#1343 = ADVANCED_FACE ( 'NONE', ( #426 ), #1409, .F. ) ;
#1344 = CARTESIAN_POINT ( 'NONE',  ( 0.000000000000000000, 20.50000000000000000, 17.50000000000000000 ) ) ;
#1345 = COORDINATED_UNIVERSAL_TIME_OFFSET ( 5, 30, .AHEAD. ) ;
#1346 = DIRECTION ( 'NONE',  ( -1.000000000000000000, 0.000000000000000000, 0.000000000000000000 ) ) ;
#1347 = AXIS2_PLACEMENT_3D ( 'NONE', #455, #1334, #102 ) ;
#1348 = VECTOR ( 'NONE', #1067, 1000.000000000000000 ) ;
#1349 = EDGE_LOOP ( 'NONE', ( #927, #149, #302, #174 ) ) ;
#1350 = ORIENTED_EDGE ( 'NONE', *, *, #551, .T. ) ;
#1351 = DIRECTION ( 'NONE',  ( 0.000000000000000000, -1.000000000000000000, 0.000000000000000000 ) ) ;
#1352 = DIRECTION ( 'NONE',  ( -0.000000000000000000, -1.000000000000000000, 0.000000000000000000 ) ) ;
#1353 = LINE ( 'NONE', #1238, #936 ) ;
#1354 = CARTESIAN_POINT ( 'NONE',  ( 0.000000000000000000, 13.99999999999999822, 0.000000000000000000 ) ) ;
#1355 = CARTESIAN_POINT ( 'NONE',  ( 3.599999999999936584, 13.99999999999999822, 0.000000000000000000 ) ) ;
#1356 = PRODUCT_DEFINITION_FORMATION_WITH_SPECIFIED_SOURCE ( 'ANY', '', #1029, .NOT_KNOWN. ) ;
#1357 = EDGE_LOOP ( 'NONE', ( #1282, #1206 ) ) ;
#1358 = CIRCLE ( 'NONE', #640, 14.09999999999995879 ) ;
#1359 = FACE_OUTER_BOUND ( 'NONE', #1150, .T. ) ;
#1360 = DIRECTION ( 'NONE',  ( 0.000000000000000000, 1.000000000000000000, 0.000000000000000000 ) ) ;
#1361 = EDGE_CURVE ( 'NONE', #759, #1289, #436, .T. ) ;
#1362 = DATE_AND_TIME ( #1591, #794 ) ;
#1363 = LINE ( 'NONE', #758, #245 ) ;
#1364 = ORIENTED_EDGE ( 'NONE', *, *, #388, .T. ) ;
#1365 = ADVANCED_FACE ( 'NONE', ( #296 ), #1180, .F. ) ;
#1366 = DIRECTION ( 'NONE',  ( -1.000000000000000000, 0.000000000000000000, -0.000000000000000000 ) ) ;
#1367 = CARTESIAN_POINT ( 'NONE',  ( -3.599999999999970335, 15.51343613666569610, -17.50000000000000000 ) ) ;
#1368 = FACE_OUTER_BOUND ( 'NONE', #386, .T. ) ;
#1369 = EDGE_LOOP ( 'NONE', ( #1581, #60 ) ) ;
#1370 = VECTOR ( 'NONE', #275, 1000.000000000000000 ) ;
#1371 = EDGE_CURVE ( 'NONE', #735, #1091, #1258, .T. ) ;
#1372 = EDGE_CURVE ( 'NONE', #231, #937, #621, .T. ) ;
#1373 = CARTESIAN_POINT ( 'NONE',  ( 2.449293598294706414E-16, 20.50000000000000000, -15.50000000000000178 ) ) ;
#1374 = DIRECTION ( 'NONE',  ( 0.000000000000000000, -0.000000000000000000, -1.000000000000000000 ) ) ;
#1375 = VERTEX_POINT ( 'NONE', #458 ) ;
#1376 = LOCAL_TIME ( 18, 6, 23.00000000000000000, #676 ) ;
#1377 = ORIENTED_EDGE ( 'NONE', *, *, #649, .F. ) ;
#1378 = DIRECTION ( 'NONE',  ( 0.000000000000000000, 1.000000000000000000, -0.000000000000000000 ) ) ;
#1379 = ORIENTED_EDGE ( 'NONE', *, *, #164, .F. ) ;
#1380 = PLANE ( 'NONE',  #1521 ) ;
#1381 = LINE ( 'NONE', #1256, #1507 ) ;
#1382 = VECTOR ( 'NONE', #1093, 1000.000000000000000 ) ;
#1383 = ORIENTED_EDGE ( 'NONE', *, *, #889, .F. ) ;
#1384 = DIRECTION ( 'NONE',  ( 0.000000000000000000, 0.000000000000000000, 1.000000000000000000 ) ) ;
#1385 = CARTESIAN_POINT ( 'NONE',  ( 17.56925219810040417, 19.00000000000000000, 9.203719807714863421 ) ) ;
#1386 = DIRECTION ( 'NONE',  ( 0.000000000000000000, 1.000000000000000000, 0.000000000000000000 ) ) ;
#1387 = ADVANCED_FACE ( 'NONE', ( #948 ), #1240, .F. ) ;
#1388 = EDGE_LOOP ( 'NONE', ( #430, #422, #1561, #321 ) ) ;
#1389 = LINE ( 'NONE', #56, #1153 ) ;
#1390 = ORIENTED_EDGE ( 'NONE', *, *, #38, .T. ) ;
#1391 = CARTESIAN_POINT ( 'NONE',  ( 5.599999999999938360, 55.50000000000000000, 15.00000000000000000 ) ) ;
#1392 = VECTOR ( 'NONE', #51, 1000.000000000000000 ) ;
#1393 = DIRECTION ( 'NONE',  ( 0.000000000000000000, 0.000000000000000000, 1.000000000000000000 ) ) ;
#1394 = AXIS2_PLACEMENT_3D ( 'NONE', #1412, #671, #1540 ) ;
#1395 = ADVANCED_FACE ( 'NONE', ( #370 ), #123, .F. ) ;
#1396 = ORIENTED_EDGE ( 'NONE', *, *, #1564, .F. ) ;
#1397 = CARTESIAN_POINT ( 'NONE',  ( 0.000000000000000000, 19.00000000000000000, 15.50000000000000178 ) ) ;
#1398 = VERTEX_POINT ( 'NONE', #838 ) ;
#1399 = ORIENTED_EDGE ( 'NONE', *, *, #272, .T. ) ;
#1400 = CC_DESIGN_PERSON_AND_ORGANIZATION_ASSIGNMENT ( #802, #67, ( #997 ) ) ;
#1401 = LINE ( 'NONE', #696, #1348 ) ;
#1402 = LINE ( 'NONE', #1169, #1392 ) ;
#1403 = EDGE_CURVE ( 'NONE', #1214, #1315, #695, .T. ) ;
#1404 = FACE_BOUND ( 'NONE', #259, .T. ) ;
#1405 = VECTOR ( 'NONE', #132, 1000.000000000000000 ) ;
#1406 = EDGE_CURVE ( 'NONE', #1430, #1469, #1092, .T. ) ;
#1407 = LINE ( 'NONE', #1187, #73 ) ;
#1408 = VERTEX_POINT ( 'NONE', #1212 ) ;
#1409 = PLANE ( 'NONE',  #1063 ) ;
#1410 = PLANE ( 'NONE',  #32 ) ;
#1411 = ORIENTED_EDGE ( 'NONE', *, *, #261, .F. ) ;
#1412 = CARTESIAN_POINT ( 'NONE',  ( 0.000000000000000000, 19.00000000000000000, 17.50000000000000000 ) ) ;
#1413 = EDGE_CURVE ( 'NONE', #1503, #1555, #233, .T. ) ;
#1414 = ORIENTED_EDGE ( 'NONE', *, *, #1157, .F. ) ;
#1415 = ADVANCED_FACE ( 'NONE', ( #1108 ), #502, .T. ) ;
#1416 = AXIS2_PLACEMENT_3D ( 'NONE', #508, #1378, #1393 ) ;
#1417 = LINE ( 'NONE', #1069, #1161 ) ;
#1418 = EDGE_LOOP ( 'NONE', ( #1146, #392, #1316, #399 ) ) ;
#1419 = DIRECTION ( 'NONE',  ( -1.000000000000000000, -1.389704630069017130E-16, 0.000000000000000000 ) ) ;
#1420 = CARTESIAN_POINT ( 'NONE',  ( 0.000000000000000000, 17.50000000000000000, -18.00000000000000000 ) ) ;
#1421 = VERTEX_POINT ( 'NONE', #1229 ) ;
#1422 = LINE ( 'NONE', #317, #1193 ) ;
#1423 = ORIENTED_EDGE ( 'NONE', *, *, #664, .F. ) ;
#1424 = AXIS2_PLACEMENT_3D ( 'NONE', #356, #860, #1114 ) ;
#1425 = CYLINDRICAL_SURFACE ( 'NONE', #1241, 3.599999999999971223 ) ;
#1426 = ORIENTED_EDGE ( 'NONE', *, *, #1413, .T. ) ;
#1427 = CARTESIAN_POINT ( 'NONE',  ( 0.000000000000000000, 15.51343613666569787, 0.000000000000000000 ) ) ;
#1428 = LINE ( 'NONE', #681, #347 ) ;
#1429 = PERSON_AND_ORGANIZATION ( #521, #1171 ) ;
#1430 = VERTEX_POINT ( 'NONE', #992 ) ;
#1431 = AXIS2_PLACEMENT_3D ( 'NONE', #344, #830, #225 ) ;
#1432 = LINE ( 'NONE', #893, #632 ) ;
#1433 = EDGE_LOOP ( 'NONE', ( #577, #572, #135, #472, #953, #1383, #848, #89, #740, #306, #1130, #329, #105, #446, #564, #505, #617, #787, #283, #161, #594, #159, #1076, #1059, #654, #82 ) ) ;
#1434 = CARTESIAN_POINT ( 'NONE',  ( 0.000000000000000000, 13.99999999999999822, 17.50000000000000000 ) ) ;
#1435 = ORIENTED_EDGE ( 'NONE', *, *, #945, .F. ) ;
#1436 = DIRECTION ( 'NONE',  ( 0.000000000000000000, 0.000000000000000000, 1.000000000000000000 ) ) ;
#1437 = EDGE_CURVE ( 'NONE', #1557, #833, #249, .T. ) ;
#1438 = CARTESIAN_POINT ( 'NONE',  ( 19.56925219810040417, 15.51343613666569965, -23.79628019228514191 ) ) ;
#1439 = EDGE_CURVE ( 'NONE', #623, #917, #598, .T. ) ;
#1440 = DATE_AND_TIME ( #486, #1234 ) ;
#1441 = VERTEX_POINT ( 'NONE', #702 ) ;
#1442 = CARTESIAN_POINT ( 'NONE',  ( 0.000000000000000000, 19.00000000000000000, -17.50000000000000000 ) ) ;
#1443 = ORIENTED_EDGE ( 'NONE', *, *, #272, .F. ) ;
#1444 = CARTESIAN_POINT ( 'NONE',  ( 17.56925219810040417, 19.00000000000000000, -3.298553429276184719E-15 ) ) ;
#1445 = ORIENTED_EDGE ( 'NONE', *, *, #857, .F. ) ;
#1446 = VECTOR ( 'NONE', #866, 1000.000000000000000 ) ;
#1447 = CARTESIAN_POINT ( 'NONE',  ( 0.000000000000000000, 15.51343613666569610, -17.50000000000000000 ) ) ;
#1448 = EDGE_CURVE ( 'NONE', #937, #813, #1080, .T. ) ;
#1449 = AXIS2_PLACEMENT_3D ( 'NONE', #61, #532, #553 ) ;
#1450 = CARTESIAN_POINT ( 'NONE',  ( 19.56925219810040062, 15.51343613666570143, -18.00000000000000000 ) ) ;
#1451 = ORIENTED_EDGE ( 'NONE', *, *, #423, .F. ) ;
#1452 = DIRECTION ( 'NONE',  ( -1.000000000000000000, 0.000000000000000000, 1.543383232444437376E-16 ) ) ;
#1453 = PRODUCT_RELATED_PRODUCT_CATEGORY ( 'detail', '', ( #1029 ) ) ;
#1454 = ORIENTED_EDGE ( 'NONE', *, *, #707, .F. ) ;
#1455 = CARTESIAN_POINT ( 'NONE',  ( 2.449293598294703949E-16, 20.50000000000000000, 19.50000000000000355 ) ) ;
#1456 = APPROVAL ( #566, 'UNSPECIFIED' ) ;
#1457 = DIRECTION ( 'NONE',  ( 0.000000000000000000, 0.000000000000000000, 1.000000000000000000 ) ) ;
#1458 = ORIENTED_EDGE ( 'NONE', *, *, #1275, .T. ) ;
#1459 = DIRECTION ( 'NONE',  ( 0.000000000000000000, 0.000000000000000000, -1.000000000000000000 ) ) ;
#1460 =( GEOMETRIC_REPRESENTATION_CONTEXT ( 3 ) GLOBAL_UNCERTAINTY_ASSIGNED_CONTEXT ( ( #529 ) ) GLOBAL_UNIT_ASSIGNED_CONTEXT ( ( #293, #421, #912 ) ) REPRESENTATION_CONTEXT ( 'NONE', 'WORKASPACE' ) );
#1461 = CARTESIAN_POINT ( 'NONE',  ( 0.000000000000000000, 13.99999999999999822, 21.09999999999993747 ) ) ;
#1462 = ADVANCED_FACE ( 'NONE', ( #1337 ), #967, .T. ) ;
#1463 = ORIENTED_EDGE ( 'NONE', *, *, #649, .T. ) ;
#1464 = AXIS2_PLACEMENT_3D ( 'NONE', #273, #739, #977 ) ;
#1465 = DIRECTION ( 'NONE',  ( 0.000000000000000000, 1.000000000000000000, 0.000000000000000000 ) ) ;
#1466 = CARTESIAN_POINT ( 'NONE',  ( 0.000000000000000000, 15.51343613666569610, 21.09999999999993747 ) ) ;
#1467 = ORIENTED_EDGE ( 'NONE', *, *, #152, .F. ) ;
#1468 = CARTESIAN_POINT ( 'NONE',  ( -16.09999999999995879, 55.50000000000000000, 15.00000000000000000 ) ) ;
#1469 = VERTEX_POINT ( 'NONE', #582 ) ;
#1470 = ORIENTED_EDGE ( 'NONE', *, *, #780, .F. ) ;
#1471 = PLANE ( 'NONE',  #809 ) ;
#1472 = ADVANCED_FACE ( 'NONE', ( #1573 ), #731, .F. ) ;
#1473 = CARTESIAN_POINT ( 'NONE',  ( -16.09999999999995879, 17.50000000000000000, 0.000000000000000000 ) ) ;
#1474 = CARTESIAN_POINT ( 'NONE',  ( 0.000000000000000000, 20.50000000000000000, -17.50000000000000000 ) ) ;
#1475 = DIRECTION ( 'NONE',  ( 0.000000000000000000, 1.000000000000000000, 0.000000000000000000 ) ) ;
#1476 = DIRECTION ( 'NONE',  ( -1.000000000000000000, 0.000000000000000000, 0.000000000000000000 ) ) ;
#1477 = EDGE_LOOP ( 'NONE', ( #210, #541, #1443, #373 ) ) ;
#1478 = CARTESIAN_POINT ( 'NONE',  ( -16.09999999999995879, 55.50000000000000000, 18.00000000000000000 ) ) ;
#1479 = CARTESIAN_POINT ( 'NONE',  ( 0.000000000000000000, 20.50000000000000000, -17.50000000000000000 ) ) ;
#1480 = CARTESIAN_POINT ( 'NONE',  ( -7.700000000000039257, 19.00000000000000000, 5.036784605883435795 ) ) ;
#1481 = PERSON_AND_ORGANIZATION_ROLE ( 'classification_officer' ) ;
#1482 = DIRECTION ( 'NONE',  ( 0.000000000000000000, -1.000000000000000000, 0.000000000000000000 ) ) ;
#1483 = VECTOR ( 'NONE', #1386, 1000.000000000000000 ) ;
#1484 = EDGE_LOOP ( 'NONE', ( #1292, #1423, #892, #109 ) ) ;
#1485 = DIRECTION ( 'NONE',  ( 0.000000000000000000, 0.000000000000000000, 1.000000000000000000 ) ) ;
#1486 = VECTOR ( 'NONE', #192, 1000.000000000000000 ) ;
#1487 = DIRECTION ( 'NONE',  ( -1.000000000000000000, 0.000000000000000000, 0.000000000000000000 ) ) ;
#1488 = DIRECTION ( 'NONE',  ( 0.000000000000000000, 0.000000000000000000, 1.000000000000000000 ) ) ;
#1489 = ADVANCED_FACE ( 'NONE', ( #114 ), #714, .T. ) ;
#1490 = ADVANCED_FACE ( 'NONE', ( #591 ), #485, .T. ) ;
#1491 = ORIENTED_EDGE ( 'NONE', *, *, #889, .T. ) ;
#1492 = VERTEX_POINT ( 'NONE', #1480 ) ;
#1493 = CARTESIAN_POINT ( 'NONE',  ( 10.68183231946076006, 13.99999999999999822, 9.203719807714863421 ) ) ;
#1494 = LINE ( 'NONE', #1125, #196 ) ;
#1495 = DIRECTION ( 'NONE',  ( 0.000000000000000000, 1.000000000000000000, -0.000000000000000000 ) ) ;
#1496 = EDGE_LOOP ( 'NONE', ( #1435, #688, #75, #1593 ) ) ;
#1497 = CIRCLE ( 'NONE', #1514, 3.599999999999936584 ) ;
#1498 = LINE ( 'NONE', #158, #1370 ) ;
#1499 = DIRECTION ( 'NONE',  ( -1.000000000000000000, 0.000000000000000000, 1.543383232444437376E-16 ) ) ;
#1500 = EDGE_LOOP ( 'NONE', ( #913, #1364, #1338, #251 ) ) ;
#1501 = LINE ( 'NONE', #650, #264 ) ;
#1502 = SECURITY_CLASSIFICATION ( '', '', #1230 ) ;
#1503 = VERTEX_POINT ( 'NONE', #1117 ) ;
#1504 = EDGE_CURVE ( 'NONE', #813, #706, #619, .T. ) ;
#1505 = LINE ( 'NONE', #396, #820 ) ;
#1506 = CARTESIAN_POINT ( 'NONE',  ( 19.56925219810040062, 55.50000000000000000, -18.00000000000000000 ) ) ;
#1507 = VECTOR ( 'NONE', #733, 1000.000000000000000 ) ;
#1508 = ORIENTED_EDGE ( 'NONE', *, *, #1183, .F. ) ;
#1509 = ADVANCED_FACE ( 'NONE', ( #28 ), #1380, .F. ) ;
#1510 = CARTESIAN_POINT ( 'NONE',  ( 0.000000000000000000, 20.50000000000000000, 17.50000000000000000 ) ) ;
#1511 = CARTESIAN_POINT ( 'NONE',  ( -3.599999999999936584, 13.99999999999999822, -13.63268132100208874 ) ) ;
#1512 = DIRECTION ( 'NONE',  ( 0.000000000000000000, -1.000000000000000000, 0.000000000000000000 ) ) ;
#1513 = LINE ( 'NONE', #675, #419 ) ;
#1514 = AXIS2_PLACEMENT_3D ( 'NONE', #94, #964, #218 ) ;
#1515 = PLANE ( 'NONE',  #1449 ) ;
#1516 = EDGE_CURVE ( 'NONE', #1375, #639, #1126, .T. ) ;
#1517 = EDGE_CURVE ( 'NONE', #1028, #1557, #1505, .T. ) ;
#1518 = DIRECTION ( 'NONE',  ( -0.000000000000000000, -0.000000000000000000, 1.000000000000000000 ) ) ;
#1519 = CARTESIAN_POINT ( 'NONE',  ( -3.599999999999936584, 15.51343613666569610, 0.000000000000000000 ) ) ;
#1520 = DIRECTION ( 'NONE',  ( -1.543383232444437376E-16, 0.000000000000000000, -1.000000000000000000 ) ) ;
#1521 = AXIS2_PLACEMENT_3D ( 'NONE', #746, #767, #37 ) ;
#1522 = CIRCLE ( 'NONE', #822, 2.000000000000001776 ) ;
#1523 = CARTESIAN_POINT ( 'NONE',  ( -7.700000000000039257, 20.50000000000000000, 5.036784605883435795 ) ) ;
#1524 = CARTESIAN_POINT ( 'NONE',  ( 3.599999999999936584, 15.51343613666569787, 13.63268132100208874 ) ) ;
#1525 = DIRECTION ( 'NONE',  ( 1.000000000000000000, 0.000000000000000000, 0.000000000000000000 ) ) ;
#1526 = DIRECTION ( 'NONE',  ( -0.000000000000000000, -1.000000000000000000, -0.000000000000000000 ) ) ;
#1527 = EDGE_CURVE ( 'NONE', #633, #757, #383, .T. ) ;
#1528 = ADVANCED_FACE ( 'NONE', ( #276 ), #1105, .T. ) ;
#1529 = DIRECTION ( 'NONE',  ( 1.000000000000000000, 0.000000000000000000, 0.000000000000000000 ) ) ;
#1530 = VECTOR ( 'NONE', #1419, 1000.000000000000000 ) ;
#1531 = ORIENTED_EDGE ( 'NONE', *, *, #1558, .F. ) ;
#1532 = LINE ( 'NONE', #424, #431 ) ;
#1533 = ORIENTED_EDGE ( 'NONE', *, *, #1128, .T. ) ;
#1534 = CARTESIAN_POINT ( 'NONE',  ( -3.599999999999603517, 19.00000000000000000, -17.49999830211801211 ) ) ;
#1535 = ORIENTED_EDGE ( 'NONE', *, *, #722, .T. ) ;
#1536 = DIRECTION ( 'NONE',  ( 2.891205793294679312E-16, 0.000000000000000000, 1.000000000000000000 ) ) ;
#1537 = CARTESIAN_POINT ( 'NONE',  ( 19.56925219810040062, 55.50000000000000000, 18.00000000000000000 ) ) ;
#1538 = APPROVAL_STATUS ( 'not_yet_approved' ) ;
#1539 = ORIENTED_EDGE ( 'NONE', *, *, #285, .T. ) ;
#1540 = DIRECTION ( 'NONE',  ( 0.000000000000000000, 0.000000000000000000, 1.000000000000000000 ) ) ;
#1541 = ORIENTED_EDGE ( 'NONE', *, *, #5, .T. ) ;
#1542 = CIRCLE ( 'NONE', #1023, 3.599999999999971223 ) ;
#1543 = ORIENTED_EDGE ( 'NONE', *, *, #3, .T. ) ;
#1544 = CARTESIAN_POINT ( 'NONE',  ( 0.000000000000000000, 19.00000000000000000, -17.50000000000000000 ) ) ;
#1545 = APPROVAL_ROLE ( '' ) ;
#1546 = EDGE_LOOP ( 'NONE', ( #517, #31, #1009, #1201 ) ) ;
#1547 = DIRECTION ( 'NONE',  ( -1.000000000000000000, 0.000000000000000000, 0.000000000000000000 ) ) ;
#1548 = EDGE_LOOP ( 'NONE', ( #452, #1216, #1160, #882 ) ) ;
#1549 = VECTOR ( 'NONE', #1475, 1000.000000000000000 ) ;
#1550 = CARTESIAN_POINT ( 'NONE',  ( 0.000000000000000000, 19.00000000000000000, 17.50000000000000000 ) ) ;
#1551 = ADVANCED_FACE ( 'NONE', ( #497 ), #1235, .F. ) ;
#1552 = VERTEX_POINT ( 'NONE', #980 ) ;
#1553 = DIRECTION ( 'NONE',  ( 0.000000000000000000, 0.000000000000000000, 1.000000000000000000 ) ) ;
#1554 = APPROVAL_ROLE ( '' ) ;
#1555 = VERTEX_POINT ( 'NONE', #1478 ) ;
#1556 = CARTESIAN_POINT ( 'NONE',  ( -7.700000000000040146, 20.50000000000000000, -5.424953531142940612E-16 ) ) ;
#1557 = VERTEX_POINT ( 'NONE', #143 ) ;
#1558 = EDGE_CURVE ( 'NONE', #1272, #1274, #1132, .T. ) ;
#1559 = CARTESIAN_POINT ( 'NONE',  ( -5.577633906953678000, 17.50000000000000000, -17.99999999999997513 ) ) ;
#1560 = DIRECTION ( 'NONE',  ( 0.000000000000000000, 0.000000000000000000, 1.000000000000000000 ) ) ;
#1561 = ORIENTED_EDGE ( 'NONE', *, *, #5, .F. ) ;
#1562 = DIRECTION ( 'NONE',  ( 0.000000000000000000, 0.000000000000000000, 1.000000000000000000 ) ) ;
#1563 = DIRECTION ( 'NONE',  ( 0.000000000000000000, 0.000000000000000000, -1.000000000000000000 ) ) ;
#1564 = EDGE_CURVE ( 'NONE', #1315, #833, #1501, .T. ) ;
#1565 = ORIENTED_EDGE ( 'NONE', *, *, #498, .T. ) ;
#1566 = CARTESIAN_POINT ( 'NONE',  ( 5.577633906953674447, 15.51343613666569787, 17.99999999999999645 ) ) ;
#1567 = VERTEX_POINT ( 'NONE', #41 ) ;
#1568 = CARTESIAN_POINT ( 'NONE',  ( 5.599999999999937472, 55.50000000000000000, 18.00000000000000000 ) ) ;
#1569 = ADVANCED_FACE ( 'NONE', ( #891 ), #1036, .F. ) ;
#1570 = DIRECTION ( 'NONE',  ( -1.000000000000000000, 0.000000000000000000, 0.000000000000000000 ) ) ;
#1571 = ORIENTED_EDGE ( 'NONE', *, *, #1137, .F. ) ;
#1572 = AXIS2_PLACEMENT_3D ( 'NONE', #990, #1012, #1485 ) ;
#1573 = FACE_OUTER_BOUND ( 'NONE', #894, .T. ) ;
#1574 = CYLINDRICAL_SURFACE ( 'NONE', #798, 14.09999999999995879 ) ;
#1575 = EDGE_CURVE ( 'NONE', #1, #943, #1026, .T. ) ;
#1576 = ORIENTED_EDGE ( 'NONE', *, *, #1361, .T. ) ;
#1577 = PLANE ( 'NONE',  #685 ) ;
#1578 = FACE_OUTER_BOUND ( 'NONE', #461, .T. ) ;
#1579 = CARTESIAN_POINT ( 'NONE',  ( 17.56925219810040062, 19.00000000000000000, -9.275771215772826039 ) ) ;
#1580 = CARTESIAN_POINT ( 'NONE',  ( 0.000000000000000000, 20.50000000000000000, 0.000000000000000000 ) ) ;
#1581 = ORIENTED_EDGE ( 'NONE', *, *, #1372, .T. ) ;
#1582 = DIRECTION ( 'NONE',  ( -0.000000000000000000, -1.000000000000000000, -0.000000000000000000 ) ) ;
#1583 = EDGE_LOOP ( 'NONE', ( #921, #1224, #1300, #988 ) ) ;
#1584 = EDGE_CURVE ( 'NONE', #404, #1223, #1147, .T. ) ;
#1585 = EDGE_CURVE ( 'NONE', #795, #488, #410, .T. ) ;
#1586 = AXIS2_PLACEMENT_3D ( 'NONE', #1249, #1110, #1118 ) ;
#1587 = CARTESIAN_POINT ( 'NONE',  ( 5.599999999999937472, 20.50000000000000000, 18.00000000000000000 ) ) ;
#1588 = CARTESIAN_POINT ( 'NONE',  ( -5.599999999999938360, 20.50000000000000000, 15.00000000000000000 ) ) ;
#1589 = DIRECTION ( 'NONE',  ( -0.000000000000000000, -1.000000000000000000, -0.000000000000000000 ) ) ;
#1590 = CARTESIAN_POINT ( 'NONE',  ( 0.000000000000000000, 20.50000000000000000, -17.50000000000000000 ) ) ;
#1591 = CALENDAR_DATE ( 2026, 20, 6 ) ;
#1592 = DIRECTION ( 'NONE',  ( 1.877458068268167797E-16, 0.000000000000000000, 1.000000000000000000 ) ) ;
#1593 = ORIENTED_EDGE ( 'NONE', *, *, #1371, .T. ) ;
#1594 = DIRECTION ( 'NONE',  ( 0.000000000000000000, 0.000000000000000000, 1.000000000000000000 ) ) ;
#1595 = CARTESIAN_POINT ( 'NONE',  ( 5.599999999999937472, 55.50000000000000000, 18.00000000000000000 ) ) ;
#1596 = DIRECTION ( 'NONE',  ( 0.000000000000000000, 0.000000000000000000, 1.000000000000000000 ) ) ;
#1597 = CARTESIAN_POINT ( 'NONE',  ( 0.000000000000000000, 20.50000000000000000, -15.00000000000000000 ) ) ;
#1598 = VECTOR ( 'NONE', #1189, 1000.000000000000000 ) ;
#1599 = VECTOR ( 'NONE', #1306, 1000.000000000000000 ) ;
ENDSEC;
END-ISO-10303-21;
